{"type":"FeatureCollection","features":[{"type":"Feature","geometry":{"type":"Point","coordinates":[7.148052294713108,-7.53604833855929]},"properties":{"color":"#191970","ordinal":"1st","radius_px":9.0,"authors":"Josep Pe\u00f1uelas, Shuli Niu, Dashuan Tian, Jun Wang, Yiqi Luo","n_members":822,"n_papers":404,"topic_id":0,"community_id":71}},{"type":"Feature","geometry":{"type":"Point","coordinates":[6.974769788437183,-7.523867766018632]},"properties":{"color":"#2F4F4F","ordinal":"2nd","radius_px":9.0,"authors":"Nico Eisenhauer, Markus Fischer, Yvonne Oelmann, Daniel Prati, Valentin H. Klaus","n_members":665,"n_papers":223,"topic_id":0,"community_id":52}},{"type":"Feature","geometry":{"type":"Point","coordinates":[7.231480204671502,-7.809224748015664]},"properties":{"color":"#556B2F","ordinal":"3rd","radius_px":9.0,"authors":"Wei Zhang, Yuji Jiang, Lijun Chen, Bo Sun, Manqiang Liu","n_members":631,"n_papers":284,"topic_id":0,"community_id":31}},{"type":"Feature","geometry":{"type":"Point","coordinates":[7.225398173618076,-7.966762450576892]},"properties":{"color":"#483D8B","ordinal":"4th","radius_px":9.0,"authors":"Zimin Wei, Yue Zhao, Yuquan Wei, Jie Li, Junqiu Wu","n_members":587,"n_papers":319,"topic_id":0,"community_id":69}},{"type":"Feature","geometry":{"type":"Point","coordinates":[6.754055557574488,-7.1443128429174045]},"properties":{"color":"#708090","ordinal":"5th","radius_px":9.0,"authors":"Eric W. Seabloom, Yann Hautier, Elizabeth T. Borer, James B. Grace, Andrew S. MacDougall","n_members":563,"n_papers":228,"topic_id":0,"community_id":19}},{"type":"Feature","geometry":{"type":"Point","coordinates":[-6.376568207627472,-4.915865470506699]},"properties":{"color":"#191970","ordinal":"1st","radius_px":9.0,"authors":"Rafael Chaves, Fabio Sciarrino, Gonzalo Carvacho, Davide Poderini, Iris Agresti","n_members":42,"n_papers":23,"topic_id":1,"community_id":2}},{"type":"Feature","geometry":{"type":"Point","coordinates":[-8.2106359384222,-5.326893270464395]},"properties":{"color":"#2F4F4F","ordinal":"2nd","radius_px":9.0,"authors":"Elie Wolfe, Robert W. Spekkens, David Schmid, Jonathan Barrett, Kevin J. Resch","n_members":35,"n_papers":21,"topic_id":1,"community_id":0}},{"type":"Feature","geometry":{"type":"Point","coordinates":[-8.189620770338692,-5.250749626314428]},"properties":{"color":"#556B2F","ordinal":"3rd","radius_px":9.0,"authors":"Yu-Huai Li, Jian-Wei Pan, Qiang Zhang, Yang Liu, Ad\u00e1n Cabello","n_members":31,"n_papers":5,"topic_id":1,"community_id":7}},{"type":"Feature","geometry":{"type":"Point","coordinates":[-7.282075107282488,-5.9617400883620775]},"properties":{"color":"#483D8B","ordinal":"4th","radius_px":9.0,"authors":"Andrea Al\u00f9, Michael R. Haberman, Kangkang Wang, Jing Lu, Sipei Zhao","n_members":24,"n_papers":15,"topic_id":1,"community_id":4}},{"type":"Feature","geometry":{"type":"Point","coordinates":[-8.206256270681159,-5.310637234925579]},"properties":{"color":"#708090","ordinal":"5th","radius_px":9.0,"authors":"Nicolas Brunner, Daniel Cavalcanti, Valerio Scarani, Nicolas Gisin, Mafalda L Almeida","n_members":20,"n_papers":16,"topic_id":1,"community_id":1}},{"type":"Feature","geometry":{"type":"Point","coordinates":[5.502334904846855,3.0784975854997927]},"properties":{"color":"#191970","ordinal":"1st","radius_px":9.0,"authors":"Menale Kassie, Solomon Asfaw, Bekele Shiferaw, Moti Jaleta, Di Zeng","n_members":157,"n_papers":82,"topic_id":2,"community_id":19}},{"type":"Feature","geometry":{"type":"Point","coordinates":[5.30995808187385,3.2533362001619706]},"properties":{"color":"#2F4F4F","ordinal":"2nd","radius_px":9.0,"authors":"Tahirou Abdoulaye, Bola Amoke Awotide, Victor Manyong, Julius Manda, Kehinde Oluseyi Olagunju","n_members":135,"n_papers":62,"topic_id":2,"community_id":21}},{"type":"Feature","geometry":{"type":"Point","coordinates":[5.470537185205248,3.112008262648816]},"properties":{"color":"#556B2F","ordinal":"3rd","radius_px":9.0,"authors":"Johannes Sauer, David Wuepper, Yali Wen, Han Zhang, Qian Lu","n_members":116,"n_papers":54,"topic_id":2,"community_id":4}},{"type":"Feature","geometry":{"type":"Point","coordinates":[5.588197415856951,3.1834516614680024]},"properties":{"color":"#483D8B","ordinal":"4th","radius_px":9.0,"authors":"Azhar Abbas, Muhammad Usman, Feng Ye, Wenmei Liao, Shamsheer ul Haq","n_members":106,"n_papers":44,"topic_id":2,"community_id":11}},{"type":"Feature","geometry":{"type":"Point","coordinates":[5.2855570365775,2.8022064827058464]},"properties":{"color":"#708090","ordinal":"5th","radius_px":9.0,"authors":"Songqing Jin, Klaus Deininger, Lenis Saweda O. Liverpool-Tasie, Lili Li, Sandra T. Marquart-Pyatt","n_members":106,"n_papers":53,"topic_id":2,"community_id":25}},{"type":"Feature","geometry":{"type":"Point","coordinates":[-4.419003532656588,-2.4986471538663]},"properties":{"color":"#191970","ordinal":"1st","radius_px":9.0,"authors":"Michael R. Waldmann, York Hagmayer, Aaron P. Blaisdell, Jana Samland, Magda Osman","n_members":8,"n_papers":12,"topic_id":3,"community_id":0}},{"type":"Feature","geometry":{"type":"Point","coordinates":[-4.653755484689264,-2.3383959202329088]},"properties":{"color":"#2F4F4F","ordinal":"2nd","radius_px":9.0,"authors":"Jonathan F. Kominsky, David Lagnado, Tobias Gerstenberg, Jonathan Phillips, Joshua Knobe","n_members":8,"n_papers":5,"topic_id":3,"community_id":1}},{"type":"Feature","geometry":{"type":"Point","coordinates":[-4.390979823009221,-2.355315262449896]},"properties":{"color":"#556B2F","ordinal":"3rd","radius_px":9.0,"authors":"Thomas Icard, Juan D. Correa, Duligur Ibeling, Elias Bareinboim, Lara Kirfel","n_members":5,"n_papers":2,"topic_id":3,"community_id":2}},{"type":"Feature","geometry":{"type":"Point","coordinates":[-4.345154563631811,-2.3483090598641576]},"properties":{"color":"#483D8B","ordinal":"4th","radius_px":9.0,"authors":"Steven A. Sloman, David A. Lagnado, York Hagmaye, Daniel Mochon","n_members":4,"n_papers":5,"topic_id":3,"community_id":3}},{"type":"Feature","geometry":{"type":"Point","coordinates":[-4.339453510838467,-2.3287360781736397]},"properties":{"color":"#708090","ordinal":"5th","radius_px":9.0,"authors":"Steven Sloman, Aron K. Barbey, Jared M. Hotaling","n_members":3,"n_papers":6,"topic_id":3,"community_id":4}},{"type":"Feature","geometry":{"type":"Point","coordinates":[6.511275131929563,7.850170492600366]},"properties":{"color":"#191970","ordinal":"1st","radius_px":9.0,"authors":"Tomiwa Sunday Adebayo, Dervis Kirikkaleli, Abraham Ayobamiji Awosusi, Mehmet Altunta\u015f, Seyi Saint Akadiri","n_members":261,"n_papers":324,"topic_id":4,"community_id":15}},{"type":"Feature","geometry":{"type":"Point","coordinates":[6.54273026006969,7.877661052822737]},"properties":{"color":"#2F4F4F","ordinal":"2nd","radius_px":9.0,"authors":"Muhammad Usman, Muntasir Murshed, Magdalena Radulescu, Daniel Balsalobre-Lorente, Haider Mahmood","n_members":199,"n_papers":191,"topic_id":4,"community_id":3}},{"type":"Feature","geometry":{"type":"Point","coordinates":[6.512992217045427,7.875286302093586]},"properties":{"color":"#556B2F","ordinal":"3rd","radius_px":9.0,"authors":"Muhammad Shahbaz, Arshian Sharif, Avik Sinha, Asif Razzaq, Sahar Afshan","n_members":197,"n_papers":200,"topic_id":4,"community_id":17}},{"type":"Feature","geometry":{"type":"Point","coordinates":[6.592827043846708,7.920703753755976]},"properties":{"color":"#483D8B","ordinal":"4th","radius_px":9.0,"authors":"Festus Victor Bekun, Andrew Adewale Alola, Samuel Asumadu Sarkodie, Bright Akwasi Gyamfi, Festus Fatai Adedoyin","n_members":168,"n_papers":208,"topic_id":4,"community_id":1}},{"type":"Feature","geometry":{"type":"Point","coordinates":[6.4546388404957336,7.948489437982634]},"properties":{"color":"#708090","ordinal":"5th","radius_px":9.0,"authors":"Zahoor Ahmed, Zhaohua Wang, None Danish, Bo Wang, Muhammad Wasif Zafar","n_members":166,"n_papers":119,"topic_id":4,"community_id":7}},{"type":"Feature","geometry":{"type":"Point","coordinates":[-2.1284436330923735,-5.264385318421223]},"properties":{"color":"#191970","ordinal":"1st","radius_px":9.0,"authors":"Karl J. Friston, Klaas E. Stephan, Rosalyn J. Moran, Marta I. Garrido, Stefan Fr\u00e4ssle","n_members":437,"n_papers":271,"topic_id":5,"community_id":10}},{"type":"Feature","geometry":{"type":"Point","coordinates":[-2.1167267285677767,-5.411707506514732]},"properties":{"color":"#2F4F4F","ordinal":"2nd","radius_px":9.0,"authors":"Huafu Chen, Wei Liao, Guangming Lu, Zhiqiang Zhang, Yong Zhang","n_members":329,"n_papers":108,"topic_id":5,"community_id":50}},{"type":"Feature","geometry":{"type":"Point","coordinates":[-2.1073267882540105,-5.405027797757516]},"properties":{"color":"#556B2F","ordinal":"3rd","radius_px":9.0,"authors":"Karl Friston, Daniele Marinazzo, Karl J Friston, Dimitris Pinotsis, Frederik Van de Steen","n_members":315,"n_papers":169,"topic_id":5,"community_id":9}},{"type":"Feature","geometry":{"type":"Point","coordinates":[-2.2857013874897203,-5.344185198137613]},"properties":{"color":"#483D8B","ordinal":"4th","radius_px":9.0,"authors":"Mingzhou Ding, Jie Tian, Yijun Liu, Steven L. Bressler, Behtash Babadi","n_members":276,"n_papers":104,"topic_id":5,"community_id":13}},{"type":"Feature","geometry":{"type":"Point","coordinates":[-2.007630597518393,-5.232794116789141]},"properties":{"color":"#708090","ordinal":"5th","radius_px":9.0,"authors":"Gopikrishna Deshpande, Alvaro Pascual-Leone, Ki Sueng Choi, Patricio Riva-Posse, Andrew Zalesky","n_members":256,"n_papers":70,"topic_id":5,"community_id":38}},{"type":"Feature","geometry":{"type":"Point","coordinates":[1.4097526506366211,-9.389858145404103]},"properties":{"color":"#191970","ordinal":"1st","radius_px":9.0,"authors":"Lei Zhang, Wei Li, Jun Liu, Wei Liu, Yue Li","n_members":620,"n_papers":165,"topic_id":6,"community_id":33}},{"type":"Feature","geometry":{"type":"Point","coordinates":[1.494751803545589,-9.136914702967486]},"properties":{"color":"#2F4F4F","ordinal":"2nd","radius_px":9.0,"authors":"Abbas Dehghan, Christian Gieger, Philippe Amouyel, Wolfgang Koenig, Paul Elliott","n_members":600,"n_papers":160,"topic_id":6,"community_id":6}},{"type":"Feature","geometry":{"type":"Point","coordinates":[1.5610012950631853,-9.216004777120629]},"properties":{"color":"#556B2F","ordinal":"3rd","radius_px":9.0,"authors":"George Davey Smith, Stephen Burgess, Kristian Hveem, Richard M. Martin, Jie Zheng","n_members":565,"n_papers":218,"topic_id":6,"community_id":2}},{"type":"Feature","geometry":{"type":"Point","coordinates":[1.3934795543162037,-9.221254352101536]},"properties":{"color":"#483D8B","ordinal":"4th","radius_px":9.0,"authors":"Peng Xu, Ke Xu, Mingyi Yang, Li Wang, Lin Liu","n_members":527,"n_papers":166,"topic_id":6,"community_id":62}},{"type":"Feature","geometry":{"type":"Point","coordinates":[1.7365402272926471,-9.34984677387641]},"properties":{"color":"#708090","ordinal":"5th","radius_px":9.0,"authors":"Graham G. Giles, Stephen J. Chanock, Elio Riboli, Marc J. Gunter, Demetrius Albanes","n_members":486,"n_papers":126,"topic_id":6,"community_id":5}},{"type":"Feature","geometry":{"type":"Point","coordinates":[4.69656932444653,-0.45476551819480093]},"properties":{"color":"#191970","ordinal":"1st","radius_px":9.0,"authors":"Herbert W. Marsh, Bengt Muth\u00e9n, Oliver L\u00fcdtke, Benjamin Nagengast, Tihomir Asparouhov","n_members":114,"n_papers":151,"topic_id":7,"community_id":20}},{"type":"Feature","geometry":{"type":"Point","coordinates":[4.981699012804828,-0.2530671794686078]},"properties":{"color":"#2F4F4F","ordinal":"2nd","radius_px":9.0,"authors":"Marko Sarstedt, Christian M. Ringle, Joseph F. Hair, Jun-Hwa Cheah, G. Tomas M. Hult","n_members":111,"n_papers":130,"topic_id":7,"community_id":11}},{"type":"Feature","geometry":{"type":"Point","coordinates":[5.075943320710629,-0.7578544309259923]},"properties":{"color":"#556B2F","ordinal":"3rd","radius_px":9.0,"authors":"Kenneth A. Bollen, Fan Yang-Wallentin, Patrick J. Curran, Terry E. Duncan, Kathleen M. Gates","n_members":91,"n_papers":90,"topic_id":7,"community_id":17}},{"type":"Feature","geometry":{"type":"Point","coordinates":[4.816391046057386,-0.8399099110742313]},"properties":{"color":"#483D8B","ordinal":"4th","radius_px":9.0,"authors":"Kevin J. Grimm, John J. McArdle, Andreas M. Brandmaier, Timo von Oertzen, Ross Jacobucci","n_members":89,"n_papers":113,"topic_id":7,"community_id":1}},{"type":"Feature","geometry":{"type":"Point","coordinates":[4.369855356807888,-0.8207192835132787]},"properties":{"color":"#708090","ordinal":"5th","radius_px":9.0,"authors":"Yves Rosseel, Herbert Hoijtink, Rens van de Schoot, Caspar J. Van Lissa, Kim De Roover","n_members":58,"n_papers":59,"topic_id":7,"community_id":4}},{"type":"Feature","geometry":{"type":"Point","coordinates":[-4.337251569316489,10.707832836350448]},"properties":{"color":"#191970","ordinal":"1st","radius_px":9.0,"authors":"Abror Abror, Vanessa Gaffar, Dina Patrisia, Yunita Engriani, Mukhamad Najib","n_members":96,"n_papers":39,"topic_id":8,"community_id":4}},{"type":"Feature","geometry":{"type":"Point","coordinates":[-4.350835528730692,10.469174515679184]},"properties":{"color":"#2F4F4F","ordinal":"2nd","radius_px":9.0,"authors":"Heesup Han, Xiaoting Chi, Wansoo Kim, Xin Cheng, Hyungseo Bobby Ryu","n_members":96,"n_papers":65,"topic_id":8,"community_id":17}},{"type":"Feature","geometry":{"type":"Point","coordinates":[-4.334071659765381,10.478672142726307]},"properties":{"color":"#556B2F","ordinal":"3rd","radius_px":9.0,"authors":"Choong-Ki Lee, Myung Ja Kim, C. Michael Hall, Yvette Reisinger, Ohbyung Kwon","n_members":95,"n_papers":51,"topic_id":8,"community_id":6}},{"type":"Feature","geometry":{"type":"Point","coordinates":[-4.40883448130134,10.496280520380811]},"properties":{"color":"#483D8B","ordinal":"4th","radius_px":9.0,"authors":"Kyle Maurice Woosnam, Manuel Alector Ribeiro, Kyle M. Woosnam, Ghazali Musa, B. Bynum Boley","n_members":92,"n_papers":53,"topic_id":8,"community_id":8}},{"type":"Feature","geometry":{"type":"Point","coordinates":[-4.4924281835325415,10.253286834965888]},"properties":{"color":"#708090","ordinal":"5th","radius_px":9.0,"authors":"Jie Zhang, Sifeng Nian, Honglei Zhang, Chunhui Zheng, Min Chen","n_members":88,"n_papers":43,"topic_id":8,"community_id":23}},{"type":"Feature","geometry":{"type":"Point","coordinates":[-1.3749762276432496,3.6066704905744356]},"properties":{"color":"#191970","ordinal":"1st","radius_px":9.0,"authors":"Waleed Mugahed Al-Rahmi, Noraffandy Yahaya, Ahmad Samed Al-Adwan, Ali Mugahed Al-Rahmi, Qusay Al-Maatouk","n_members":85,"n_papers":48,"topic_id":9,"community_id":4}},{"type":"Feature","geometry":{"type":"Point","coordinates":[-1.5859644371245014,3.452742340328044]},"properties":{"color":"#2F4F4F","ordinal":"2nd","radius_px":9.0,"authors":"Akhmad Habibi, Amirul Mukminin, Rafiza Abdul Razak, Mohd Faiz Mohd Yaakob, Mailizar Mailizar","n_members":81,"n_papers":44,"topic_id":9,"community_id":9}},{"type":"Feature","geometry":{"type":"Point","coordinates":[-1.6666206580076495,3.3891070008297928]},"properties":{"color":"#556B2F","ordinal":"3rd","radius_px":9.0,"authors":"Tommy Tanu Wijaya, Zsolt Lavicza, Soeharto Soeharto, Zhiqiang Yuan, Ying Zhou","n_members":72,"n_papers":31,"topic_id":9,"community_id":5}},{"type":"Feature","geometry":{"type":"Point","coordinates":[-1.5165758993794658,3.3192197103968564]},"properties":{"color":"#483D8B","ordinal":"4th","radius_px":9.0,"authors":"Jon-Chao Hong, Kai-Hsin Tai, Yan Dong, Uzma Noor, Yu-Sheng Su","n_members":63,"n_papers":26,"topic_id":9,"community_id":3}},{"type":"Feature","geometry":{"type":"Point","coordinates":[-1.391166083859893,4.113899910365681]},"properties":{"color":"#708090","ordinal":"5th","radius_px":9.0,"authors":"Said A. Salloum, Raghad Alfaisal, Khadija Alhumaid, Ahmad Aburayya, Mostafa Al-Emran","n_members":62,"n_papers":31,"topic_id":9,"community_id":2}},{"type":"Feature","geometry":{"type":"Point","coordinates":[-0.6130382817167098,7.320838417485568]},"properties":{"color":"#191970","ordinal":"1st","radius_px":9.0,"authors":"Shafique Ur Rehman, Hamzah Elrehail, Stefano Bresciani, Okechukwu Lawrence Emeagwali, Md Karim Rabiul","n_members":45,"n_papers":24,"topic_id":10,"community_id":2}},{"type":"Feature","geometry":{"type":"Point","coordinates":[-0.6072190417347004,7.387979472428709]},"properties":{"color":"#2F4F4F","ordinal":"2nd","radius_px":9.0,"authors":"Dirk Meissner, Pasquale Sasso, Monica Fait, Valentina Cillo, Domitilla Magni","n_members":32,"n_papers":14,"topic_id":10,"community_id":16}},{"type":"Feature","geometry":{"type":"Point","coordinates":[-0.7276337630931032,7.2503196029595385]},"properties":{"color":"#556B2F","ordinal":"3rd","radius_px":9.0,"authors":"Murad Ali, Imran Hameed, Faisal Qadeer, Ghulam Ali Arain, Imran Ali","n_members":30,"n_papers":15,"topic_id":10,"community_id":14}},{"type":"Feature","geometry":{"type":"Point","coordinates":[-0.3948618421170029,7.377074330899591]},"properties":{"color":"#483D8B","ordinal":"4th","radius_px":9.0,"authors":"Aino Kianto, Josune S\u00e1enz, Paavo Ritala, Nekane Aramburu, Mika Vanhala","n_members":29,"n_papers":19,"topic_id":10,"community_id":0}},{"type":"Feature","geometry":{"type":"Point","coordinates":[-0.6075643849751512,7.216521369088389]},"properties":{"color":"#708090","ordinal":"5th","radius_px":9.0,"authors":"Demetris Vrontis, Armando Papa, Sheshadri Chatterjee, Ranjan Chaudhuri, Gabriele Santoro","n_members":29,"n_papers":18,"topic_id":10,"community_id":11}},{"type":"Feature","geometry":{"type":"Point","coordinates":[4.247511666433108,-3.221629419161422]},"properties":{"color":"#191970","ordinal":"1st","radius_px":9.0,"authors":"Dylan S. Small, Edward H. Kennedy, Paul R. Rosenbaum, Jing Qin, Ashkan Ertefaie","n_members":130,"n_papers":80,"topic_id":11,"community_id":9}},{"type":"Feature","geometry":{"type":"Point","coordinates":[4.03227477198568,-3.201618773388086]},"properties":{"color":"#2F4F4F","ordinal":"2nd","radius_px":9.0,"authors":"Sebastian Schneeweiss, Richard Wyss, Sengwee Toh, Til St\u00fcrmer, Susan Gruber","n_members":130,"n_papers":98,"topic_id":11,"community_id":12}},{"type":"Feature","geometry":{"type":"Point","coordinates":[4.082547667056632,-3.1584577476792335]},"properties":{"color":"#556B2F","ordinal":"3rd","radius_px":9.0,"authors":"Beth Ann Griffin, Daniel F. McCaffrey, Lane F. Burgette, Debashis Ghosh, Noah Greifer","n_members":85,"n_papers":48,"topic_id":11,"community_id":25}},{"type":"Feature","geometry":{"type":"Point","coordinates":[4.116539898525007,-3.296074965194403]},"properties":{"color":"#483D8B","ordinal":"4th","radius_px":9.0,"authors":"Cl\u00e9mence Leyrat, David Hajage, Guillaume Chauvet, Elizabeth J. Williamson, Yohann Foucher","n_members":82,"n_papers":32,"topic_id":11,"community_id":13}},{"type":"Feature","geometry":{"type":"Point","coordinates":[3.912296201253664,-3.0773423991493187]},"properties":{"color":"#708090","ordinal":"5th","radius_px":9.0,"authors":"Elizabeth A. Stuart, Peter M. Steiner, Elizabeth A Stuart, Sue M. Marcus, Trang Quynh Nguyen","n_members":81,"n_papers":81,"topic_id":11,"community_id":3}},{"type":"Feature","geometry":{"type":"Point","coordinates":[4.597931865278747,5.723667206488017]},"properties":{"color":"#191970","ordinal":"1st","radius_px":9.0,"authors":"Muhammad Shahbaz, Talat Afza, Qazi Muhammad Adnan Hye, Muhammad Shafiullah, Shawkat Hammoudeh","n_members":19,"n_papers":17,"topic_id":12,"community_id":5}},{"type":"Feature","geometry":{"type":"Point","coordinates":[4.90903796949242,6.130132072889424]},"properties":{"color":"#2F4F4F","ordinal":"2nd","radius_px":9.0,"authors":"Muhammad Imran, Abdul Haseeb, Muhammad Ahad, Songsheng Chen, Khalid Khan","n_members":10,"n_papers":7,"topic_id":12,"community_id":0}},{"type":"Feature","geometry":{"type":"Point","coordinates":[4.397896952758547,5.581451833157771]},"properties":{"color":"#556B2F","ordinal":"3rd","radius_px":9.0,"authors":"Syed Ali Raza, Syed Tehseen Jawaid, Mohd Zaini Abd Karim, Md. Samsul Alam, Khalid Mustafa","n_members":10,"n_papers":9,"topic_id":12,"community_id":4}},{"type":"Feature","geometry":{"type":"Point","coordinates":[4.737656914843199,5.354211853333101]},"properties":{"color":"#483D8B","ordinal":"4th","radius_px":9.0,"authors":"Aviral Kumar Tiwari, S\u00fcleyman Bolat, Dinabandhu Sethi, Bharti Pandey, S\u00fcleyman De\u011firmen","n_members":9,"n_papers":6,"topic_id":12,"community_id":1}},{"type":"Feature","geometry":{"type":"Point","coordinates":[4.175432615912375,5.826517578015397]},"properties":{"color":"#708090","ordinal":"5th","radius_px":9.0,"authors":"Samir Saidi, Haifa Mefteh, Venkatesh Mani, Pervaiz Akhtar, Sami Hammami","n_members":6,"n_papers":3,"topic_id":12,"community_id":2}},{"type":"Feature","geometry":{"type":"Point","coordinates":[2.0443882725685287,9.643564081778326]},"properties":{"color":"#191970","ordinal":"1st","radius_px":9.0,"authors":"Angappa Gunasekaran, Ana Beatriz Lopes de Sousa Jabbour, Charbel Jose Chiappetta Jabbour, Hengky Latan, Charbel Jos\u00e9 Chiappetta Jabbour","n_members":85,"n_papers":42,"topic_id":13,"community_id":13}},{"type":"Feature","geometry":{"type":"Point","coordinates":[2.3249335638065873,9.725100171196406]},"properties":{"color":"#2F4F4F","ordinal":"2nd","radius_px":9.0,"authors":"Shafique Ur Rehman, Zeeshan Ahmed, Mishal Khosa, Nhat Tan Nguyen, Abdulaziz Fahmi Omar Faqera","n_members":68,"n_papers":30,"topic_id":13,"community_id":6}},{"type":"Feature","geometry":{"type":"Point","coordinates":[2.3026692438186815,9.635969970162131]},"properties":{"color":"#556B2F","ordinal":"3rd","radius_px":9.0,"authors":"Farid Ahammad Sobhani, Md. Aftab Uddin, Mohammad Nurul Hassan Reza, Abdullah Al Mamun, Mohammad Masukujjaman","n_members":62,"n_papers":27,"topic_id":13,"community_id":0}},{"type":"Feature","geometry":{"type":"Point","coordinates":[2.278363133516718,9.722828610678546]},"properties":{"color":"#483D8B","ordinal":"4th","radius_px":9.0,"authors":"Abdullah Al Masud, Md. Abu Issa Gazi, Mohammad Bin Amin, Md. Emon, Masuk Abdullah","n_members":59,"n_papers":21,"topic_id":13,"community_id":23}},{"type":"Feature","geometry":{"type":"Point","coordinates":[2.3163123656206874,9.747701579207861]},"properties":{"color":"#708090","ordinal":"5th","radius_px":9.0,"authors":"Syed Abdul Rehman Khan, Zhang Yu, Jawad Abbas, Naveed Ahmad, Ubaldo Comite","n_members":56,"n_papers":26,"topic_id":13,"community_id":10}},{"type":"Feature","geometry":{"type":"Point","coordinates":[5.03560970679112,5.755167738321112]},"properties":{"color":"#191970","ordinal":"1st","radius_px":9.0,"authors":"Rangan Gupta, Mehmet Balcilar, Tsangyao Chang, Goodness C. Aye, Mark E. Wohar","n_members":40,"n_papers":33,"topic_id":14,"community_id":1}},{"type":"Feature","geometry":{"type":"Point","coordinates":[5.521006829612391,6.1575903001789225]},"properties":{"color":"#2F4F4F","ordinal":"2nd","radius_px":9.0,"authors":"Aviral Kumar Tiwari, Muhammad Shahbaz, Shawkat Hammoudeh, David Roubaud, Sangram Keshari Jena","n_members":32,"n_papers":19,"topic_id":14,"community_id":0}},{"type":"Feature","geometry":{"type":"Point","coordinates":[5.572653530362984,6.106936977195682]},"properties":{"color":"#556B2F","ordinal":"3rd","radius_px":9.0,"authors":"Wing-Keung Wong, Bisharat Hussain Chang, Nikolai Sheung-Chi Chow, Zhuo Qiao, Asma Salman","n_members":26,"n_papers":19,"topic_id":14,"community_id":13}},{"type":"Feature","geometry":{"type":"Point","coordinates":[5.5155886555849305,6.415641501225268]},"properties":{"color":"#483D8B","ordinal":"4th","radius_px":9.0,"authors":"Syed Jawad Hussain Shahzad, Chaker Aloui, Chi Keung Marco Lau, Besma Hkiri, Muhammad Asif Khan","n_members":19,"n_papers":16,"topic_id":14,"community_id":8}},{"type":"Feature","geometry":{"type":"Point","coordinates":[5.521259989597423,6.2849160139547795]},"properties":{"color":"#708090","ordinal":"5th","radius_px":9.0,"authors":"Xuan Vinh Vo, Mobeen Ur Rehman, Ahmet Sensoy, Sang Hoon Kang, Somar Al-Mohamad","n_members":17,"n_papers":8,"topic_id":14,"community_id":11}},{"type":"Feature","geometry":{"type":"Point","coordinates":[-8.648310753021708,-2.7160641135109125]},"properties":{"color":"#191970","ordinal":"1st","radius_px":9.0,"authors":"Keqin Li, Kenli Li, Renfa Li, Guoqi Xie, Wanli Chang","n_members":105,"n_papers":76,"topic_id":15,"community_id":9}},{"type":"Feature","geometry":{"type":"Point","coordinates":[-8.572626098931558,-2.8906557596007345]},"properties":{"color":"#2F4F4F","ordinal":"2nd","radius_px":9.0,"authors":"Nan Guan, Jinghao Sun, Qingxu Deng, Zhishan Guo, Xu Jiang","n_members":98,"n_papers":79,"topic_id":15,"community_id":1}},{"type":"Feature","geometry":{"type":"Point","coordinates":[-8.638165366621584,-2.6431932501022146]},"properties":{"color":"#556B2F","ordinal":"3rd","radius_px":9.0,"authors":"Albert Y. Zomaya, Pascal Bouvry, Zhengzhe Xiang, Shuiguang Deng, Schahram Dustdar","n_members":80,"n_papers":33,"topic_id":15,"community_id":5}},{"type":"Feature","geometry":{"type":"Point","coordinates":[-8.511520708240237,-2.9079366803180813]},"properties":{"color":"#483D8B","ordinal":"4th","radius_px":9.0,"authors":"Marko Bertogna, Alberto Marchetti-Spaccamela, Vincenzo Bonifaci, Giuseppe Lipari, Geoffrey Nelissen","n_members":79,"n_papers":60,"topic_id":15,"community_id":13}},{"type":"Feature","geometry":{"type":"Point","coordinates":[-8.5856352200754,-2.7645086156247554]},"properties":{"color":"#708090","ordinal":"5th","radius_px":9.0,"authors":"Qingfeng Zhuge, Jing Liu, Jingtong Hu, Edwin H.-M. Sha, Wei Wang","n_members":65,"n_papers":33,"topic_id":15,"community_id":10}},{"type":"Feature","geometry":{"type":"Point","coordinates":[-0.04469067564794249,2.0573437650088158]},"properties":{"color":"#191970","ordinal":"1st","radius_px":9.0,"authors":"Lindsay C. Page, Benjamin Castleman, Joshua Goodman, Jennifer Iriti, Preeya Mbekeani","n_members":15,"n_papers":11,"topic_id":16,"community_id":1}},{"type":"Feature","geometry":{"type":"Point","coordinates":[-0.13176120006487235,1.8864827890244922]},"properties":{"color":"#2F4F4F","ordinal":"2nd","radius_px":9.0,"authors":"Angela Boatman, Thomas J. Kane, Ethan Scherer, Sidrah Baloch, Douglas O. Staiger","n_members":12,"n_papers":8,"topic_id":16,"community_id":5}},{"type":"Feature","geometry":{"type":"Point","coordinates":[-0.19123178263546423,2.032616638644789]},"properties":{"color":"#556B2F","ordinal":"3rd","radius_px":9.0,"authors":"Bridget Terry Long, Eric P. Bettinger, Kaylee T. Matheny, Benjamin L. Castleman, Amanda Lu","n_members":9,"n_papers":14,"topic_id":16,"community_id":2}},{"type":"Feature","geometry":{"type":"Point","coordinates":[-0.13364889299673538,1.9971990063911285]},"properties":{"color":"#483D8B","ordinal":"4th","radius_px":9.0,"authors":"Michael Hurwitz, Jonathan Smith, Jessica Howell, Christopher Avery, Oded Gurantz","n_members":8,"n_papers":18,"topic_id":16,"community_id":0}},{"type":"Feature","geometry":{"type":"Point","coordinates":[0.04547417923819657,2.0664203759938737]},"properties":{"color":"#708090","ordinal":"5th","radius_px":9.0,"authors":"Taylor K. Odle, Manuel S. Gonz\u00e1lez Canch\u00e9, Jason C. Lee, Ji Yeon Bae, Steven P. Gentile","n_members":8,"n_papers":12,"topic_id":16,"community_id":3}},{"type":"Feature","geometry":{"type":"Point","coordinates":[3.854643142271257,-10.230242734616178]},"properties":{"color":"#191970","ordinal":"1st","radius_px":9.0,"authors":"Peter M. Blumberg, Victor E. Marquez, Marcelo G. Kazanietz, Jeewoo Lee, Noemi Kedei","n_members":90,"n_papers":40,"topic_id":17,"community_id":3}},{"type":"Feature","geometry":{"type":"Point","coordinates":[3.7236782537105766,-10.26430294779575]},"properties":{"color":"#2F4F4F","ordinal":"2nd","radius_px":9.0,"authors":"Gary A. Koretzky, Isabel M\u00e9rida, Isabel Merida, Antonia \u00c1vila-Flores, Denise Soutar","n_members":65,"n_papers":25,"topic_id":17,"community_id":13}},{"type":"Feature","geometry":{"type":"Point","coordinates":[3.8416769482553117,-10.149665557434878]},"properties":{"color":"#556B2F","ordinal":"3rd","radius_px":9.0,"authors":"Sergio Grinstein, Gregory D. Fairn, John H. Brumell, Guangwei Du, Karin Strijbis","n_members":61,"n_papers":15,"topic_id":17,"community_id":0}},{"type":"Feature","geometry":{"type":"Point","coordinates":[3.684245834302998,-10.067156934672127]},"properties":{"color":"#483D8B","ordinal":"4th","radius_px":9.0,"authors":"Thomas Gudermann, Alexander Dietrich, Ursula Storch, Michael Mederos y Schnitzler, Hermann Kalwa","n_members":61,"n_papers":20,"topic_id":17,"community_id":17}},{"type":"Feature","geometry":{"type":"Point","coordinates":[3.789766768498559,-10.166818481014142]},"properties":{"color":"#708090","ordinal":"5th","radius_px":9.0,"authors":"Matthew K. Topham, Richard M. Epand, Stephen M. Prescott, Yulia V. Shulga, Pavlina T. Ivanova","n_members":59,"n_papers":32,"topic_id":17,"community_id":15}},{"type":"Feature","geometry":{"type":"Point","coordinates":[2.0717350544298343,-2.7232834382797018]},"properties":{"color":"#191970","ordinal":"1st","radius_px":9.0,"authors":"David C. Grabowski, Vincent Mor, Momotazur Rahman, Amal N. Trivedi, Shailender Swaminathan","n_members":99,"n_papers":49,"topic_id":18,"community_id":4}},{"type":"Feature","geometry":{"type":"Point","coordinates":[2.0615811376389095,-3.1550676052709896]},"properties":{"color":"#2F4F4F","ordinal":"2nd","radius_px":9.0,"authors":"Rachel M. Werner, R. Tamara Konetzka, Zirui Song, Daniel Polsky, Bruce E. Landon","n_members":83,"n_papers":46,"topic_id":18,"community_id":28}},{"type":"Feature","geometry":{"type":"Point","coordinates":[2.2359891051526346,-3.010214690140172]},"properties":{"color":"#556B2F","ordinal":"3rd","radius_px":9.0,"authors":"Benjamin D. Sommers, E. John Orav, John W. Scott, Arnold M. Epstein, Thomas C. Tsai","n_members":69,"n_papers":38,"topic_id":18,"community_id":16}},{"type":"Feature","geometry":{"type":"Point","coordinates":[2.188847689026961,-2.878372822370476]},"properties":{"color":"#483D8B","ordinal":"4th","radius_px":9.0,"authors":"Andrew M. Ryan, Edward C. Norton, John Z. Ayanian, Justin B. Dimick, Renuka Tipirneni","n_members":64,"n_papers":34,"topic_id":18,"community_id":13}},{"type":"Feature","geometry":{"type":"Point","coordinates":[1.433689339982166,-6.410653692840539]},"properties":{"color":"#708090","ordinal":"5th","radius_px":9.0,"authors":"Nancy L. Keating, Sarah Ruiz, Erin Colligan, Andrea Hassol, Tharcisse Mpunga","n_members":60,"n_papers":15,"topic_id":18,"community_id":1}},{"type":"Feature","geometry":{"type":"Point","coordinates":[-1.9281032775467557,-0.05691772237084278]},"properties":{"color":"#191970","ordinal":"1st","radius_px":9.0,"authors":"Martin S. Hagger, Vello Hein, Henri Tilga, Andre Koka, Lennart Raudsepp","n_members":107,"n_papers":72,"topic_id":19,"community_id":23}},{"type":"Feature","geometry":{"type":"Point","coordinates":[-2.2663841799362525,0.3391571280362059]},"properties":{"color":"#2F4F4F","ordinal":"2nd","radius_px":9.0,"authors":"Joan L. Duda, Nikos Ntoumanis, Yngvar Ommundsen, Paul R. Appleton, Eleanor Quested","n_members":104,"n_papers":89,"topic_id":19,"community_id":2}},{"type":"Feature","geometry":{"type":"Point","coordinates":[-2.1355073470225374,0.17960978923076007]},"properties":{"color":"#556B2F","ordinal":"3rd","radius_px":9.0,"authors":"Diogo Monteiro, Lu\u00eds Cid, Filipe Rodrigues, Diogo S. Teixeira, Ver\u00f3nica Morales-S\u00e1nchez","n_members":76,"n_papers":26,"topic_id":19,"community_id":28}},{"type":"Feature","geometry":{"type":"Point","coordinates":[-2.1132554098599847,0.25978762029436836]},"properties":{"color":"#483D8B","ordinal":"4th","radius_px":9.0,"authors":"Martyn Standage, Robert M. Malina, Sean P. Cumming, Lauren B. Sherar, Peter R.E. Crocker","n_members":72,"n_papers":46,"topic_id":19,"community_id":29}},{"type":"Feature","geometry":{"type":"Point","coordinates":[-2.0364791409213363,0.22180179006212672]},"properties":{"color":"#708090","ordinal":"5th","radius_px":9.0,"authors":"Juan Antonio Moreno-Murcia, Jos\u00e9 Trist\u00e1n, Jaime Le\u00f3n, Jeanette M. L\u00f3pez-Walle, Juan L. N\u00fa\u00f1ez","n_members":67,"n_papers":24,"topic_id":19,"community_id":17}},{"type":"Feature","geometry":{"type":"Point","coordinates":[-0.931069824977418,8.43358111777849]},"properties":{"color":"#191970","ordinal":"1st","radius_px":9.0,"authors":"Ludi Wishnu Wardana, Angga Martha Mahendra, None Suparno, Jefry Aulia Martha, Andy Prasetyo Wati","n_members":20,"n_papers":11,"topic_id":20,"community_id":2}},{"type":"Feature","geometry":{"type":"Point","coordinates":[-0.9093902495201548,8.415200877343532]},"properties":{"color":"#2F4F4F","ordinal":"2nd","radius_px":9.0,"authors":"Bagus Shandy Narmaditya, Agus Wibowo, Saparuddin Mukhtar, Ari Saptono, Djoko Dwi Kusumojanto","n_members":20,"n_papers":19,"topic_id":20,"community_id":4}},{"type":"Feature","geometry":{"type":"Point","coordinates":[-0.934779169105919,8.402508481354875]},"properties":{"color":"#556B2F","ordinal":"3rd","radius_px":9.0,"authors":"Maulana Amirul Adha, Nova Syafira Ariyanti, Ayatulloh Michael Musyaffi, Bambang Budi Wiyono, Maisyaroh Maisyaroh","n_members":19,"n_papers":8,"topic_id":20,"community_id":3}},{"type":"Feature","geometry":{"type":"Point","coordinates":[-0.8956948446777595,8.407461611496792]},"properties":{"color":"#483D8B","ordinal":"4th","radius_px":9.0,"authors":"Suparno Suparno, Muhammad Hakimi Mohd Shafiai, Norashida Othman, Annisa Lutfia, Rafi Kurniaji Aljero","n_members":7,"n_papers":3,"topic_id":20,"community_id":6}},{"type":"Feature","geometry":{"type":"Point","coordinates":[-0.9249004262117666,8.413343453540316]},"properties":{"color":"#708090","ordinal":"5th","radius_px":9.0,"authors":"Diep Thanh Tung, Nguyen Thi Thuy Loan, Nguyen Thi Cam Phuong, Shyue-Chuan Chong, Nguyen Thanh Hung","n_members":5,"n_papers":2,"topic_id":20,"community_id":1}},{"type":"Feature","geometry":{"type":"Point","coordinates":[-1.658253995676265,2.0002713229486]},"properties":{"color":"#191970","ordinal":"1st","radius_px":9.0,"authors":"Andrew J. Martin, Rebecca J. Collie, Emma C. Burns, Paul Ginns, Lars-Erik Malmberg","n_members":31,"n_papers":24,"topic_id":21,"community_id":1}},{"type":"Feature","geometry":{"type":"Point","coordinates":[-1.7173737315284698,1.753687994050272]},"properties":{"color":"#2F4F4F","ordinal":"2nd","radius_px":9.0,"authors":"Reinhard Pekrun, Herbert W. Marsh, Thomas Goetz, Raymond P. Perry, Kristina Stockinger","n_members":31,"n_papers":18,"topic_id":21,"community_id":5}},{"type":"Feature","geometry":{"type":"Point","coordinates":[-2.0383131749433296,1.9714399779142053]},"properties":{"color":"#556B2F","ordinal":"3rd","radius_px":9.0,"authors":"Gholam Hassan Khajavy, Lisa Bardach, Marko L\u00fcftenegger, Behzad Ghonsooly, Barbara Schober","n_members":25,"n_papers":13,"topic_id":21,"community_id":11}},{"type":"Feature","geometry":{"type":"Point","coordinates":[-1.6546189484998932,2.011776343572681]},"properties":{"color":"#483D8B","ordinal":"4th","radius_px":9.0,"authors":"Alexandre J. S. Morin, Istv\u00e1n T\u00f3th-Kir\u00e1ly, Robert J. Vallerand, D\u00e1vid Farkas, Christophe Dierendonck","n_members":21,"n_papers":8,"topic_id":21,"community_id":0}},{"type":"Feature","geometry":{"type":"Point","coordinates":[-1.6224978995295751,2.2429347996873967]},"properties":{"color":"#708090","ordinal":"5th","radius_px":9.0,"authors":"Trude Nilsen, Nani Teig, Ronny Scherer, Malte Jansen, Armin Jentsch","n_members":21,"n_papers":12,"topic_id":21,"community_id":2}},{"type":"Feature","geometry":{"type":"Point","coordinates":[-2.4927835035062764,11.743793076292043]},"properties":{"color":"#191970","ordinal":"1st","radius_px":9.0,"authors":"Puspo Dewi Dirgantari, Lili Adi Wibowo, Bambang Widjajanta, Agus Rahayu, Ablatdinov Sultanbek Azatovich","n_members":16,"n_papers":9,"topic_id":22,"community_id":1}},{"type":"Feature","geometry":{"type":"Point","coordinates":[-2.5355290166310036,11.841832720169087]},"properties":{"color":"#2F4F4F","ordinal":"2nd","radius_px":9.0,"authors":"Nofriska Krissanya, Osly Usman, Gatot Nazir Ahmad, Mohamad Rizan, Maisya Rosada","n_members":12,"n_papers":6,"topic_id":22,"community_id":3}},{"type":"Feature","geometry":{"type":"Point","coordinates":[-2.3859142172165275,11.675359391968811]},"properties":{"color":"#556B2F","ordinal":"3rd","radius_px":9.0,"authors":"Sri Rahayu, Slamet Widodo, Ramadhan Harahap, Elfitra Desy Surya, Harianto Harianto","n_members":10,"n_papers":3,"topic_id":22,"community_id":2}},{"type":"Feature","geometry":{"type":"Point","coordinates":[-2.5348548405839084,11.815530223246036]},"properties":{"color":"#483D8B","ordinal":"4th","radius_px":9.0,"authors":"Ratih Hurriyati, Hari Mulyadi, Dadan Sumantri, Firdaus Fathurrohman, Radiyul Fahmi","n_members":8,"n_papers":2,"topic_id":22,"community_id":0}},{"type":"Feature","geometry":{"type":"Point","coordinates":[-2.4778140435218248,11.850781375292147]},"properties":{"color":"#708090","ordinal":"5th","radius_px":9.0,"authors":"Usep Suhud, Mamoon Allan, Dorojatun Prihandono, Rahmi Rahmi, Saparuddin Saparuddin","n_members":8,"n_papers":6,"topic_id":22,"community_id":4}},{"type":"Feature","geometry":{"type":"Point","coordinates":[-3.6623220960931557,8.971497930537863]},"properties":{"color":"#191970","ordinal":"1st","radius_px":9.0,"authors":"Frank Witlox, Wei Wang, Long Cheng, Xuewu Chen, Min Yang","n_members":62,"n_papers":41,"topic_id":23,"community_id":1}},{"type":"Feature","geometry":{"type":"Point","coordinates":[-3.6658828463173982,8.79934776484716]},"properties":{"color":"#2F4F4F","ordinal":"2nd","radius_px":9.0,"authors":"Liang Ma, Xin Zhang, Runing Ye, Siu Shing Man, Alan Hoi Shou Chan","n_members":37,"n_papers":19,"topic_id":23,"community_id":16}},{"type":"Feature","geometry":{"type":"Point","coordinates":[-3.498490437301901,8.781312867652657]},"properties":{"color":"#556B2F","ordinal":"3rd","radius_px":9.0,"authors":"Chunqin Zhang, Yong Liu, Anning Ni, Weite Lu, Xin Li","n_members":34,"n_papers":11,"topic_id":23,"community_id":4}},{"type":"Feature","geometry":{"type":"Point","coordinates":[-3.499943355476863,8.590201844604804]},"properties":{"color":"#483D8B","ordinal":"4th","radius_px":9.0,"authors":"Patricia L. Mokhtarian, Sangho Choo, Xinyu Cao, Giovanni Circella, Susan L Handy","n_members":34,"n_papers":32,"topic_id":23,"community_id":6}},{"type":"Feature","geometry":{"type":"Point","coordinates":[-3.297641422808098,8.73852470257393]},"properties":{"color":"#708090","ordinal":"5th","radius_px":9.0,"authors":"Veronique Van Acker, Petter N\u00e6ss, Joachim Scheiner, Katja Schimohr, Eva Malichov\u00e1","n_members":34,"n_papers":23,"topic_id":23,"community_id":15}},{"type":"Feature","geometry":{"type":"Point","coordinates":[0.276687670132267,-3.8572175555370114]},"properties":{"color":"#191970","ordinal":"1st","radius_px":9.0,"authors":"Viren Swami, Susan J. Paxton, Kelly L. Klump, Drew A. Anderson, Anna M. Bardone-Cone","n_members":46,"n_papers":17,"topic_id":24,"community_id":3}},{"type":"Feature","geometry":{"type":"Point","coordinates":[0.3716914579931632,-4.118896236477568]},"properties":{"color":"#2F4F4F","ordinal":"2nd","radius_px":9.0,"authors":"Ross D. Crosby, Carol B. Peterson, Stephen A. Wonderlich, Scott J. Crow, Tyler B. Mason","n_members":36,"n_papers":19,"topic_id":24,"community_id":1}},{"type":"Feature","geometry":{"type":"Point","coordinates":[0.5101974871949105,-4.237841941988047]},"properties":{"color":"#556B2F","ordinal":"3rd","radius_px":9.0,"authors":"Anja Hilbert, Ricarda Schmidt, Stefan Kaiser, Arne Dietrich, Martina de Zwaan","n_members":35,"n_papers":8,"topic_id":24,"community_id":2}},{"type":"Feature","geometry":{"type":"Point","coordinates":[0.24077059725596564,-3.8035707533177243]},"properties":{"color":"#483D8B","ordinal":"4th","radius_px":9.0,"authors":"J. Kevin Thompson, Lauren M. Schaefer, David A. Frederick, Jason M. Nagata, Tracy L. Tylka","n_members":30,"n_papers":25,"topic_id":24,"community_id":8}},{"type":"Feature","geometry":{"type":"Point","coordinates":[0.353191516913111,-4.022427010029408]},"properties":{"color":"#708090","ordinal":"5th","radius_px":9.0,"authors":"Jinbo He, Wesley R. Barnhart, Feng Ji, Tianxiang Cui, Ziyue Wang","n_members":21,"n_papers":6,"topic_id":24,"community_id":5}},{"type":"Feature","geometry":{"type":"Point","coordinates":[5.147106042155108,-9.83866118501084]},"properties":{"color":"#191970","ordinal":"1st","radius_px":9.0,"authors":"Yong Wang, Zhen Zhang, Yee-Ying Lee, Chin Ping Tan, Oi Ming Lai","n_members":100,"n_papers":81,"topic_id":25,"community_id":10}},{"type":"Feature","geometry":{"type":"Point","coordinates":[5.064359875525969,-9.83342718487249]},"properties":{"color":"#2F4F4F","ordinal":"2nd","radius_px":9.0,"authors":"Yonghua Wang, Weifei Wang, Bo Yang, Dongming Lan, Daoming Li","n_members":86,"n_papers":57,"topic_id":25,"community_id":2}},{"type":"Feature","geometry":{"type":"Point","coordinates":[5.131280791351689,-9.779621717384325]},"properties":{"color":"#556B2F","ordinal":"3rd","radius_px":9.0,"authors":"He Huang, Xin Zhang, Tong Wang, Jing Du, Dianyu Yu","n_members":63,"n_papers":12,"topic_id":25,"community_id":3}},{"type":"Feature","geometry":{"type":"Point","coordinates":[5.105155781592056,-9.829976806898243]},"properties":{"color":"#483D8B","ordinal":"4th","radius_px":9.0,"authors":"Chin-Ping Tan, Oi-Ming Lai, Ling-Zhi Cheong, Eng-Tong Phuah, Teck-Kim Tang","n_members":58,"n_papers":38,"topic_id":25,"community_id":25}},{"type":"Feature","geometry":{"type":"Point","coordinates":[5.159546654028218,-9.710430438047192]},"properties":{"color":"#708090","ordinal":"5th","radius_px":9.0,"authors":"Qian Liu, Baohua Kong, Hui Wang, Qian Chen, Haotian Liu","n_members":54,"n_papers":17,"topic_id":25,"community_id":5}},{"type":"Feature","geometry":{"type":"Point","coordinates":[0.8527422091149044,9.515823543353084]},"properties":{"color":"#191970","ordinal":"1st","radius_px":9.0,"authors":"Baofeng Huo, Xiande Zhao, Min Zhang, Muhammad Zia Ul Haq, Xueyuan Liu","n_members":47,"n_papers":36,"topic_id":26,"community_id":0}},{"type":"Feature","geometry":{"type":"Point","coordinates":[0.9992723091465536,9.49518687696459]},"properties":{"color":"#2F4F4F","ordinal":"2nd","radius_px":9.0,"authors":"Rakesh D. Raut, Pragati Priyadarshinee, Maciel M. Queiroz, Mukesh Kumar, Mahak Sharma","n_members":35,"n_papers":17,"topic_id":26,"community_id":9}},{"type":"Feature","geometry":{"type":"Point","coordinates":[1.0027071673130226,9.467464482734187]},"properties":{"color":"#556B2F","ordinal":"3rd","radius_px":9.0,"authors":"Mohammed Quaddus, Mohammad Asif Salam, Imran Ali, Mark Stevenson, Md Maruf Hossan Chowdhury","n_members":28,"n_papers":21,"topic_id":26,"community_id":12}},{"type":"Feature","geometry":{"type":"Point","coordinates":[0.9319303772587695,9.463569396225367]},"properties":{"color":"#483D8B","ordinal":"4th","radius_px":9.0,"authors":"Jos\u00e9 Moyano-Fuentes, Juan Manuel Maqueira, Araceli Rojo, Guilherme Tortorella, Noelia Garcia-Buendia","n_members":27,"n_papers":12,"topic_id":26,"community_id":10}},{"type":"Feature","geometry":{"type":"Point","coordinates":[0.921989720237843,9.617940576445564]},"properties":{"color":"#708090","ordinal":"5th","radius_px":9.0,"authors":"Michael Wang, Veera Pandiyan Kaliani Sundram, Ahmad Abareshi, Ferry Jie, Ming K. Lim","n_members":23,"n_papers":12,"topic_id":26,"community_id":3}},{"type":"Feature","geometry":{"type":"Point","coordinates":[-4.078660752258571,5.87797647258144]},"properties":{"color":"#191970","ordinal":"1st","radius_px":9.0,"authors":"Randika Fandiyanto, Lita Permata Sari, Minullah Minullah, Triska Dewi Pramitasari, Nurul Lailatul Mufida","n_members":19,"n_papers":17,"topic_id":27,"community_id":2}},{"type":"Feature","geometry":{"type":"Point","coordinates":[-4.112799651413927,5.8565404260228195]},"properties":{"color":"#2F4F4F","ordinal":"2nd","radius_px":9.0,"authors":"Ediyanto Ediyanto, Lusiana Tulhusnah, Ika Wahyuni, Siti Nur Khomariyah, Ahmad Zaini","n_members":14,"n_papers":21,"topic_id":27,"community_id":1}},{"type":"Feature","geometry":{"type":"Point","coordinates":[-4.135265398694273,5.837331912158577]},"properties":{"color":"#556B2F","ordinal":"3rd","radius_px":9.0,"authors":"Riska Ayu Pramesthi, Siti Soeliha, Yudha Praja, Ayu Dita Windra Ciptasari, Stiven Mawati Laia","n_members":14,"n_papers":17,"topic_id":27,"community_id":5}},{"type":"Feature","geometry":{"type":"Point","coordinates":[-3.887754733763818,5.6123676204602235]},"properties":{"color":"#483D8B","ordinal":"4th","radius_px":9.0,"authors":"Rahmawati Rahmawati, Goso Goso, Salju Salju, Rismawati Rismawati, Irawati Irawati","n_members":7,"n_papers":4,"topic_id":27,"community_id":6}},{"type":"Feature","geometry":{"type":"Point","coordinates":[-4.0858236663785235,5.8825333523120005]},"properties":{"color":"#708090","ordinal":"5th","radius_px":9.0,"authors":"Muhammad Iqbal Anshory, Karnadi Karnadi, Ni\u2019matut Toyyibah, Arifi Auliyah Husna, Edy Kusnadi Hamdun","n_members":6,"n_papers":3,"topic_id":27,"community_id":3}},{"type":"Feature","geometry":{"type":"Point","coordinates":[0.946140357288129,7.217795424230449]},"properties":{"color":"#191970","ordinal":"1st","radius_px":9.0,"authors":"Ahsan Waqar, Idris Othman, Omrane Benjeddou, Abdul Mateen Khan, Abdullah Mohammed Alshehri","n_members":87,"n_papers":49,"topic_id":28,"community_id":5}},{"type":"Feature","geometry":{"type":"Point","coordinates":[0.9600586529869098,7.181919627438662]},"properties":{"color":"#2F4F4F","ordinal":"2nd","radius_px":9.0,"authors":"Ahmed Farouk Kineber, Ayodeji Emmanuel Oke, Mohammed Magdy Hamed, Ahmed Osama Daoud, Nicholas Chileshe","n_members":77,"n_papers":58,"topic_id":28,"community_id":17}},{"type":"Feature","geometry":{"type":"Point","coordinates":[0.65233925150777,6.756115539572047]},"properties":{"color":"#556B2F","ordinal":"3rd","radius_px":9.0,"authors":"Guangdong Wu, Xianbo Zhao, Jian Zuo, Lan Luo, Junwei Zheng","n_members":66,"n_papers":40,"topic_id":28,"community_id":25}},{"type":"Feature","geometry":{"type":"Point","coordinates":[0.8864950392930875,7.151962821166464]},"properties":{"color":"#483D8B","ordinal":"4th","radius_px":9.0,"authors":"Abdul Hannan Qureshi, Wesam Salah Alaloul, Ahsen Maqsoom, Muhammad Ali Musarat, Syed Ammad","n_members":62,"n_papers":21,"topic_id":28,"community_id":19}},{"type":"Feature","geometry":{"type":"Point","coordinates":[0.8713315817114068,6.922814510367675]},"properties":{"color":"#708090","ordinal":"5th","radius_px":9.0,"authors":"Liang Wang, Aminah Md Yusof, Shahid Hussain, Xiaolong Xue, Dedong Wang","n_members":62,"n_papers":32,"topic_id":28,"community_id":22}},{"type":"Feature","geometry":{"type":"Point","coordinates":[-7.495363770540761,-3.338301087588969]},"properties":{"color":"#191970","ordinal":"1st","radius_px":9.0,"authors":"Junfeng Zhou, Xian Tang, Ziyang Chen, Yanfei Zuo, Jingwen Zhao","n_members":12,"n_papers":3,"topic_id":29,"community_id":0}},{"type":"Feature","geometry":{"type":"Point","coordinates":[-7.532059998305777,-3.3082018788251917]},"properties":{"color":"#2F4F4F","ordinal":"2nd","radius_px":9.0,"authors":"Jianliang Xu, Byron Choi, Yixiang Fang, Xin Huang, Xuliang Zhu","n_members":11,"n_papers":4,"topic_id":29,"community_id":3}},{"type":"Feature","geometry":{"type":"Point","coordinates":[-7.364561234579177,-3.4306724243663855]},"properties":{"color":"#556B2F","ordinal":"3rd","radius_px":9.0,"authors":"Jianzhong Li, Hongzhi Wang, Wenfei Fan, Shuai Ma, Yinghui Wu","n_members":10,"n_papers":7,"topic_id":29,"community_id":5}},{"type":"Feature","geometry":{"type":"Point","coordinates":[-7.520304569435631,-3.4224520169611354]},"properties":{"color":"#483D8B","ordinal":"4th","radius_px":9.0,"authors":"Xuemin Lin, Lu Qin, Ying Zhang, Xubo Wang, Dong Wen","n_members":8,"n_papers":3,"topic_id":29,"community_id":6}},{"type":"Feature","geometry":{"type":"Point","coordinates":[-7.360299341265955,-3.3464620574325155]},"properties":{"color":"#708090","ordinal":"5th","radius_px":9.0,"authors":"Jeffrey Xu Yu, Chengfei Liu, Junhu Wang, Chang Zhou, Chaoyi Pang","n_members":7,"n_papers":6,"topic_id":29,"community_id":1}},{"type":"Feature","geometry":{"type":"Point","coordinates":[-0.5959162739247476,11.175816954983922]},"properties":{"color":"#191970","ordinal":"1st","radius_px":9.0,"authors":"Manaf Al-Okaily, Aws Al-Okaily, Fadi Shehab Shiyyab, Abeer F. Alkhwaldi, Anas Ali Al-Qudah","n_members":19,"n_papers":7,"topic_id":30,"community_id":2}},{"type":"Feature","geometry":{"type":"Point","coordinates":[-0.6127706751020967,11.183030638687828]},"properties":{"color":"#2F4F4F","ordinal":"2nd","radius_px":9.0,"authors":"Abdalwali Lutfi, Mohammed Amin Almaiah, Mahmaod Alrawad, Waleed Mugahed Al-Rahmi, Fahad Alturise","n_members":18,"n_papers":7,"topic_id":30,"community_id":4}},{"type":"Feature","geometry":{"type":"Point","coordinates":[-0.6465840435375685,11.177835355516752]},"properties":{"color":"#556B2F","ordinal":"3rd","radius_px":9.0,"authors":"Nripendra P. Rana, Debarun Chakraborty, Ganesh Dash, Satyanarayana Parayitam, Debasish Biswas","n_members":18,"n_papers":7,"topic_id":30,"community_id":7}},{"type":"Feature","geometry":{"type":"Point","coordinates":[-0.5387998040410494,11.121287807664633]},"properties":{"color":"#483D8B","ordinal":"4th","radius_px":9.0,"authors":"Yogesh K. Dwivedi, Ali Abdallah Alalwan, Abdullah M. Baabdullah, Ramakrishnan Raman, Hitmi Khalifa Alhitmi","n_members":14,"n_papers":7,"topic_id":30,"community_id":1}},{"type":"Feature","geometry":{"type":"Point","coordinates":[-0.656407751652366,11.157169795869097]},"properties":{"color":"#708090","ordinal":"5th","radius_px":9.0,"authors":"Ra\u2019ed Masa\u2019deh, Issam AlHadid, Rami S. Alkhawaldeh, Ala\u2019aldin Alrowwad, Evon M. Abu-Taieh","n_members":7,"n_papers":2,"topic_id":30,"community_id":6}},{"type":"Feature","geometry":{"type":"Point","coordinates":[-3.7412791181637295,12.482455438160034]},"properties":{"color":"#191970","ordinal":"1st","radius_px":9.0,"authors":"Ardvin Kester S. Ong, Josephine D. German, Jhasty Marie Z. Ramizares, Ladine Abygael D. C. David, Phoebe Cates A. Acuesta","n_members":11,"n_papers":3,"topic_id":31,"community_id":2}},{"type":"Feature","geometry":{"type":"Point","coordinates":[-3.143359674104352,12.397342776018647]},"properties":{"color":"#2F4F4F","ordinal":"2nd","radius_px":9.0,"authors":"Reny Nadlifatin, Ma. Janice J. Gumasing, Yogi Tri Prasetyo, Irene Dyah Ayuwati, Maela Madel L. Cahigas","n_members":10,"n_papers":5,"topic_id":31,"community_id":0}},{"type":"Feature","geometry":{"type":"Point","coordinates":[-3.7877676842193106,12.493425245554892]},"properties":{"color":"#556B2F","ordinal":"3rd","radius_px":9.0,"authors":"Satria Fadil Persada, Shu-Chiang Lin, Ilma Mufidah, Bernard C. Jiang, Jacky Chin","n_members":9,"n_papers":4,"topic_id":31,"community_id":1}},{"type":"Feature","geometry":{"type":"Point","coordinates":[5.262453436204434,8.518144807995814]},"properties":{"color":"#191970","ordinal":"1st","radius_px":9.0,"authors":"Malin Song, Xin Zhang, Yang Li, Xiongfeng Pan, Xueli Chen","n_members":62,"n_papers":25,"topic_id":32,"community_id":5}},{"type":"Feature","geometry":{"type":"Point","coordinates":[5.331251038006148,8.504474168804128]},"properties":{"color":"#2F4F4F","ordinal":"2nd","radius_px":9.0,"authors":"Jian Yu, Xunpeng Shi, Yayun Ren, Yan Wu, Peng Liu","n_members":57,"n_papers":28,"topic_id":32,"community_id":27}},{"type":"Feature","geometry":{"type":"Point","coordinates":[5.273553951200259,8.464001592066749]},"properties":{"color":"#556B2F","ordinal":"3rd","radius_px":9.0,"authors":"Bo Li, Shenggang Ren, Jing Liu, Yangjie Wang, Fan Zhou","n_members":51,"n_papers":22,"topic_id":32,"community_id":11}},{"type":"Feature","geometry":{"type":"Point","coordinates":[5.287517650592007,8.5008184835855]},"properties":{"color":"#483D8B","ordinal":"4th","radius_px":9.0,"authors":"Ming Zhang, Qunwei Wang, Yan Song, Zhenran Li, Jun Liu","n_members":48,"n_papers":20,"topic_id":32,"community_id":21}},{"type":"Feature","geometry":{"type":"Point","coordinates":[5.310945956163264,8.513863102162025]},"properties":{"color":"#708090","ordinal":"5th","radius_px":9.0,"authors":"Shuai Shao, Lili Yang, Zhenhua Zhang, Zhenbing Yang, Guoxing Zhang","n_members":47,"n_papers":24,"topic_id":32,"community_id":15}},{"type":"Feature","geometry":{"type":"Point","coordinates":[0.8123673191108797,-2.6929522579209433]},"properties":{"color":"#191970","ordinal":"1st","radius_px":9.0,"authors":"Marc A. Schuckit, Tom L. Smith, Victor Hesselbrock, Kathleen Bucholz, John Kramer","n_members":54,"n_papers":15,"topic_id":33,"community_id":18}},{"type":"Feature","geometry":{"type":"Point","coordinates":[0.7751541771807745,-2.4098133151188503]},"properties":{"color":"#2F4F4F","ordinal":"2nd","radius_px":9.0,"authors":"Thomas J. Dishion, Roy Otten, Melissa J. Hagan, Jenn-Yun Tein, Mark W. Roosa","n_members":43,"n_papers":17,"topic_id":33,"community_id":19}},{"type":"Feature","geometry":{"type":"Point","coordinates":[0.8031586246553692,-2.7409519414306542]},"properties":{"color":"#556B2F","ordinal":"3rd","radius_px":9.0,"authors":"Emmanuel Kuntsche, Gerhard Gmel, Zsolt Demetrovics, Alessio Vieno, Yvonne Eichenberger","n_members":42,"n_papers":19,"topic_id":33,"community_id":8}},{"type":"Feature","geometry":{"type":"Point","coordinates":[0.8935862706129278,-2.872273317774604]},"properties":{"color":"#483D8B","ordinal":"4th","radius_px":9.0,"authors":"J\u00fcrgen Rehm, Robert E. Mann, Christine M. Wickens, Rita K. Thomas, Gina Stoduto","n_members":40,"n_papers":13,"topic_id":33,"community_id":0}},{"type":"Feature","geometry":{"type":"Point","coordinates":[0.8606135584320966,-2.8018695259374256]},"properties":{"color":"#708090","ordinal":"5th","radius_px":9.0,"authors":"Matthew Hickman, Emma Beard, Jamie Brown, Frank de Vocht, Jon Heron","n_members":40,"n_papers":8,"topic_id":33,"community_id":6}},{"type":"Feature","geometry":{"type":"Point","coordinates":[-2.231717772420782,1.0830089944234422]},"properties":{"color":"#191970","ordinal":"1st","radius_px":9.0,"authors":"Stephanie Al Otaiba, Yaacov Petscher, Young-Suk Kim, Jeanne Wanzek, Cynthia Puranik","n_members":50,"n_papers":35,"topic_id":34,"community_id":9}},{"type":"Feature","geometry":{"type":"Point","coordinates":[-2.151697203239181,1.0124424372263219]},"properties":{"color":"#2F4F4F","ordinal":"2nd","radius_px":9.0,"authors":"Peng Peng, R. Malatesha Joshi, Si Chen, Kejin Lee, Wei Wang","n_members":42,"n_papers":15,"topic_id":34,"community_id":15}},{"type":"Feature","geometry":{"type":"Point","coordinates":[-2.2369350695036005,1.0791027633718002]},"properties":{"color":"#556B2F","ordinal":"3rd","radius_px":9.0,"authors":"Young-Suk Grace Kim, Hugh W. Catts, Carol Booth Olson, George Farkas, Jacob Steiss","n_members":37,"n_papers":25,"topic_id":34,"community_id":6}},{"type":"Feature","geometry":{"type":"Point","coordinates":[-2.0440904509060798,0.9539528495977262]},"properties":{"color":"#483D8B","ordinal":"4th","radius_px":9.0,"authors":"Michael D. Coyne, Leslie E. Simmons, Oi-man Kwok, Shanna Hagan-Burke, Deborah C. Simmons","n_members":27,"n_papers":9,"topic_id":34,"community_id":7}},{"type":"Feature","geometry":{"type":"Point","coordinates":[-2.2451668966255642,1.0139593333322834]},"properties":{"color":"#708090","ordinal":"5th","radius_px":9.0,"authors":"Virginia W. Berninger, Robert D. Abbott, C. Patrick Proctor, Steve Graham, Dan Lovitt","n_members":27,"n_papers":12,"topic_id":34,"community_id":18}},{"type":"Feature","geometry":{"type":"Point","coordinates":[1.9203343764253031,0.06089660566305424]},"properties":{"color":"#191970","ordinal":"1st","radius_px":9.0,"authors":"C. Katharina Spiess, Mathias Huebener, Daniel Kuehnle, Gert G. Wagner, Astrid Pape","n_members":10,"n_papers":11,"topic_id":35,"community_id":2}},{"type":"Feature","geometry":{"type":"Point","coordinates":[1.796983549588332,0.6073396816139425]},"properties":{"color":"#2F4F4F","ordinal":"2nd","radius_px":9.0,"authors":"Regina T. Riphahn, Steffen M\u00fcller, Caroline Schwientek, Miriam M\u00e4der, Kamila Cygan-Rehm","n_members":9,"n_papers":13,"topic_id":35,"community_id":0}},{"type":"Feature","geometry":{"type":"Point","coordinates":[1.716041147852539,0.12883098695059145]},"properties":{"color":"#556B2F","ordinal":"3rd","radius_px":9.0,"authors":"Victor Lavy, Analia Schlosser, Joshua D Angrist","n_members":3,"n_papers":2,"topic_id":35,"community_id":3}},{"type":"Feature","geometry":{"type":"Point","coordinates":[6.028702669158666,-2.3093092138223072]},"properties":{"color":"#191970","ordinal":"1st","radius_px":9.0,"authors":"Hugues Garnier, Marion Gilson, Peter C. Young, Vincent Laurain, Fengwei Chen","n_members":29,"n_papers":44,"topic_id":36,"community_id":4}},{"type":"Feature","geometry":{"type":"Point","coordinates":[6.709715411717965,-2.228510315273682]},"properties":{"color":"#2F4F4F","ordinal":"2nd","radius_px":9.0,"authors":"Rachid Malti, Manel Chetoui, St\u00e9phane Victor, Mohamed Aoun, Alain Oustaloup","n_members":22,"n_papers":14,"topic_id":36,"community_id":6}},{"type":"Feature","geometry":{"type":"Point","coordinates":[6.530934930984513,-2.370960411937876]},"properties":{"color":"#556B2F","ordinal":"3rd","radius_px":9.0,"authors":"Tongwen Chen, Wei Xing Zheng, Da-Zheng Feng, Sirish L. Shah, Roland Toth","n_members":18,"n_papers":19,"topic_id":36,"community_id":0}},{"type":"Feature","geometry":{"type":"Point","coordinates":[6.434313120610592,-2.308628571188639]},"properties":{"color":"#483D8B","ordinal":"4th","radius_px":9.0,"authors":"Alexandre Janot, Maxime Gautier, Mathieu Brunot, Fabio Ardiani, Mourad Benoussaad","n_members":16,"n_papers":10,"topic_id":36,"community_id":3}},{"type":"Feature","geometry":{"type":"Point","coordinates":[5.3812831559174255,-2.384391374665473]},"properties":{"color":"#708090","ordinal":"5th","radius_px":9.0,"authors":"Paul M.J. Van den Hof, Arne Dankers, Xavier Bombois, Mehdi Mansoori, Peter S.C. Heuberger","n_members":16,"n_papers":11,"topic_id":36,"community_id":7}},{"type":"Feature","geometry":{"type":"Point","coordinates":[2.0699780690989384,-10.627908915668266]},"properties":{"color":"#191970","ordinal":"1st","radius_px":9.0,"authors":"Jian Wang, Liang Xiao, Xun Xu, Karsten Kristiansen, Huanming Yang","n_members":168,"n_papers":30,"topic_id":37,"community_id":2}},{"type":"Feature","geometry":{"type":"Point","coordinates":[2.0367824660617218,-10.640665220794448]},"properties":{"color":"#2F4F4F","ordinal":"2nd","radius_px":9.0,"authors":"Bin Liu, Yingying Mao, Xin Zhang, Fang Wang, Yan Wang","n_members":160,"n_papers":27,"topic_id":37,"community_id":11}},{"type":"Feature","geometry":{"type":"Point","coordinates":[2.1343962783335098,-10.670435459164635]},"properties":{"color":"#556B2F","ordinal":"3rd","radius_px":9.0,"authors":"Jeroen Raes, Sara Vieira-Silva, Gwen Falony, Tuulia Hy\u00f6tyl\u00e4inen, Nicolas Pons","n_members":152,"n_papers":14,"topic_id":37,"community_id":5}},{"type":"Feature","geometry":{"type":"Point","coordinates":[2.1001371281852643,-10.63659629317634]},"properties":{"color":"#483D8B","ordinal":"4th","radius_px":9.0,"authors":"Lei Zhang, Ying Wang, Dingfeng Wu, Na Jiao, Ruixin Zhu","n_members":151,"n_papers":36,"topic_id":37,"community_id":17}},{"type":"Feature","geometry":{"type":"Point","coordinates":[2.026203405600283,-10.568616714576258]},"properties":{"color":"#708090","ordinal":"5th","radius_px":9.0,"authors":"Xin Wang, Jing Guo, Jun Ma, Ying Liu, Li Li","n_members":129,"n_papers":25,"topic_id":37,"community_id":7}},{"type":"Feature","geometry":{"type":"Point","coordinates":[-0.6632485747261445,-14.946817365985462]},"properties":{"color":"#191970","ordinal":"1st","radius_px":9.0,"authors":"Stefano Margaritora, Enrico Ruffini, Dania Nachira, Francesco Guerrera, Lorenzo Spaggiari","n_members":243,"n_papers":34,"topic_id":38,"community_id":6}},{"type":"Feature","geometry":{"type":"Point","coordinates":[-0.6216560402288989,-14.930427320758916]},"properties":{"color":"#2F4F4F","ordinal":"2nd","radius_px":9.0,"authors":"Yang Liu, Jianxing He, Wenhua Liang, Jianfei Shen, Jian Hu","n_members":176,"n_papers":45,"topic_id":38,"community_id":5}},{"type":"Feature","geometry":{"type":"Point","coordinates":[-0.6282863552716447,-15.13378427014791]},"properties":{"color":"#556B2F","ordinal":"3rd","radius_px":9.0,"authors":"Hiroyuki Ito, Morihito Okada, Yoshihiro Miyata, Hiroshi Date, Ichiro Yoshino","n_members":160,"n_papers":39,"topic_id":38,"community_id":22}},{"type":"Feature","geometry":{"type":"Point","coordinates":[-0.5212677871428968,-15.136204424570028]},"properties":{"color":"#483D8B","ordinal":"4th","radius_px":9.0,"authors":"Jun Zhao, Xin Wang, Tao Lu, Zhijie Wang, Gen Lin","n_members":158,"n_papers":38,"topic_id":38,"community_id":36}},{"type":"Feature","geometry":{"type":"Point","coordinates":[-0.6026704172210415,-15.112564923032998]},"properties":{"color":"#708090","ordinal":"5th","radius_px":9.0,"authors":"L. Wang, H. Chen, J. He, L. Yang, Z. Wang","n_members":150,"n_papers":22,"topic_id":38,"community_id":43}},{"type":"Feature","geometry":{"type":"Point","coordinates":[4.103859885361704,4.239776833575029]},"properties":{"color":"#191970","ordinal":"1st","radius_px":9.0,"authors":"Tsangyao Chang, Beatrice D. Simo-Kengne, Nicholas Apergis, Ghassen El-Montasser, Ahdi N. Ajmi","n_members":14,"n_papers":8,"topic_id":39,"community_id":1}},{"type":"Feature","geometry":{"type":"Point","coordinates":[4.035212253333731,4.15043887624869]},"properties":{"color":"#2F4F4F","ordinal":"2nd","radius_px":9.0,"authors":"Rangan Gupta, Mehmet Balcilar, Stephen M. Miller, Wendy Nyakabawo, Sonali Das","n_members":11,"n_papers":19,"topic_id":39,"community_id":3}},{"type":"Feature","geometry":{"type":"Point","coordinates":[4.047614340861293,4.101632658047539]},"properties":{"color":"#556B2F","ordinal":"3rd","radius_px":9.0,"authors":"Mark E. Wohar, Gizem Uzuner, Ricardo M. Sousa, David Roubaud, Festus Victor Bekun","n_members":6,"n_papers":4,"topic_id":39,"community_id":0}},{"type":"Feature","geometry":{"type":"Point","coordinates":[4.038437291403913,4.141598914814856]},"properties":{"color":"#483D8B","ordinal":"4th","radius_px":9.0,"authors":"Sheung-Chi Chow, Juncal Cunado, Wing-Keung Wong","n_members":3,"n_papers":1,"topic_id":39,"community_id":2}},{"type":"Feature","geometry":{"type":"Point","coordinates":[-2.5417864710436224,3.20953952275157]},"properties":{"color":"#191970","ordinal":"1st","radius_px":9.0,"authors":"Philip Hallinger, Waheed Hammad, Mahmoud Emam, Khalaf Marhoun Alabri, Yasser F. Hendawy Al-Mahdy","n_members":27,"n_papers":19,"topic_id":40,"community_id":0}},{"type":"Feature","geometry":{"type":"Point","coordinates":[-2.5780997943312784,3.238241536054483]},"properties":{"color":"#2F4F4F","ordinal":"2nd","radius_px":9.0,"authors":"Lei Mee Thien, Donnie Adams, Hao Yao, Peng Liu, Lichao Ma","n_members":27,"n_papers":26,"topic_id":40,"community_id":3}},{"type":"Feature","geometry":{"type":"Point","coordinates":[-2.6070632228361257,3.241344121740599]},"properties":{"color":"#556B2F","ordinal":"3rd","radius_px":9.0,"authors":"Murat \u00d6zdemir, Hilal Buyukgoze, K\u00f6n\u00fcl Abasl\u0131, Mehmet K\u00fc\u00e7\u00fck\u00e7ene, Gamze Tuti","n_members":22,"n_papers":14,"topic_id":40,"community_id":5}},{"type":"Feature","geometry":{"type":"Point","coordinates":[-2.5633986288961776,3.2236366814832538]},"properties":{"color":"#483D8B","ordinal":"4th","radius_px":9.0,"authors":"Ali \u00c7a\u011fatay K\u0131l\u0131n\u00e7, Mahmut Polatcan, Onur Erdo\u011fan, Ferudun Sezgin, Servet \u00d6zdemir","n_members":22,"n_papers":28,"topic_id":40,"community_id":9}},{"type":"Feature","geometry":{"type":"Point","coordinates":[-2.561582481177476,3.2601508817155533]},"properties":{"color":"#708090","ordinal":"5th","radius_px":9.0,"authors":"Mehmet \u015e\u00fckr\u00fc Belliba\u015f, Sedat G\u00fcm\u00fc\u015f, Junjun Chen, Qing Gu, Pam Sammons","n_members":17,"n_papers":25,"topic_id":40,"community_id":2}},{"type":"Feature","geometry":{"type":"Point","coordinates":[-5.507579085465416,2.361255447691357]},"properties":{"color":"#191970","ordinal":"1st","radius_px":9.0,"authors":"Albert P. C. Chan, Sainan Lyu, Bo Xia, Francis K. W. Wong, Tracy N. Y. Choi","n_members":21,"n_papers":7,"topic_id":41,"community_id":1}},{"type":"Feature","geometry":{"type":"Point","coordinates":[-5.337276712491543,2.7675400751903783]},"properties":{"color":"#2F4F4F","ordinal":"2nd","radius_px":9.0,"authors":"Ahmed Farouk Kineber, Riza Yosia Sunindijo, Idris Othman, Nicholas Chileshe, Hayroman Ahmad","n_members":20,"n_papers":13,"topic_id":41,"community_id":0}},{"type":"Feature","geometry":{"type":"Point","coordinates":[-5.367156470072645,2.820729813567124]},"properties":{"color":"#556B2F","ordinal":"3rd","radius_px":9.0,"authors":"Ahmad Shahrul Nizam Isha, Muhammad Shoaib Saleem, Mohammed Alzoraiki, Gehad Mohammed Ahmed Naji, Muhammad Ajmal","n_members":15,"n_papers":8,"topic_id":41,"community_id":2}},{"type":"Feature","geometry":{"type":"Point","coordinates":[-5.44582868716006,2.5332129916543193]},"properties":{"color":"#483D8B","ordinal":"4th","radius_px":9.0,"authors":"Mehrdad Arashpour, Amir Mahdiyar, M. Reza Hosseini, Tarek Zayed, Abdulwahed Fazeli","n_members":13,"n_papers":3,"topic_id":41,"community_id":5}},{"type":"Feature","geometry":{"type":"Point","coordinates":[-5.28288859179435,2.8999138541025355]},"properties":{"color":"#708090","ordinal":"5th","radius_px":9.0,"authors":"Hassan Ashraf, Ahsen Maqsoom, Shoeb Ahmed Memon, Muhammad Musarat, Alaa Salman","n_members":10,"n_papers":3,"topic_id":41,"community_id":3}},{"type":"Feature","geometry":{"type":"Point","coordinates":[1.8740281130763337,3.9316976422258576]},"properties":{"color":"#191970","ordinal":"1st","radius_px":9.0,"authors":"James M. Snyder, Olle Folke, Robert S. Erikson, Johanna Karin Rickne, Shigeo Hirano","n_members":8,"n_papers":11,"topic_id":42,"community_id":3}},{"type":"Feature","geometry":{"type":"Point","coordinates":[2.1786593754989383,4.253710263838131]},"properties":{"color":"#2F4F4F","ordinal":"2nd","radius_px":9.0,"authors":"Andrew B. Hall, Jennifer A. Wu, Jesse Yoder, Daniel M. Thompson, Alexander Fouirnaies","n_members":5,"n_papers":9,"topic_id":42,"community_id":0}},{"type":"Feature","geometry":{"type":"Point","coordinates":[1.8120396893502684,3.9678142161773216]},"properties":{"color":"#556B2F","ordinal":"3rd","radius_px":9.0,"authors":"Anthony Fowler, Haritz Garro, J\u00f6rg L. Spenkuch, Andrew Hall, Matthew D. Atkinson","n_members":5,"n_papers":8,"topic_id":42,"community_id":1}},{"type":"Feature","geometry":{"type":"Point","coordinates":[1.787340768310663,3.66100220062279]},"properties":{"color":"#483D8B","ordinal":"4th","radius_px":9.0,"authors":"Roc\u00edo Titiunik, Jos\u00e9 R. Zubizarreta, Luke Keele, Luke J. Keele","n_members":4,"n_papers":3,"topic_id":42,"community_id":4}},{"type":"Feature","geometry":{"type":"Point","coordinates":[-3.353550842393601,12.906421364396207]},"properties":{"color":"#191970","ordinal":"1st","radius_px":9.0,"authors":"John Th\u00f8gersen, Yanfeng Zhou, Lina Al Bitar, Rocco Roma, Malak Tleis","n_members":17,"n_papers":9,"topic_id":43,"community_id":2}},{"type":"Feature","geometry":{"type":"Point","coordinates":[-3.348863255062072,12.906930436105238]},"properties":{"color":"#2F4F4F","ordinal":"2nd","radius_px":9.0,"authors":"Svein Ottar Olsen, Ho Huy Tuu, Pirjo Honkanen, Bas Verplanken, Bj\u00f8rn Tore Nystrand","n_members":14,"n_papers":14,"topic_id":43,"community_id":0}},{"type":"Feature","geometry":{"type":"Point","coordinates":[-2.8492126747357496,11.017373201091484]},"properties":{"color":"#556B2F","ordinal":"3rd","radius_px":9.0,"authors":"Klaus G. Grunert, German Lobos, Natalia Salinas-O\u00f1ate, Berta Schnettler, Ligia Orellana","n_members":13,"n_papers":6,"topic_id":43,"community_id":4}},{"type":"Feature","geometry":{"type":"Point","coordinates":[-1.1306369418731053,7.542797122296419]},"properties":{"color":"#483D8B","ordinal":"4th","radius_px":9.0,"authors":"Wim Verbeke, Zuzanna Pieniak, Joachim Scholderer, Marcia Dutra de Barcellos, Bjarne Taulo S\u00f8rensen","n_members":11,"n_papers":6,"topic_id":43,"community_id":3}},{"type":"Feature","geometry":{"type":"Point","coordinates":[-3.2625392774270887,13.049934182649737]},"properties":{"color":"#708090","ordinal":"5th","radius_px":9.0,"authors":"Ottar Hellevik, Dana R. Fisher, Arild Vatn, Marianne Aasen, Paul Stern","n_members":6,"n_papers":1,"topic_id":43,"community_id":1}},{"type":"Feature","geometry":{"type":"Point","coordinates":[5.642439694388854,-2.2334286359176545]},"properties":{"color":"#191970","ordinal":"1st","radius_px":9.0,"authors":"Xiaohong Chen, Yingyao Hu, Arthur Lewbel, Christoph Breunig, Oliver Linton","n_members":31,"n_papers":55,"topic_id":44,"community_id":0}},{"type":"Feature","geometry":{"type":"Point","coordinates":[5.656455676820991,-2.3676885943052453]},"properties":{"color":"#2F4F4F","ordinal":"2nd","radius_px":9.0,"authors":"Dylan S. Small, Zhiqiang Tan, Jing Cheng, Scott A. Lorch, Zijian Guo","n_members":22,"n_papers":16,"topic_id":44,"community_id":3}},{"type":"Feature","geometry":{"type":"Point","coordinates":[5.582812262697102,-2.2965594440761725]},"properties":{"color":"#556B2F","ordinal":"3rd","radius_px":9.0,"authors":"Dylan S Small, Atsushi Inoue, Xu Han, Mike Baiocchi, Ashkan Ertefaie","n_members":19,"n_papers":12,"topic_id":44,"community_id":8}},{"type":"Feature","geometry":{"type":"Point","coordinates":[5.599456155843419,-2.293507215213167]},"properties":{"color":"#483D8B","ordinal":"4th","radius_px":9.0,"authors":"Victor Chernozhukov, Christian Hansen, Alexandre Belloni, Michael Jansson, Denis Chetverikov","n_members":18,"n_papers":29,"topic_id":44,"community_id":6}},{"type":"Feature","geometry":{"type":"Point","coordinates":[5.695436811037859,-2.287500719394405]},"properties":{"color":"#708090","ordinal":"5th","radius_px":9.0,"authors":"James H. Stock, Marcelo J. Moreira, Donald W. K. Andrews, Donald W.K. Andrews, Isaiah Andrews","n_members":17,"n_papers":24,"topic_id":44,"community_id":7}},{"type":"Feature","geometry":{"type":"Point","coordinates":[-6.136730216460742,-2.6085769242359595]},"properties":{"color":"#191970","ordinal":"1st","radius_px":9.0,"authors":"Chunhui Zhao, Biao Huang, Pengyu Song, Jian Yang, Xiang Gao","n_members":27,"n_papers":21,"topic_id":45,"community_id":2}},{"type":"Feature","geometry":{"type":"Point","coordinates":[-6.22008272877142,-2.6075320889499114]},"properties":{"color":"#2F4F4F","ordinal":"2nd","radius_px":9.0,"authors":"Yuan Yao, Jian-Guo Wang, Rui Chen, Zhong-Tao Xie, Li-Lan Liu","n_members":26,"n_papers":21,"topic_id":45,"community_id":3}},{"type":"Feature","geometry":{"type":"Point","coordinates":[-6.163966516002492,-2.457529294340987]},"properties":{"color":"#556B2F","ordinal":"3rd","radius_px":9.0,"authors":"Bin Jiang, Ningyun Lu, Yang Li, Qi Zhang, Shuai Li","n_members":24,"n_papers":7,"topic_id":45,"community_id":6}},{"type":"Feature","geometry":{"type":"Point","coordinates":[-6.204763797938065,-2.6415807310671253]},"properties":{"color":"#483D8B","ordinal":"4th","radius_px":9.0,"authors":"Yiqi Liu, Baoping Cai, Chao Yang, Daoping Huang, Xiangdi Kong","n_members":22,"n_papers":7,"topic_id":45,"community_id":1}},{"type":"Feature","geometry":{"type":"Point","coordinates":[-6.2221210794117665,-2.622837811436222]},"properties":{"color":"#708090","ordinal":"5th","radius_px":9.0,"authors":"Zhengbing Yan, Han-Sheng Chen, Yi Liu, Haibin Wu, Ching-Mei Wen","n_members":16,"n_papers":7,"topic_id":45,"community_id":8}},{"type":"Feature","geometry":{"type":"Point","coordinates":[-0.7234359852978314,-0.6269619131001624]},"properties":{"color":"#191970","ordinal":"1st","radius_px":9.0,"authors":"Mark D. Griffiths, Chung-Ying Lin, Amir H. Pakpour, I-Hua Chen, Serene En Hui Tung","n_members":58,"n_papers":26,"topic_id":46,"community_id":5}},{"type":"Feature","geometry":{"type":"Point","coordinates":[-0.8675012151491344,-0.1207626067914865]},"properties":{"color":"#2F4F4F","ordinal":"2nd","radius_px":9.0,"authors":"Jon D. Elhai, Christian Montag, Haibo Yang, Dmitri Rozgonjuk, Caleb J. Hallauer","n_members":44,"n_papers":23,"topic_id":46,"community_id":12}},{"type":"Feature","geometry":{"type":"Point","coordinates":[-0.8244179260661206,-0.15209170528689256]},"properties":{"color":"#556B2F","ordinal":"3rd","radius_px":9.0,"authors":"Silvia Casale, Alessio Gori, Giuseppe Craparo, Eleonora Topino, Marco Cacioppo","n_members":23,"n_papers":9,"topic_id":46,"community_id":1}},{"type":"Feature","geometry":{"type":"Point","coordinates":[-0.7296150151498699,-0.22192162196235082]},"properties":{"color":"#483D8B","ordinal":"4th","radius_px":9.0,"authors":"Adriano Schimmenti, Jo\u00ebl Billieux, Alessandro Musetti, Vladan Starcevic, Lo\u00efs Fournier","n_members":23,"n_papers":9,"topic_id":46,"community_id":10}},{"type":"Feature","geometry":{"type":"Point","coordinates":[-0.7968771466075886,-0.1546392652232177]},"properties":{"color":"#708090","ordinal":"5th","radius_px":9.0,"authors":"Claudia Marino, Marcantonio M. Spada, Jafar Hasani, Ofir Turel, Ian P. Albery","n_members":20,"n_papers":7,"topic_id":46,"community_id":11}},{"type":"Feature","geometry":{"type":"Point","coordinates":[0.2885710548644115,-11.82945319056924]},"properties":{"color":"#191970","ordinal":"1st","radius_px":9.0,"authors":"Matteo Bassetti, Francesca Raffaelli, Mario Tumbarello, Annalisa Saracino, Pierluigi Viale","n_members":247,"n_papers":26,"topic_id":47,"community_id":27}},{"type":"Feature","geometry":{"type":"Point","coordinates":[0.4663746682643167,-12.008524667698527]},"properties":{"color":"#2F4F4F","ordinal":"2nd","radius_px":9.0,"authors":"Mical Paul, Alessandra Mularoni, Jes\u00fas Rodr\u00edguez-Ba\u00f1o, Jos\u00e9 Mar\u00eda Aguado, \u00c1lvaro Pascual","n_members":146,"n_papers":35,"topic_id":47,"community_id":5}},{"type":"Feature","geometry":{"type":"Point","coordinates":[-0.19950350997245983,-11.437416104336489]},"properties":{"color":"#556B2F","ordinal":"3rd","radius_px":9.0,"authors":"Robert L Gottlieb, Essy Mozaffari, Aastha Chandak, Mark Berry, Diego Ripamonti","n_members":139,"n_papers":18,"topic_id":47,"community_id":11}},{"type":"Feature","geometry":{"type":"Point","coordinates":[0.42085952986857156,-12.011316169294341]},"properties":{"color":"#483D8B","ordinal":"4th","radius_px":9.0,"authors":"Kayoko Hayakawa, Keith S. Kaye, Michael J. Rybak, Emily T. Martin, Norio Ohmagari","n_members":137,"n_papers":21,"topic_id":47,"community_id":3}},{"type":"Feature","geometry":{"type":"Point","coordinates":[0.23388024288076834,-11.804576232018421]},"properties":{"color":"#708090","ordinal":"5th","radius_px":9.0,"authors":"Alex Soriano, Harald Seifert, Hong Bin Kim, Laura Morata, Lina Glaubitz","n_members":129,"n_papers":17,"topic_id":47,"community_id":13}},{"type":"Feature","geometry":{"type":"Point","coordinates":[-4.0211001517054825,4.116604869770961]},"properties":{"color":"#191970","ordinal":"1st","radius_px":9.0,"authors":"Wilmar B. Schaufeli, Arnold B. Bakker, Toon W. Taris, Paul J.G. Schreurs, Willem Van Rhenen","n_members":18,"n_papers":21,"topic_id":48,"community_id":3}},{"type":"Feature","geometry":{"type":"Point","coordinates":[-4.074587628238537,4.064872177177626]},"properties":{"color":"#2F4F4F","ordinal":"2nd","radius_px":9.0,"authors":"Evangelia Demerouti, Janneke Brouwer, Arnold Bakker, Friedhelm Nachreiner, Ren\u00e9e Van Der Hulst","n_members":14,"n_papers":8,"topic_id":48,"community_id":4}},{"type":"Feature","geometry":{"type":"Point","coordinates":[-4.13471037294448,3.9760969504701897]},"properties":{"color":"#556B2F","ordinal":"3rd","radius_px":9.0,"authors":"Renzo Bianchi, Laurenz L. Meier, Guadalupe Manzano-Garc\u00eda, Jay Verkuilen, Irvin S. Schonfeld","n_members":13,"n_papers":5,"topic_id":48,"community_id":5}},{"type":"Feature","geometry":{"type":"Point","coordinates":[-3.924527872632981,4.173883692253753]},"properties":{"color":"#483D8B","ordinal":"4th","radius_px":9.0,"authors":"Despoina Xanthopoulou, Maureen F. Dollard, Jacques C. Metzer, Evangelos C. Karademas, Panagiotis G. Simos","n_members":10,"n_papers":4,"topic_id":48,"community_id":2}},{"type":"Feature","geometry":{"type":"Point","coordinates":[-4.092744427469314,4.204996228892398]},"properties":{"color":"#708090","ordinal":"5th","radius_px":9.0,"authors":"Peter P.M. Janssen, Inge Houkes, Anja Van den Broeck, Katarzyna Czabanowska, Jan de Jonge","n_members":9,"n_papers":5,"topic_id":48,"community_id":0}},{"type":"Feature","geometry":{"type":"Point","coordinates":[-6.083136247629635,2.2040527280733655]},"properties":{"color":"#191970","ordinal":"1st","radius_px":9.0,"authors":"Abbas Sheykhfard, Farshidreza Haghighi, Subasish Das, Grigorios Fountas, Shahrbanoo Kavianpour","n_members":19,"n_papers":11,"topic_id":49,"community_id":6}},{"type":"Feature","geometry":{"type":"Point","coordinates":[-6.060849225795244,2.167083115041908]},"properties":{"color":"#2F4F4F","ordinal":"2nd","radius_px":9.0,"authors":"Amir Abbas Rassafi, Babak Mirbaha, Hamid Reza Behnood, Ali Khanpour, Behzad Bamdad Mehrabani","n_members":14,"n_papers":7,"topic_id":49,"community_id":1}},{"type":"Feature","geometry":{"type":"Point","coordinates":[-6.046714918587496,2.2604592493033904]},"properties":{"color":"#556B2F","ordinal":"3rd","radius_px":9.0,"authors":"Zhaleh Shams, Ehsan Ramezani-Khansari, Habibollah Nassiri, Hossein Naderi, Fereidoon Moghadas Nejad","n_members":12,"n_papers":7,"topic_id":49,"community_id":4}},{"type":"Feature","geometry":{"type":"Point","coordinates":[-6.118158317406683,2.2530226747430993]},"properties":{"color":"#483D8B","ordinal":"4th","radius_px":9.0,"authors":"Sjaan Koppel, Amanda N. Stephens, Richard Chambers, Fareed Kaviani, Craig Hassed","n_members":11,"n_papers":5,"topic_id":49,"community_id":0}},{"type":"Feature","geometry":{"type":"Point","coordinates":[-5.462297844881927,2.315853130593288]},"properties":{"color":"#708090","ordinal":"5th","radius_px":9.0,"authors":"Trond Nordfj\u00e6rn, Mostafa Soltaninejad, \u00d6zlem \u015eim\u015feko\u011flu, Navid Nadimi, Fariborz Mansourifar","n_members":10,"n_papers":8,"topic_id":49,"community_id":2}},{"type":"Feature","geometry":{"type":"Point","coordinates":[3.957765935956441,2.2030772366093045]},"properties":{"color":"#191970","ordinal":"1st","radius_px":9.0,"authors":"Yogi Tri Prasetyo, Reny Nadlifatin, Satria Fadil Persada, Thanatorn Chuenyindee, Maela Madel L. Cahigas","n_members":14,"n_papers":12,"topic_id":50,"community_id":3}},{"type":"Feature","geometry":{"type":"Point","coordinates":[3.947068550719388,2.200420432635962]},"properties":{"color":"#2F4F4F","ordinal":"2nd","radius_px":9.0,"authors":"Anak Agung Ngurah Perwira Redi, Fae Coleen Lagura, Michael Nayat Young, Jomy Anne Villas, Keenan Mark Sigua","n_members":11,"n_papers":3,"topic_id":50,"community_id":1}},{"type":"Feature","geometry":{"type":"Point","coordinates":[3.959688025625402,2.2062926435930983]},"properties":{"color":"#556B2F","ordinal":"3rd","radius_px":9.0,"authors":"Ardvin Kester S. Ong, Yoshiki B. Kurata, John Karol F. Angeles, Justine Lian P. Fabia, Reynalyn M. Dizon","n_members":7,"n_papers":11,"topic_id":50,"community_id":0}},{"type":"Feature","geometry":{"type":"Point","coordinates":[-1.4636826608764928,6.95011864027498]},"properties":{"color":"#191970","ordinal":"1st","radius_px":9.0,"authors":"Binyam Tilahun, Shegaw Anagaw Mengiste, Monika Knudsen Gullslett, Eden Abetu Mehari, Kirubel Biruk Shiferaw","n_members":17,"n_papers":6,"topic_id":51,"community_id":1}},{"type":"Feature","geometry":{"type":"Point","coordinates":[-1.4399172672816891,6.889012148888073]},"properties":{"color":"#2F4F4F","ordinal":"2nd","radius_px":9.0,"authors":"Geleta Nenko Dube, Habtamu Alganeh Guadie, Mohammedjud Hassen Ahmed, Jorn Klein, Mulusew Andualem Asemahagn","n_members":17,"n_papers":6,"topic_id":51,"community_id":4}},{"type":"Feature","geometry":{"type":"Point","coordinates":[-1.2050632257333107,5.165947504247369]},"properties":{"color":"#556B2F","ordinal":"3rd","radius_px":9.0,"authors":"Masresha Derese Tegegne, Sisay Maru Wubante, Mequannent Sharew Melaku, Addisalem Workie Demsash, Chalachew Msganaw Yehula","n_members":15,"n_papers":5,"topic_id":51,"community_id":2}},{"type":"Feature","geometry":{"type":"Point","coordinates":[-1.3868967608514573,6.29979191481433]},"properties":{"color":"#483D8B","ordinal":"4th","radius_px":9.0,"authors":"Agmasie Damtew Walle, Kassahun Dessie Gashu, Berhanu Fikadie Endehabtu, Solomon Abuhay Abebe, Debela Tsegaye Hailu","n_members":14,"n_papers":11,"topic_id":51,"community_id":0}},{"type":"Feature","geometry":{"type":"Point","coordinates":[-1.4691407351189878,6.806658105061834]},"properties":{"color":"#708090","ordinal":"5th","radius_px":9.0,"authors":"Jenberu Mekurianew Kelkay, Henok Dessie Wubneh, Addisu Alem Negatu, Henok Molla Beri, Abel Melaku Tefera","n_members":8,"n_papers":3,"topic_id":51,"community_id":3}},{"type":"Feature","geometry":{"type":"Point","coordinates":[-1.5663122053517107,-9.874339971051233]},"properties":{"color":"#191970","ordinal":"1st","radius_px":9.0,"authors":"Michael A. Mont, Nipun Sodhi, Andrea Coppolecchia, Ronald E. Delanois, Michael Mont","n_members":52,"n_papers":14,"topic_id":52,"community_id":6}},{"type":"Feature","geometry":{"type":"Point","coordinates":[-1.5690357389950231,-9.865040028931553]},"properties":{"color":"#2F4F4F","ordinal":"2nd","radius_px":9.0,"authors":"Robert M. Molloy, Nicolas S. Piuzzi, Yuxuan Jin, Alison K. Klika, Viktor E. Krebs","n_members":44,"n_papers":16,"topic_id":52,"community_id":0}},{"type":"Feature","geometry":{"type":"Point","coordinates":[-1.5559388373781085,-9.87658928375954]},"properties":{"color":"#556B2F","ordinal":"3rd","radius_px":9.0,"authors":"Alexander S. McLawhorn, Ran Schwarzkopf, William W. Schairer, Douglas E. Padgett, Michael C. Fu","n_members":36,"n_papers":12,"topic_id":52,"community_id":3}},{"type":"Feature","geometry":{"type":"Point","coordinates":[-1.4779724413359179,-9.894681527194134]},"properties":{"color":"#483D8B","ordinal":"4th","radius_px":9.0,"authors":"James Nace, Antonia F. Chen, Richard Iorio, Stephen L. Kates, Christopher E. Pelt","n_members":33,"n_papers":8,"topic_id":52,"community_id":7}},{"type":"Feature","geometry":{"type":"Point","coordinates":[-1.4338373000324882,-9.946729101277544]},"properties":{"color":"#708090","ordinal":"5th","radius_px":9.0,"authors":"Timothy L. Tan, Feng-Chih Kuo, Thorsten M. Seyler, Sean P. Ryan, Michael P. Bolognesi","n_members":32,"n_papers":7,"topic_id":52,"community_id":2}},{"type":"Feature","geometry":{"type":"Point","coordinates":[1.6005155787050522,-2.5637381632784817]},"properties":{"color":"#191970","ordinal":"1st","radius_px":9.0,"authors":"Denis Nash, Mary-Ann Davies, Kara Wools-Kaloustian, Ellen Brazier, Jacob Bor","n_members":142,"n_papers":30,"topic_id":53,"community_id":16}},{"type":"Feature","geometry":{"type":"Point","coordinates":[1.0244741104825128,-2.400714139874256]},"properties":{"color":"#2F4F4F","ordinal":"2nd","radius_px":9.0,"authors":"Torsten B. Neilands, Kenneth H. Mayer, Mallory O. Johnson, Kathleen Kahn, James M. McMahon","n_members":138,"n_papers":34,"topic_id":53,"community_id":0}},{"type":"Feature","geometry":{"type":"Point","coordinates":[1.3050056430257333,-2.2377666148133333]},"properties":{"color":"#556B2F","ordinal":"3rd","radius_px":9.0,"authors":"Judith A. Stein, Mary Jane Rotheram-Borus, Jessy G. D\u00e9vieux, Robert Malow, Eric Rice","n_members":117,"n_papers":30,"topic_id":53,"community_id":4}},{"type":"Feature","geometry":{"type":"Point","coordinates":[1.3209120701286998,-2.488828536468593]},"properties":{"color":"#483D8B","ordinal":"4th","radius_px":9.0,"authors":"Adaora A. Adimora, Andrew Edmonds, Michael W. Plankey, Deborah Gustafson, Anjali Sharma","n_members":114,"n_papers":20,"topic_id":53,"community_id":6}},{"type":"Feature","geometry":{"type":"Point","coordinates":[1.26831945910795,-2.2948030090930707]},"properties":{"color":"#708090","ordinal":"5th","radius_px":9.0,"authors":"Ying Wang, Carmen H. Logie, Alexandra de Pokomandy, Angela Kaida, Tracey Conway","n_members":111,"n_papers":30,"topic_id":53,"community_id":9}},{"type":"Feature","geometry":{"type":"Point","coordinates":[0.1449454153132032,-0.5165251348256994]},"properties":{"color":"#191970","ordinal":"1st","radius_px":9.0,"authors":"Randal D. Day, Laura M. Padilla-Walker, AliceAnn Crandall, Anne W. Riley, W. Justin Dyer","n_members":25,"n_papers":11,"topic_id":54,"community_id":0}},{"type":"Feature","geometry":{"type":"Point","coordinates":[0.17767459859538923,-0.3890699517314101]},"properties":{"color":"#2F4F4F","ordinal":"2nd","radius_px":9.0,"authors":"Kenneth A. Dodge, Jennifer E. Lansford, Concetta Pastorelli, Sombat Tapanya, Emma Sorbring","n_members":23,"n_papers":10,"topic_id":54,"community_id":1}},{"type":"Feature","geometry":{"type":"Point","coordinates":[0.26446306976812517,-0.5615976560084853]},"properties":{"color":"#556B2F","ordinal":"3rd","radius_px":9.0,"authors":"Rashmita S. Mistry, Vonnie C. McLoyd, Su Yeong Kim, Elizabeth A. Vandewater, Connie S. Tan","n_members":12,"n_papers":6,"topic_id":54,"community_id":3}},{"type":"Feature","geometry":{"type":"Point","coordinates":[0.12172899364246159,-0.5535914714818738]},"properties":{"color":"#483D8B","ordinal":"4th","radius_px":9.0,"authors":"Kirby Deater-Deckard, Suha M. Al-Hassan, Sevtap Gurdal, Qian Long, Qin Liu","n_members":9,"n_papers":5,"topic_id":54,"community_id":2}},{"type":"Feature","geometry":{"type":"Point","coordinates":[0.1567999067861861,-0.36170583391460803]},"properties":{"color":"#708090","ordinal":"5th","radius_px":9.0,"authors":"Gregory S. Pettit, Nicholas Lofthouse, John E. Bates, Margaret K. Keiley","n_members":4,"n_papers":1,"topic_id":54,"community_id":4}},{"type":"Feature","geometry":{"type":"Point","coordinates":[4.788586099657954,8.637853708308993]},"properties":{"color":"#191970","ordinal":"1st","radius_px":9.0,"authors":"Chuanwang Sun, Dandan Zhu, Meibo Huang, Chaofeng Lyu, Ke Chen","n_members":17,"n_papers":9,"topic_id":55,"community_id":7}},{"type":"Feature","geometry":{"type":"Point","coordinates":[4.715864518088256,8.760731923978257]},"properties":{"color":"#2F4F4F","ordinal":"2nd","radius_px":9.0,"authors":"Haitao Wu, Siyu Ren, Tao Lin, Yaojun Bian, Yangping Huang","n_members":16,"n_papers":5,"topic_id":55,"community_id":3}},{"type":"Feature","geometry":{"type":"Point","coordinates":[4.758671945339756,8.724734362737149]},"properties":{"color":"#556B2F","ordinal":"3rd","radius_px":9.0,"authors":"Yi Shi, Yuping Shang, Xiaowei Ma, Genjin Sun, Yanxiu Liu","n_members":15,"n_papers":5,"topic_id":55,"community_id":2}},{"type":"Feature","geometry":{"type":"Point","coordinates":[4.665914952346013,8.781277095046075]},"properties":{"color":"#483D8B","ordinal":"4th","radius_px":9.0,"authors":"Javier Cifuentes-Faura, Yanchao Feng, Rui Dong, Sihan Peng, Yan Li","n_members":15,"n_papers":8,"topic_id":55,"community_id":8}},{"type":"Feature","geometry":{"type":"Point","coordinates":[4.727359907625949,8.751554186586134]},"properties":{"color":"#708090","ordinal":"5th","radius_px":9.0,"authors":"Bangzhu Zhu, Lin Zhang, Ping Wang, Zhanchi Wu, Jiahui Xia","n_members":11,"n_papers":4,"topic_id":55,"community_id":0}},{"type":"Feature","geometry":{"type":"Point","coordinates":[2.834089200875243,3.035632371729971]},"properties":{"color":"#191970","ordinal":"1st","radius_px":9.0,"authors":"Mario Bossler, Lutz Bellmann, Hans-Dieter Gerner, Olaf H\u00fcbler, Richard Upward","n_members":18,"n_papers":17,"topic_id":56,"community_id":0}},{"type":"Feature","geometry":{"type":"Point","coordinates":[2.7558173618076336,3.127557651620719]},"properties":{"color":"#2F4F4F","ordinal":"2nd","radius_px":9.0,"authors":"Alexander Hijzen, Pedro S. Martins, Stefano Scarpetta, Leopoldo Mondauto, Pierre Cahuc","n_members":11,"n_papers":15,"topic_id":56,"community_id":4}},{"type":"Feature","geometry":{"type":"Point","coordinates":[2.6900494246093913,2.7636587473763936]},"properties":{"color":"#556B2F","ordinal":"3rd","radius_px":9.0,"authors":"Marco Caliendo, Robert Mahlstedt, Steffen K\u00fcnn, Oscar A. Mitnik, Stefan T\u00fcbbicke","n_members":10,"n_papers":23,"topic_id":56,"community_id":3}},{"type":"Feature","geometry":{"type":"Point","coordinates":[2.8739784089514653,3.0121297692065867]},"properties":{"color":"#483D8B","ordinal":"4th","radius_px":9.0,"authors":"Carsten Schr\u00f6der, Malte Preuss, Cosima Obst, Markus M. Grabka, Patrick Burauel","n_members":9,"n_papers":4,"topic_id":56,"community_id":6}},{"type":"Feature","geometry":{"type":"Point","coordinates":[2.682985710679227,2.744531409811699]},"properties":{"color":"#708090","ordinal":"5th","radius_px":9.0,"authors":"Stephan L. Thomsen, Reinhard Hujer, Thomas Walter, Bernhard Boockmann, Alisher Aldashev","n_members":6,"n_papers":9,"topic_id":56,"community_id":1}},{"type":"Feature","geometry":{"type":"Point","coordinates":[1.8825695108321703,0.9919199680049886]},"properties":{"color":"#191970","ordinal":"1st","radius_px":9.0,"authors":"John M. MacDonald, Greg Ridgeway, John MacDonald, Vicky W. Tam, Jessica Saunders","n_members":22,"n_papers":20,"topic_id":57,"community_id":3}},{"type":"Feature","geometry":{"type":"Point","coordinates":[1.6734827529776195,1.052919829506896]},"properties":{"color":"#2F4F4F","ordinal":"2nd","radius_px":9.0,"authors":"Jeffrey Fagan, Anthony A. Braga, Tracey L. Meares, Andrew V. Papachristos, Christopher Winship","n_members":18,"n_papers":12,"topic_id":57,"community_id":4}},{"type":"Feature","geometry":{"type":"Point","coordinates":[1.667016166403453,1.1616397978393922]},"properties":{"color":"#556B2F","ordinal":"3rd","radius_px":9.0,"authors":"Kiseong Kuen, David Weisburd, Kwang Hyun Ra, Charlotte Gill, Taryn Zastrow","n_members":15,"n_papers":6,"topic_id":57,"community_id":2}},{"type":"Feature","geometry":{"type":"Point","coordinates":[2.116240304624423,0.9460058274589206]},"properties":{"color":"#483D8B","ordinal":"4th","radius_px":9.0,"authors":"Charles C. Branas, Michelle C. Kondo, Eugenia C. South, Bernadette C. Hohl, Marc A. Zimmerman","n_members":14,"n_papers":10,"topic_id":57,"community_id":5}},{"type":"Feature","geometry":{"type":"Point","coordinates":[1.963140427807319,1.1042628758623987]},"properties":{"color":"#708090","ordinal":"5th","radius_px":9.0,"authors":"Jonathan Jay, David Hemenway, Quynh Nguyen, Luke W. Miratrix, Marcia P Jimenez","n_members":9,"n_papers":3,"topic_id":57,"community_id":0}},{"type":"Feature","geometry":{"type":"Point","coordinates":[-1.9785770495623527,11.9876239782879]},"properties":{"color":"#191970","ordinal":"1st","radius_px":9.0,"authors":"Ediyanto Ediyanto, Lita Permata Sari, Lusiana Tulhusnah, Rini Kartika Sari, Ika Wahyuni","n_members":14,"n_papers":15,"topic_id":58,"community_id":3}},{"type":"Feature","geometry":{"type":"Point","coordinates":[-2.006029773373915,12.015076702099464]},"properties":{"color":"#2F4F4F","ordinal":"2nd","radius_px":9.0,"authors":"Mohammad Yahya Arief, Yudha Praja, Riska Ayu Pramesthi, Triska Dewi Pramitasari, Diana Alfaini","n_members":13,"n_papers":12,"topic_id":58,"community_id":2}},{"type":"Feature","geometry":{"type":"Point","coordinates":[-1.7293479236465499,11.615488431378417]},"properties":{"color":"#556B2F","ordinal":"3rd","radius_px":9.0,"authors":"Hendra Syahputra, Muhammad Adam, Merry Roseline Pasaribu, Bob Foster, Sarboini Sarboini","n_members":13,"n_papers":8,"topic_id":58,"community_id":4}},{"type":"Feature","geometry":{"type":"Point","coordinates":[-1.9675535832576232,11.989362389380764]},"properties":{"color":"#483D8B","ordinal":"4th","radius_px":9.0,"authors":"Karnadi Karnadi, Randika Fandiyanto, Febri Ariyantiningsih, Dhimas Adhitya, Rafika Febri Pristika Ningrum","n_members":12,"n_papers":11,"topic_id":58,"community_id":0}},{"type":"Feature","geometry":{"type":"Point","coordinates":[-1.9758872247213952,11.963446511782678]},"properties":{"color":"#708090","ordinal":"5th","radius_px":9.0,"authors":"Minullah Minullah, Ida Subaida, Rico Arif Pratama, Siti Soeliha, Nona Ina","n_members":10,"n_papers":7,"topic_id":58,"community_id":1}},{"type":"Feature","geometry":{"type":"Point","coordinates":[2.2362051166616013,-12.47848797458454]},"properties":{"color":"#191970","ordinal":"1st","radius_px":9.0,"authors":"Farhad Ravandi, Koji Sasaki, Elias Jabbour, Naveen Pemmaraju, Guillermo Garcia-Manero","n_members":291,"n_papers":64,"topic_id":59,"community_id":3}},{"type":"Feature","geometry":{"type":"Point","coordinates":[2.168226157202788,-12.46901827768794]},"properties":{"color":"#2F4F4F","ordinal":"2nd","radius_px":9.0,"authors":"Yoshiko Atsuta, Takahiro Fukuda, Naoyuki Uchida, Tatsuo Ichinohe, Yoshinobu Kanda","n_members":288,"n_papers":40,"topic_id":59,"community_id":26}},{"type":"Feature","geometry":{"type":"Point","coordinates":[2.024260677889065,-12.419017529600898]},"properties":{"color":"#556B2F","ordinal":"3rd","radius_px":9.0,"authors":"Brian T. Hill, Daniel J. Landsburg, Frederick Lansigan, Paolo F. Caimi, Reem Karmali","n_members":286,"n_papers":46,"topic_id":59,"community_id":7}},{"type":"Feature","geometry":{"type":"Point","coordinates":[2.1518010273044035,-12.433231499651761]},"properties":{"color":"#483D8B","ordinal":"4th","radius_px":9.0,"authors":"Nicolaus Kr\u00f6ger, Michael Heuser, Marie Robin, Arnold Ganser, Thomas Schroeder","n_members":216,"n_papers":36,"topic_id":59,"community_id":2}},{"type":"Feature","geometry":{"type":"Point","coordinates":[1.9399322613534793,-12.485133561778559]},"properties":{"color":"#708090","ordinal":"5th","radius_px":9.0,"authors":"Sylvie Chevret, Anne Huynh, Emmanuel Bachy, Roch Houot, Natacha Maillard","n_members":215,"n_papers":33,"topic_id":59,"community_id":12}},{"type":"Feature","geometry":{"type":"Point","coordinates":[1.9269385499478555,-5.7647777675732454]},"properties":{"color":"#191970","ordinal":"1st","radius_px":9.0,"authors":"Jennifer B. Unger, Chih-Ping Chou, Jessica L. Barrington-Trimis, Adam M. Leventhal, Seth J. Schwartz","n_members":28,"n_papers":8,"topic_id":60,"community_id":1}},{"type":"Feature","geometry":{"type":"Point","coordinates":[2.011061961930345,-5.813756519807673]},"properties":{"color":"#2F4F4F","ordinal":"2nd","radius_px":9.0,"authors":"Jennifer B Unger, Lourdes Baezconde-Garbanati, Steve Sussman, Jimi Huh, Shi Huang","n_members":25,"n_papers":7,"topic_id":60,"community_id":11}},{"type":"Feature","geometry":{"type":"Point","coordinates":[2.0004031010388403,-5.814777827725547]},"properties":{"color":"#556B2F","ordinal":"3rd","radius_px":9.0,"authors":"Amanda J. Quisenberry, Megan E. Roberts, Andrea C. Villanti, Stephen T. Higgins, Allison N. Kurti","n_members":24,"n_papers":4,"topic_id":60,"community_id":3}},{"type":"Feature","geometry":{"type":"Point","coordinates":[1.9738550114129185,-5.86701711546284]},"properties":{"color":"#483D8B","ordinal":"4th","radius_px":9.0,"authors":"Pallav Pokhrel, Pebbles Fagan, Judith S. Brook, Thaddeus A. Herzog, Linnea Laestadius","n_members":24,"n_papers":9,"topic_id":60,"community_id":5}},{"type":"Feature","geometry":{"type":"Point","coordinates":[2.0170813909222547,-5.825419215074605]},"properties":{"color":"#708090","ordinal":"5th","radius_px":9.0,"authors":"Michael F. Pesko, Donald Kenkel, Charles Courtemanche, Johanna Catherine Maclean, Nathan W. Tefft","n_members":23,"n_papers":11,"topic_id":60,"community_id":8}},{"type":"Feature","geometry":{"type":"Point","coordinates":[-2.005922455554173,-15.33924079636928]},"properties":{"color":"#191970","ordinal":"1st","radius_px":9.0,"authors":"Jim C. Hu, Firas Abdollah, Paul L. Nguyen, Mani Menon, Quoc\u2010Dien Trinh","n_members":171,"n_papers":39,"topic_id":61,"community_id":4}},{"type":"Feature","geometry":{"type":"Point","coordinates":[-1.8989609860090055,-15.304364568757522]},"properties":{"color":"#2F4F4F","ordinal":"2nd","radius_px":9.0,"authors":"Takahiro Kimura, Shintaro Narita, Chikara Ohyama, Tomonori Habuchi, Shingo Hatakeyama","n_members":121,"n_papers":22,"topic_id":61,"community_id":17}},{"type":"Feature","geometry":{"type":"Point","coordinates":[-1.9290182307535257,-15.248725094764755]},"properties":{"color":"#556B2F","ordinal":"3rd","radius_px":9.0,"authors":"Vipul Patel, Travis Rogers, Marcio Covas Moschovas, Marco Sandri, Bernardo Rocco","n_members":100,"n_papers":29,"topic_id":61,"community_id":13}},{"type":"Feature","geometry":{"type":"Point","coordinates":[-1.9407750354931539,-15.291174795950447]},"properties":{"color":"#483D8B","ordinal":"4th","radius_px":9.0,"authors":"Daniele Castellani, Luca Cindolo, Nariman Gadzhiev, Fernando G\u00f3mez Sancha, Dmitry Enikeev","n_members":100,"n_papers":13,"topic_id":61,"community_id":15}},{"type":"Feature","geometry":{"type":"Point","coordinates":[-1.9926783359024876,-15.336722955213807]},"properties":{"color":"#708090","ordinal":"5th","radius_px":9.0,"authors":"Markus Graefen, Pierre I. Karakiewicz, Alberto Briganti, Zhe Tian, Shahrokh F. Shariat","n_members":100,"n_papers":45,"topic_id":61,"community_id":26}},{"type":"Feature","geometry":{"type":"Point","coordinates":[-5.0595313156531505,10.206511400122922]},"properties":{"color":"#191970","ordinal":"1st","radius_px":9.0,"authors":"Muhammad Shahbaz, Ronald Ravinesh Kumar, Peter Josef Stauvermann, Nanthakumar Loganathan, Aviral Kumar Tiwari","n_members":30,"n_papers":25,"topic_id":62,"community_id":0}},{"type":"Feature","geometry":{"type":"Point","coordinates":[-5.448282412797585,10.309218681223976]},"properties":{"color":"#2F4F4F","ordinal":"2nd","radius_px":9.0,"authors":"Daniel Balsalobre-Lorente, Buhari Do\u011fan, Umer Shahzad, Muhammad Usman, Cosimo Magazzino","n_members":27,"n_papers":13,"topic_id":62,"community_id":7}},{"type":"Feature","geometry":{"type":"Point","coordinates":[-3.1661415961920905,9.856783263627666]},"properties":{"color":"#556B2F","ordinal":"3rd","radius_px":9.0,"authors":"Khalid Zaman, Zahid Yousaf, Mohamed A. Sharkawy, Sanil S. Hishan, None Sasmoko","n_members":24,"n_papers":8,"topic_id":62,"community_id":1}},{"type":"Feature","geometry":{"type":"Point","coordinates":[-5.114700930217179,10.218863956349063]},"properties":{"color":"#483D8B","ordinal":"4th","radius_px":9.0,"authors":"Arshian Sharif, Syed Ali Raza, Paiman Ahmad, Muhammad Sadiq, YunQian Zhang","n_members":22,"n_papers":13,"topic_id":62,"community_id":6}},{"type":"Feature","geometry":{"type":"Point","coordinates":[-5.481370422841164,10.300261770884015]},"properties":{"color":"#708090","ordinal":"5th","radius_px":9.0,"authors":"Festus Victor Bekun, Bright Akwasi Gyamfi, Festus Fatai Adedoyin, Murad A. Bein, Salih Katircio\u011flu","n_members":20,"n_papers":15,"topic_id":62,"community_id":9}},{"type":"Feature","geometry":{"type":"Point","coordinates":[-2.875266964803912,11.131072303499138]},"properties":{"color":"#191970","ordinal":"1st","radius_px":9.0,"authors":"Raouf Ahmad Rather, Imran Khan, Jamid Ul Islam, Zillur Rahman, Shakir Hussain Parrey","n_members":14,"n_papers":14,"topic_id":63,"community_id":0}},{"type":"Feature","geometry":{"type":"Point","coordinates":[-2.939598494261,11.218448270941487]},"properties":{"color":"#2F4F4F","ordinal":"2nd","radius_px":9.0,"authors":"Shampy Kamboj, Yogesh Dwivedi, Vinod Kumar, Bijoylaxmi Sarmah, Nikunj Kumar Jain","n_members":9,"n_papers":7,"topic_id":63,"community_id":7}},{"type":"Feature","geometry":{"type":"Point","coordinates":[-2.8927914144199045,11.061065312421109]},"properties":{"color":"#556B2F","ordinal":"3rd","radius_px":9.0,"authors":"Linda D. Hollebeek, Arpita Khare, Pradeep Kautish, Raouf Ahmed Rather, Harsandaldeep Kaur","n_members":8,"n_papers":4,"topic_id":63,"community_id":5}},{"type":"Feature","geometry":{"type":"Point","coordinates":[-2.9654304438205696,11.225037309899717]},"properties":{"color":"#483D8B","ordinal":"4th","radius_px":9.0,"authors":"Justin Paul, Ajay Kumar, Minas N. Kastanakis, Helena Nobre, Sla\u0111ana Star\u010devi\u0107","n_members":6,"n_papers":5,"topic_id":63,"community_id":1}},{"type":"Feature","geometry":{"type":"Point","coordinates":[-2.9743570850318877,11.263380040676074]},"properties":{"color":"#708090","ordinal":"5th","radius_px":9.0,"authors":"Amandeep Dhir, Puneet Kaur, Fauzia Jabeen, Shalini Talwar, Suresh Malodia","n_members":6,"n_papers":2,"topic_id":63,"community_id":3}},{"type":"Feature","geometry":{"type":"Point","coordinates":[0.570977897514142,-15.674673098579381]},"properties":{"color":"#191970","ordinal":"1st","radius_px":9.0,"authors":"Wei Wang, Yong Li, Changming Huang, Jinping Chen, Wei Lin","n_members":182,"n_papers":48,"topic_id":64,"community_id":20}},{"type":"Feature","geometry":{"type":"Point","coordinates":[0.6147332988400231,-15.750332711844926]},"properties":{"color":"#2F4F4F","ordinal":"2nd","radius_px":9.0,"authors":"Hyoung-Il Kim, Woo Jin Hyung, Sang-Uk Han, Moon-Won Yoo, Hoon Hur","n_members":157,"n_papers":49,"topic_id":64,"community_id":5}},{"type":"Feature","geometry":{"type":"Point","coordinates":[0.6244634478299192,-15.780461501802607]},"properties":{"color":"#556B2F","ordinal":"3rd","radius_px":9.0,"authors":"Feng Qian, Yan Shi, Bo Wei, Hao Cui, Lin Chen","n_members":124,"n_papers":25,"topic_id":64,"community_id":24}},{"type":"Feature","geometry":{"type":"Point","coordinates":[0.5963723205778424,-15.756222809105353]},"properties":{"color":"#483D8B","ordinal":"4th","radius_px":9.0,"authors":"Takeshi Omori, Hiroshi Miyata, Masayuki Ohue, Kazuyoshi Yamamoto, Takashi Kanemura","n_members":107,"n_papers":19,"topic_id":64,"community_id":14}},{"type":"Feature","geometry":{"type":"Point","coordinates":[0.6198556609284546,-15.756169562956327]},"properties":{"color":"#708090","ordinal":"5th","radius_px":9.0,"authors":"Hyung-Ho Kim, Hyuk-Joon Lee, Do Joong Park, Yun-Suhk Suh, Sang-Hoon Ahn","n_members":91,"n_papers":24,"topic_id":64,"community_id":18}},{"type":"Feature","geometry":{"type":"Point","coordinates":[-8.632665328359831,-1.5863713891115143]},"properties":{"color":"#191970","ordinal":"1st","radius_px":9.0,"authors":"Bin Cao, Lei Zhang, Mugen Peng, Daquan Feng, Long Zhang","n_members":22,"n_papers":15,"topic_id":65,"community_id":4}},{"type":"Feature","geometry":{"type":"Point","coordinates":[-8.588176175838203,-1.6229451644924644]},"properties":{"color":"#2F4F4F","ordinal":"2nd","radius_px":9.0,"authors":"Jiang Xiao, Hai Jin, Bo Li, Xiaohai Dai, Shijie Zhang","n_members":21,"n_papers":11,"topic_id":65,"community_id":2}},{"type":"Feature","geometry":{"type":"Point","coordinates":[-8.65934247454334,-1.6422354050040495]},"properties":{"color":"#556B2F","ordinal":"3rd","radius_px":9.0,"authors":"Xiaoge Huang, Qianbin Chen, Chengchao Liang, Wenjing Li, Sa Xiao","n_members":16,"n_papers":6,"topic_id":65,"community_id":6}},{"type":"Feature","geometry":{"type":"Point","coordinates":[-8.620806846865344,-1.5704002961428067]},"properties":{"color":"#483D8B","ordinal":"4th","radius_px":9.0,"authors":"Yixin Li, Xu Wang, Jinlong Wang, Xiaoyun Xiong, Wenhu Zheng","n_members":9,"n_papers":5,"topic_id":65,"community_id":1}},{"type":"Feature","geometry":{"type":"Point","coordinates":[-8.593973539495417,-1.5372289084085053]},"properties":{"color":"#708090","ordinal":"5th","radius_px":9.0,"authors":"Zhiwei Zhang, Ye Yuan, Shuai Zhao, Guoren Wang, Junkai Wang","n_members":8,"n_papers":3,"topic_id":65,"community_id":5}},{"type":"Feature","geometry":{"type":"Point","coordinates":[0.7507421249285543,-7.07302271595872]},"properties":{"color":"#191970","ordinal":"1st","radius_px":9.0,"authors":"Uwe Haberkorn, J. Griswold, Salom\u00e9 Paillas, Alfons Verbruggen, Dumulon-Perreault V\u00e9ronique","n_members":100,"n_papers":1,"topic_id":66,"community_id":0}},{"type":"Feature","geometry":{"type":"Point","coordinates":[0.170745031939903,-0.39814298545581106]},"properties":{"color":"#191970","ordinal":"1st","radius_px":9.0,"authors":"Lea Pulkkinen, Robert Vermeiren, Paul Lichtenstein, Anne Hendriks, Thomas Hankemeijer","n_members":36,"n_papers":4,"topic_id":67,"community_id":1}},{"type":"Feature","geometry":{"type":"Point","coordinates":[0.33588170293660363,-0.48252712470549186]},"properties":{"color":"#2F4F4F","ordinal":"2nd","radius_px":9.0,"authors":"Kenneth A. Dodge, Jennifer E. Lansford, Gregory S. Pettit, John E. Bates, L. Rowell Huesmann","n_members":28,"n_papers":10,"topic_id":67,"community_id":2}},{"type":"Feature","geometry":{"type":"Point","coordinates":[0.18059006603170027,-0.2810159042291049]},"properties":{"color":"#556B2F","ordinal":"3rd","radius_px":9.0,"authors":"Lei Chang, Concetta Pastorelli, Patrick S. Malone, Sombat Tapanya, Liliana Maria Uribe Tirado","n_members":21,"n_papers":2,"topic_id":67,"community_id":0}},{"type":"Feature","geometry":{"type":"Point","coordinates":[0.5270573918501934,-0.5341036561124064]},"properties":{"color":"#483D8B","ordinal":"4th","radius_px":9.0,"authors":"Vladislav Ruchkin, Stephanie M. Jones, Christopher C. Henrich, Mary Schwab-Stone","n_members":4,"n_papers":1,"topic_id":67,"community_id":3}},{"type":"Feature","geometry":{"type":"Point","coordinates":[0.26059137304052976,-0.4566463317792449]},"properties":{"color":"#708090","ordinal":"5th","radius_px":9.0,"authors":"Jurgita Narusyte, Anna-Karin Andershed, Jenae M. Neiderhiser","n_members":3,"n_papers":1,"topic_id":67,"community_id":4}},{"type":"Feature","geometry":{"type":"Point","coordinates":[-2.263443946849231,-12.994421282317665]},"properties":{"color":"#191970","ordinal":"1st","radius_px":9.0,"authors":"Azeem Latib, Corrado Tamburino, Ran Kornowski, Giuseppe Tarantini, Won-Keun Kim","n_members":389,"n_papers":96,"topic_id":68,"community_id":7}},{"type":"Feature","geometry":{"type":"Point","coordinates":[-2.241663932919645,-12.997498276831383]},"properties":{"color":"#2F4F4F","ordinal":"2nd","radius_px":9.0,"authors":"Martin Andreas, Thomas Walther, Lenard Conradi, Lars Sondergaard, John G. Webb","n_members":285,"n_papers":106,"topic_id":68,"community_id":22}},{"type":"Feature","geometry":{"type":"Point","coordinates":[-2.267758673550632,-12.99696554016723]},"properties":{"color":"#556B2F","ordinal":"3rd","radius_px":9.0,"authors":"Philippe Pibarot, Samir Kapadia, Rebecca T. Hahn, Vinod H. Thourani, Aaron Crowley","n_members":213,"n_papers":37,"topic_id":68,"community_id":5}},{"type":"Feature","geometry":{"type":"Point","coordinates":[-2.2195867311815416,-12.955370666691861]},"properties":{"color":"#483D8B","ordinal":"4th","radius_px":9.0,"authors":"Bart Meuris, Peter Bramlage, Alexis Theron, Martin Grabenw\u00f6ger, Francesco Pollari","n_members":208,"n_papers":46,"topic_id":68,"community_id":24}},{"type":"Feature","geometry":{"type":"Point","coordinates":[-2.200302544495687,-12.881584299728601]},"properties":{"color":"#708090","ordinal":"5th","radius_px":9.0,"authors":"Flavien Vincent, Martine Gilard, Eric Van Belle, Helene Eltchaninoff, Thomas Cuisset","n_members":177,"n_papers":33,"topic_id":68,"community_id":15}},{"type":"Feature","geometry":{"type":"Point","coordinates":[-0.6095236231201754,-14.315080563469108]},"properties":{"color":"#191970","ordinal":"1st","radius_px":9.0,"authors":"Emilio Bria, Luisa Carbognin, Alessandra Cassano, Angela Vaccaro, Patrizia Vici","n_members":90,"n_papers":8,"topic_id":69,"community_id":6}},{"type":"Feature","geometry":{"type":"Point","coordinates":[-0.5995705832738937,-13.557717245989473]},"properties":{"color":"#2F4F4F","ordinal":"2nd","radius_px":9.0,"authors":"Ronnie L. Shammas, Geoffroy C. Sisk, Jun Liu, Hannah C. Langdell, Yisong Geng","n_members":56,"n_papers":16,"topic_id":69,"community_id":7}},{"type":"Feature","geometry":{"type":"Point","coordinates":[-0.7134389176280648,-14.181684651117386]},"properties":{"color":"#556B2F","ordinal":"3rd","radius_px":9.0,"authors":"Jonas A. Nelson, Babak J. Mehrara, Evan Matros, Michelle Coriddi, Meghana G. Shamsunder","n_members":50,"n_papers":14,"topic_id":69,"community_id":1}},{"type":"Feature","geometry":{"type":"Point","coordinates":[-0.6259638875828806,-14.31189047248382]},"properties":{"color":"#483D8B","ordinal":"4th","radius_px":9.0,"authors":"Filippo de Braud, Giancarlo Pruneri, Giuseppe Capri, Riccardo Lobefaro, Francesca Ligorio","n_members":50,"n_papers":4,"topic_id":69,"community_id":3}},{"type":"Feature","geometry":{"type":"Point","coordinates":[-0.578398015721433,-14.298238407530166]},"properties":{"color":"#708090","ordinal":"5th","radius_px":9.0,"authors":"Sabino De Placido, Fabio Puglisi, Grazia Arpino, Lorenzo Gerratana, Francesco Schettini","n_members":40,"n_papers":6,"topic_id":69,"community_id":9}},{"type":"Feature","geometry":{"type":"Point","coordinates":[2.6182152788567885,7.6496492102176195]},"properties":{"color":"#191970","ordinal":"1st","radius_px":9.0,"authors":"Lauren M. Cunningham, Sarah E. Stein, Kenneth L. Bills, Linda A. Myers, Jessica (Berube) Filosa","n_members":8,"n_papers":4,"topic_id":70,"community_id":1}},{"type":"Feature","geometry":{"type":"Point","coordinates":[2.5721993239689147,7.761921535970506]},"properties":{"color":"#2F4F4F","ordinal":"2nd","radius_px":9.0,"authors":"Chan Li, Joshua L. Gunn, Shan Zhou, Jinxuan Yang, Nicholas Hallman","n_members":5,"n_papers":4,"topic_id":70,"community_id":0}},{"type":"Feature","geometry":{"type":"Point","coordinates":[2.615726330960474,7.725639857680982]},"properties":{"color":"#556B2F","ordinal":"3rd","radius_px":9.0,"authors":"Miguel Minutti-Meza, Youli Zou, Yun Zhang, Ping Zhang, Alastair Lawrence","n_members":5,"n_papers":2,"topic_id":70,"community_id":3}},{"type":"Feature","geometry":{"type":"Point","coordinates":[2.688886814895525,7.665636813620135]},"properties":{"color":"#483D8B","ordinal":"4th","radius_px":9.0,"authors":"Jeffrey Pittman, Yi Si, Chongwu Xia, Zi-Tian Wang, Baolei Qi","n_members":5,"n_papers":2,"topic_id":70,"community_id":5}},{"type":"Feature","geometry":{"type":"Point","coordinates":[2.6847440718796083,7.687808950352622]},"properties":{"color":"#708090","ordinal":"5th","radius_px":9.0,"authors":"Lin Liao, Yitang (Jenny) Yang, Divesh Sharma, Rui Zhao","n_members":4,"n_papers":4,"topic_id":70,"community_id":2}},{"type":"Feature","geometry":{"type":"Point","coordinates":[-1.5197947460369707,4.857074436206008]},"properties":{"color":"#191970","ordinal":"1st","radius_px":9.0,"authors":"Benicio Gonzalo Acosta-Enriquez, Olger Huaman\u00ed Jordan, Marco Arbulu Ballesteros, Luz Elvira Blanco- Garc\u00eda, Jahaira Eulalia Morales-Angaspilco","n_members":20,"n_papers":7,"topic_id":71,"community_id":4}},{"type":"Feature","geometry":{"type":"Point","coordinates":[-1.2213411375969216,7.48539515949482]},"properties":{"color":"#2F4F4F","ordinal":"2nd","radius_px":9.0,"authors":"Marco Agust\u00edn Arbul\u00fa Ballesteros, Michael Andr\u00e9s Zamora Campoverde, Jimmy Gabriel D\u00edaz Cueva, Jorge Eduardo Arias Montero, Sandra Sayonara Sol\u00f3rzano Sol\u00f3rzano","n_members":9,"n_papers":3,"topic_id":71,"community_id":2}},{"type":"Feature","geometry":{"type":"Point","coordinates":[-1.5559691065067554,4.75402456360347]},"properties":{"color":"#556B2F","ordinal":"3rd","radius_px":9.0,"authors":"Moises David Reyes-Perez, Jes\u00fas Emilio Agust\u00edn Padilla-Caballero, Abraham Jos\u00e9 Garc\u00eda Yovera, Antony Esmit Franco Fern\u00e1ndez-Altamirano, Roxita Nohely Brice\u00f1o-Hernandez","n_members":8,"n_papers":1,"topic_id":71,"community_id":0}},{"type":"Feature","geometry":{"type":"Point","coordinates":[-1.4537997903738895,4.949637431602528]},"properties":{"color":"#483D8B","ordinal":"4th","radius_px":9.0,"authors":"Hugo Daniel Garc\u00eda Ju\u00e1rez, Julie Catherine Arbul\u00fa Castillo, Benicio Gonzalo Acosta Enr\u00edquez, Emma Ver\u00f3nica Ramos Farro\u00f1\u00e1n, Julio Ernesto Blas S\u00e1nchez","n_members":8,"n_papers":3,"topic_id":71,"community_id":3}},{"type":"Feature","geometry":{"type":"Point","coordinates":[-1.5514142905804176,4.739425212510177]},"properties":{"color":"#708090","ordinal":"5th","radius_px":9.0,"authors":"Giannina Campoverde Ventura, Maribel Carranza Torre, Luz Elvira Blanco-Garc\u00eda, Jahaira Eulalia Morales Angaspilco, Marco Agustin Arbulu Ballesteros","n_members":7,"n_papers":2,"topic_id":71,"community_id":1}},{"type":"Feature","geometry":{"type":"Point","coordinates":[-1.1547070905585854,7.22973109200298]},"properties":{"color":"#191970","ordinal":"1st","radius_px":9.0,"authors":"Yang Cheng, Yuan Wang, Chuqing Dong, Wei Huang, Olga Sazhina","n_members":7,"n_papers":5,"topic_id":72,"community_id":2}},{"type":"Feature","geometry":{"type":"Point","coordinates":[-3.2543895897133095,6.433251254749261]},"properties":{"color":"#2F4F4F","ordinal":"2nd","radius_px":9.0,"authors":"Hua Jiang, Wei Zhu, Keonyoung Park, Yi Luo, Linzhi Zeng","n_members":5,"n_papers":2,"topic_id":72,"community_id":0}},{"type":"Feature","geometry":{"type":"Point","coordinates":[2.4516676537043827,8.569778437986308]},"properties":{"color":"#556B2F","ordinal":"3rd","radius_px":9.0,"authors":"Rui Lan, Weihua Liu, Yufei Liu, Yuenan Cao","n_members":4,"n_papers":1,"topic_id":72,"community_id":1}},{"type":"Feature","geometry":{"type":"Point","coordinates":[1.4378609762572445,-15.577885358345705]},"properties":{"color":"#191970","ordinal":"1st","radius_px":9.0,"authors":"Hiroki Yamaue, Michiaki Unno, Tsutomu Fujii, Masafumi Nakamura, Joon Seong Park","n_members":273,"n_papers":49,"topic_id":73,"community_id":6}},{"type":"Feature","geometry":{"type":"Point","coordinates":[1.37030853633843,-15.526568866271242]},"properties":{"color":"#2F4F4F","ordinal":"2nd","radius_px":9.0,"authors":"Massimo Falconi, Marc G. Besselink, Tobias Keck, Ugo Boggi, Alessandro Zerbi","n_members":256,"n_papers":62,"topic_id":73,"community_id":32}},{"type":"Feature","geometry":{"type":"Point","coordinates":[1.4562247062583933,-15.618732171582698]},"properties":{"color":"#556B2F","ordinal":"3rd","radius_px":9.0,"authors":"S. Dokmak, U. Boggi, M. Falconi, M. Abu Hilal, B. Groot Koerkamp","n_members":172,"n_papers":33,"topic_id":73,"community_id":1}},{"type":"Feature","geometry":{"type":"Point","coordinates":[1.4246141048665908,-15.579984384830292]},"properties":{"color":"#483D8B","ordinal":"4th","radius_px":9.0,"authors":"Giuseppe Malleo, Christopher L. Wolfgang, Mark P. Callery, Tara S. Kent, Michael G. House","n_members":149,"n_papers":33,"topic_id":73,"community_id":8}},{"type":"Feature","geometry":{"type":"Point","coordinates":[1.2900072897821175,-15.532338574951833]},"properties":{"color":"#708090","ordinal":"5th","radius_px":9.0,"authors":"Roberto Salvia, Stefano Partelli, Sohei Satoi, Thilo Hackert, Marco Del Chiaro","n_members":123,"n_papers":46,"topic_id":73,"community_id":7}},{"type":"Feature","geometry":{"type":"Point","coordinates":[-0.2940257435140043,-5.022909492220898]},"properties":{"color":"#191970","ordinal":"1st","radius_px":9.0,"authors":"Li Zhang, HongXiang Yin, Yuhua Lei, YongFei Yu, Lin Song","n_members":12,"n_papers":2,"topic_id":74,"community_id":0}},{"type":"Feature","geometry":{"type":"Point","coordinates":[-0.20056705708348846,-4.929472819702125]},"properties":{"color":"#2F4F4F","ordinal":"2nd","radius_px":9.0,"authors":"Xiaoyan Wu, Wei Zheng, Xiangdong Tu, Bu-Tian Ji, Yu-Tang Gao","n_members":9,"n_papers":2,"topic_id":74,"community_id":1}},{"type":"Feature","geometry":{"type":"Point","coordinates":[-0.20030426601207132,-4.840898882700178]},"properties":{"color":"#556B2F","ordinal":"3rd","radius_px":9.0,"authors":"Tingting Li, Yajuan Yang, Yang Xie, Fangbiao Tao, Shuman Tao","n_members":7,"n_papers":2,"topic_id":74,"community_id":2}},{"type":"Feature","geometry":{"type":"Point","coordinates":[-0.25724049699338114,-4.887841898446279]},"properties":{"color":"#483D8B","ordinal":"4th","radius_px":9.0,"authors":"Huazhan Yin, Gege Cao, Jingxin Deng","n_members":3,"n_papers":1,"topic_id":74,"community_id":3}},{"type":"Feature","geometry":{"type":"Point","coordinates":[2.188963262063605,-14.381233331361987]},"properties":{"color":"#191970","ordinal":"1st","radius_px":9.0,"authors":"Wan Yee Lau, Jie Shi, Kang Wang, Ming Kuang, Shu-Qun Cheng","n_members":275,"n_papers":49,"topic_id":75,"community_id":17}},{"type":"Feature","geometry":{"type":"Point","coordinates":[2.1914522099599165,-14.36641081423841]},"properties":{"color":"#2F4F4F","ordinal":"2nd","radius_px":9.0,"authors":"Yi-Hsiang Huang, Dominik Bettinger, Naoshi Nishida, Mario Pirisi, Marianna Silletta","n_members":181,"n_papers":37,"topic_id":75,"community_id":0}},{"type":"Feature","geometry":{"type":"Point","coordinates":[2.0713800801029962,-14.393339331776621]},"properties":{"color":"#556B2F","ordinal":"3rd","radius_px":9.0,"authors":"Ming Shi, Li Xu, Wei Wei, Minshan Chen, Yaojun Zhang","n_members":164,"n_papers":30,"topic_id":75,"community_id":23}},{"type":"Feature","geometry":{"type":"Point","coordinates":[2.228263598000731,-14.366401595912869]},"properties":{"color":"#483D8B","ordinal":"4th","radius_px":9.0,"authors":"Namiki Izumi, Hiroshi Aikata, Kazuaki Chayama, Masafumi Ikeda, Eisuke Murakami","n_members":152,"n_papers":16,"topic_id":75,"community_id":25}},{"type":"Feature","geometry":{"type":"Point","coordinates":[2.2285456512449247,-14.422613018850079]},"properties":{"color":"#708090","ordinal":"5th","radius_px":9.0,"authors":"Hai-Bin Shi, Ming Huang, Hui Zhao, Wei Mu, Hai-Liang Li","n_members":146,"n_papers":30,"topic_id":75,"community_id":6}},{"type":"Feature","geometry":{"type":"Point","coordinates":[-0.34366849036134534,-11.121499547646378]},"properties":{"color":"#191970","ordinal":"1st","radius_px":9.0,"authors":"Elisabetta Patorno, Sebastian Schneeweiss, Deborah J. Wexler, Robert J. Glynn, Julie M. Paik","n_members":86,"n_papers":31,"topic_id":76,"community_id":3}},{"type":"Feature","geometry":{"type":"Point","coordinates":[-0.21426246192588375,-11.094455869832368]},"properties":{"color":"#2F4F4F","ordinal":"2nd","radius_px":9.0,"authors":"Samy Suissa, Laurent Azoulay, Hui Yin, Antonios Douros, Kristian B. Filion","n_members":73,"n_papers":21,"topic_id":76,"community_id":1}},{"type":"Feature","geometry":{"type":"Point","coordinates":[-0.287585298460029,-11.079667749445887]},"properties":{"color":"#556B2F","ordinal":"3rd","radius_px":9.0,"authors":"Kamlesh Khunti, Dae Jung Kim, Kyoung Hwa Ha, Avraham Karasik, Reinhard W. Holl","n_members":73,"n_papers":25,"topic_id":76,"community_id":6}},{"type":"Feature","geometry":{"type":"Point","coordinates":[-0.36864052149349996,-11.124890928337157]},"properties":{"color":"#483D8B","ordinal":"4th","radius_px":9.0,"authors":"Koichi Node, Fabian Hoti, Francesco Zaccardi, Masaomi Nangaku, Thomas Nystr\u00f6m","n_members":52,"n_papers":18,"topic_id":76,"community_id":7}},{"type":"Feature","geometry":{"type":"Point","coordinates":[-0.17928098029860953,-11.129949174907638]},"properties":{"color":"#708090","ordinal":"5th","radius_px":9.0,"authors":"Issei Komuro, Jan W. Eriksson, Yuta Suzuki, Johan Bodegard, Hiroyuki Morita","n_members":41,"n_papers":14,"topic_id":76,"community_id":17}},{"type":"Feature","geometry":{"type":"Point","coordinates":[6.287111596270818,6.23465137410073]},"properties":{"color":"#191970","ordinal":"1st","radius_px":9.0,"authors":"Aviral Kumar Tiwari, Shawkat Hammoudeh, Sangram Keshari Jena, Claudiu Tiberiu Albulescu, Bibhuti Ranjan Mishra","n_members":24,"n_papers":23,"topic_id":77,"community_id":8}},{"type":"Feature","geometry":{"type":"Point","coordinates":[6.260641243270734,6.28280199049282]},"properties":{"color":"#2F4F4F","ordinal":"2nd","radius_px":9.0,"authors":"Elie Bouri, Syed Jawad Hussain Shahzad, Sang Hoon Kang, Walid Mensi, David Roubaud","n_members":21,"n_papers":17,"topic_id":77,"community_id":9}},{"type":"Feature","geometry":{"type":"Point","coordinates":[6.283627894737671,6.264415558645189]},"properties":{"color":"#556B2F","ordinal":"3rd","radius_px":9.0,"authors":"Rangan Gupta, Mehmet Balcilar, Seong-Min Yoon, Konstantinos Gkillas, Christian Pierdzioch","n_members":19,"n_papers":19,"topic_id":77,"community_id":4}},{"type":"Feature","geometry":{"type":"Point","coordinates":[6.281353582480842,6.274292925669856]},"properties":{"color":"#483D8B","ordinal":"4th","radius_px":9.0,"authors":"Ying Fan, Qiang Ji, Yue-Jun Zhang, Hsien-Tang Tsai, Yi-Ming Wei","n_members":17,"n_papers":11,"topic_id":77,"community_id":1}},{"type":"Feature","geometry":{"type":"Point","coordinates":[6.197977267628093,6.228695235105077]},"properties":{"color":"#708090","ordinal":"5th","radius_px":9.0,"authors":"Ahdi Noomen Ajmi, Chaker Aloui, Khaled Mokni, Duc Khuong Nguyen, Mohamed Sahbi Nakhli","n_members":16,"n_papers":9,"topic_id":77,"community_id":5}},{"type":"Feature","geometry":{"type":"Point","coordinates":[3.8804723400918606,-5.812780753169716]},"properties":{"color":"#191970","ordinal":"1st","radius_px":9.0,"authors":"Francesca Dominici, Antonella Zanobetti, Joel D. Schwartz, Qian Di, Petros Koutrakis","n_members":71,"n_papers":51,"topic_id":78,"community_id":10}},{"type":"Feature","geometry":{"type":"Point","coordinates":[3.8639233819399283,-6.029189613243501]},"properties":{"color":"#2F4F4F","ordinal":"2nd","radius_px":9.0,"authors":"Francesco Forastiere, Sylvia Medina, Carla Ancona, Chiara Badaloni, Christophe Declercq","n_members":49,"n_papers":9,"topic_id":78,"community_id":7}},{"type":"Feature","geometry":{"type":"Point","coordinates":[3.8827824249552694,-5.914642837646834]},"properties":{"color":"#556B2F","ordinal":"3rd","radius_px":9.0,"authors":"Joel Schwartz, Massimo Stafoggia, Petter Ljungman, Yaguang Wei, Itai Kloog","n_members":44,"n_papers":49,"topic_id":78,"community_id":4}},{"type":"Feature","geometry":{"type":"Point","coordinates":[3.5704765625516646,-6.097532627767745]},"properties":{"color":"#483D8B","ordinal":"4th","radius_px":9.0,"authors":"Gregory A. Wellenius, Xinhui Wang, Margaret Gatz, Diana Younan, Jiu-Chiuan Chen","n_members":37,"n_papers":7,"topic_id":78,"community_id":13}},{"type":"Feature","geometry":{"type":"Point","coordinates":[3.8395292159909973,-6.004378146080112]},"properties":{"color":"#708090","ordinal":"5th","radius_px":9.0,"authors":"Gerard Hoek, Bert Brunekreef, Danielle Vienneau, Jiawei Zhang, Kathrin Wolf","n_members":36,"n_papers":10,"topic_id":78,"community_id":12}},{"type":"Feature","geometry":{"type":"Point","coordinates":[0.011139356268341434,-15.752767175309678]},"properties":{"color":"#191970","ordinal":"1st","radius_px":9.0,"authors":"Mark I. van Berge Henegouwen, Suzanne S. Gisbertz, Richard van Hillegersberg, Jelle P. Ruurda, Grard A. P. Nieuwenhuijzen","n_members":164,"n_papers":32,"topic_id":79,"community_id":5}},{"type":"Feature","geometry":{"type":"Point","coordinates":[-0.023793969926999312,-15.665445692298892]},"properties":{"color":"#2F4F4F","ordinal":"2nd","radius_px":9.0,"authors":"Zefen Xiao, Zongmei Zhou, Dongfu Chen, Qinfu Feng, Wenjie Ni","n_members":136,"n_papers":25,"topic_id":79,"community_id":1}},{"type":"Feature","geometry":{"type":"Point","coordinates":[0.015147264074840204,-15.73059407546855]},"properties":{"color":"#556B2F","ordinal":"3rd","radius_px":9.0,"authors":"Lin Peng, Qifeng Wang, Yongtao Han, Xuefeng Leng, Kexun Li","n_members":90,"n_papers":36,"topic_id":79,"community_id":8}},{"type":"Feature","geometry":{"type":"Point","coordinates":[0.13538312240034003,-15.879616838244116]},"properties":{"color":"#483D8B","ordinal":"4th","radius_px":9.0,"authors":"Arnaud Pasquer, Styliani Mantziari, Guillaume Luc, Gil Lebreton, Nicolas Contival","n_members":87,"n_papers":7,"topic_id":79,"community_id":3}},{"type":"Feature","geometry":{"type":"Point","coordinates":[-0.006627246376811939,-15.687313761875446]},"properties":{"color":"#708090","ordinal":"5th","radius_px":9.0,"authors":"Peng Lin, Hao Long, Hao Wang, Lijie Tan, Jianhua Fu","n_members":86,"n_papers":14,"topic_id":79,"community_id":20}},{"type":"Feature","geometry":{"type":"Point","coordinates":[-4.411742656629387,13.136151667986672]},"properties":{"color":"#191970","ordinal":"1st","radius_px":9.0,"authors":"Emmanuel Nketiah, Gibbson Adu-Gyamfi, Bright Obuobi, Mavis Adjei, Huaming Song","n_members":9,"n_papers":12,"topic_id":80,"community_id":1}},{"type":"Feature","geometry":{"type":"Point","coordinates":[-4.425268691938318,13.145397510918247]},"properties":{"color":"#2F4F4F","ordinal":"2nd","radius_px":9.0,"authors":"Dan Cudjoe, Bangzhu Zhu, Ama Nyarko Asamoah, Martin Kobby Grant, Yifeng Zhang","n_members":7,"n_papers":6,"topic_id":80,"community_id":0}},{"type":"Feature","geometry":{"type":"Point","coordinates":[-4.355105814847764,13.089594996391641]},"properties":{"color":"#556B2F","ordinal":"3rd","radius_px":9.0,"authors":"Guangya Deng, Xinyuan Zhang, Victor Shi","n_members":3,"n_papers":1,"topic_id":80,"community_id":2}},{"type":"Feature","geometry":{"type":"Point","coordinates":[-4.387783678198202,13.109143350018398]},"properties":{"color":"#483D8B","ordinal":"4th","radius_px":9.0,"authors":"Pengyu Dai, Ziyi Zhao, Chaoqun Zheng","n_members":3,"n_papers":1,"topic_id":80,"community_id":3}},{"type":"Feature","geometry":{"type":"Point","coordinates":[-3.85284011939346,-4.633163228678784]},"properties":{"color":"#191970","ordinal":"1st","radius_px":9.0,"authors":"Mingzhou Ding, Govindan Rangarajan, Yonghong Chen, Hariharan Nalatore, Ribhu Chopra","n_members":11,"n_papers":9,"topic_id":81,"community_id":2}},{"type":"Feature","geometry":{"type":"Point","coordinates":[-3.862016618503047,-4.635508673387929]},"properties":{"color":"#2F4F4F","ordinal":"2nd","radius_px":9.0,"authors":"Jianfeng Feng, Shuixia Guo, Anil K. Seth, Christophe Ladroue, Keith M. Kendrick","n_members":10,"n_papers":11,"topic_id":81,"community_id":1}},{"type":"Feature","geometry":{"type":"Point","coordinates":[-3.969042616327008,-4.583093274356702]},"properties":{"color":"#556B2F","ordinal":"3rd","radius_px":9.0,"authors":"Wei Lin, Bolin Zhao, Qunxi Zhu, Huanfei Ma, Xue Zhang","n_members":9,"n_papers":3,"topic_id":81,"community_id":0}},{"type":"Feature","geometry":{"type":"Point","coordinates":[-4.04206138570522,-4.706152141689196]},"properties":{"color":"#483D8B","ordinal":"4th","radius_px":9.0,"authors":"Qiang Luo, Pedro A. Valdes-Sosa, Wenlian Lu, Xiaotong Wen, Wei Cheng","n_members":6,"n_papers":3,"topic_id":81,"community_id":3}},{"type":"Feature","geometry":{"type":"Point","coordinates":[-3.830860604388713,-4.652688054937367]},"properties":{"color":"#708090","ordinal":"5th","radius_px":9.0,"authors":"Mukesh Dhamala, Mattia F. Pagnotta, Gijs Plomp, Hualou Liang, Steven L Bressler","n_members":5,"n_papers":4,"topic_id":81,"community_id":4}},{"type":"Feature","geometry":{"type":"Point","coordinates":[1.7465221603980903,-7.9371538768710606]},"properties":{"color":"#191970","ordinal":"1st","radius_px":9.0,"authors":"George Davey Smith, Jack Bowden, Gibran Hemani, Eleanor Sanderson, Neil M Davies","n_members":220,"n_papers":113,"topic_id":82,"community_id":2}},{"type":"Feature","geometry":{"type":"Point","coordinates":[1.7469954595005401,-7.952374680692827]},"properties":{"color":"#2F4F4F","ordinal":"2nd","radius_px":9.0,"authors":"Stephen Burgess, Dipender Gill, Verena Zuber, Benjamin Woolf, Marcus R. Munaf\u00f2","n_members":102,"n_papers":72,"topic_id":82,"community_id":13}},{"type":"Feature","geometry":{"type":"Point","coordinates":[1.1479501414425148,-7.761449193644876]},"properties":{"color":"#556B2F","ordinal":"3rd","radius_px":9.0,"authors":"Yukinori Okada, Masahiro Kanai, Koichi Matsuda, Yoichiro Kamatani, Mitja Kurki","n_members":87,"n_papers":18,"topic_id":82,"community_id":3}},{"type":"Feature","geometry":{"type":"Point","coordinates":[1.7309500695797044,-7.82118641972144]},"properties":{"color":"#483D8B","ordinal":"4th","radius_px":9.0,"authors":"Tim Morris, K. Paige Harden, Patrick Turley, Elliot M. Tucker-Drob, Caroline Hayward","n_members":84,"n_papers":11,"topic_id":82,"community_id":4}},{"type":"Feature","geometry":{"type":"Point","coordinates":[1.7883747342277876,-7.876227390488728]},"properties":{"color":"#708090","ordinal":"5th","radius_px":9.0,"authors":"Simon G. Thompson, J. Bowden, G. Davey Smith, L. Smeeth, G. Hallmans","n_members":79,"n_papers":9,"topic_id":82,"community_id":8}},{"type":"Feature","geometry":{"type":"Point","coordinates":[-4.970161713328683,-4.841786180930322]},"properties":{"color":"#191970","ordinal":"1st","radius_px":9.0,"authors":"Sach Mukherjee, Adrian Bivol, Artem Sokolov, Kiley Graim, Gustavo Stolovitzky","n_members":43,"n_papers":5,"topic_id":83,"community_id":8}},{"type":"Feature","geometry":{"type":"Point","coordinates":[-4.307041052711467,-5.199809434543801]},"properties":{"color":"#2F4F4F","ordinal":"2nd","radius_px":9.0,"authors":"Jun Zhu, Kai Wang, Eric E. Schadt, Jing Li, Bin Zhang","n_members":41,"n_papers":9,"topic_id":83,"community_id":5}},{"type":"Feature","geometry":{"type":"Point","coordinates":[-4.88541874731761,-4.928139189411415]},"properties":{"color":"#556B2F","ordinal":"3rd","radius_px":9.0,"authors":"Julio Saez-Rodriguez, Livia Perfetto, Luana Licata, Steven Vercruysse, \u00c5smund Flobak","n_members":31,"n_papers":14,"topic_id":83,"community_id":2}},{"type":"Feature","geometry":{"type":"Point","coordinates":[-4.878693910041322,-4.974191329666714]},"properties":{"color":"#483D8B","ordinal":"4th","radius_px":9.0,"authors":"Andr\u00e9 Fujita, Satoru Miyano, Kaname Kojima, Jo\u00e3o Ricardo Sato, Patricia Severino","n_members":27,"n_papers":7,"topic_id":83,"community_id":3}},{"type":"Feature","geometry":{"type":"Point","coordinates":[-4.966412056224305,-4.844068473230158]},"properties":{"color":"#708090","ordinal":"5th","radius_px":9.0,"authors":"Joe W. Gray, Preeti Sarde, Rina Gendelman, W. Michael Korn, Olga K. Mirzoeva","n_members":24,"n_papers":3,"topic_id":83,"community_id":6}},{"type":"Feature","geometry":{"type":"Point","coordinates":[-1.6428249952841991,-12.0402105291511]},"properties":{"color":"#191970","ordinal":"1st","radius_px":9.0,"authors":"Wojciech Wojakowski, Gianluca Campo, Gennaro Sardella, Bernardo Cortese, Alfonso Ielasi","n_members":186,"n_papers":25,"topic_id":84,"community_id":16}},{"type":"Feature","geometry":{"type":"Point","coordinates":[-1.6884350686743332,-12.144015478926384]},"properties":{"color":"#2F4F4F","ordinal":"2nd","radius_px":9.0,"authors":"Myung Ho Jeong, Shung Chull Chae, Seung-Woon Rha, Youngkeun Ahn, Young Jo Kim","n_members":138,"n_papers":25,"topic_id":84,"community_id":2}},{"type":"Feature","geometry":{"type":"Point","coordinates":[-1.7611552743745469,-12.225382336397947]},"properties":{"color":"#556B2F","ordinal":"3rd","radius_px":9.0,"authors":"Gregg W. Stone, Roxana Mehran, Zaza Iakobishvili, Yanai Ben-Gal, Ilan Goldenberg","n_members":121,"n_papers":19,"topic_id":84,"community_id":5}},{"type":"Feature","geometry":{"type":"Point","coordinates":[-1.7144479450710315,-12.211461013786302]},"properties":{"color":"#483D8B","ordinal":"4th","radius_px":9.0,"authors":"Eric D. Peterson, E. Magnus Ohman, Richard E. Shaw, John C. Messenger, George D. Dangas","n_members":101,"n_papers":18,"topic_id":84,"community_id":1}},{"type":"Feature","geometry":{"type":"Point","coordinates":[-1.816833960647604,-12.25194060745805]},"properties":{"color":"#708090","ordinal":"5th","radius_px":9.0,"authors":"Fabrizio D'Ascenzo, Zenon Huczek, Pierluigi Omed\u00e8, Antonio Montefusco, Claudio Moretti","n_members":86,"n_papers":14,"topic_id":84,"community_id":9}},{"type":"Feature","geometry":{"type":"Point","coordinates":[-4.625681693392683,9.405659049649477]},"properties":{"color":"#191970","ordinal":"1st","radius_px":9.0,"authors":"Weisheng Chiu, Heetae Cho, Jaskirat Singh Rai, Maher N. Itani, Han Soo Kim","n_members":35,"n_papers":27,"topic_id":85,"community_id":2}},{"type":"Feature","geometry":{"type":"Point","coordinates":[-4.579506550405528,9.329744075007728]},"properties":{"color":"#2F4F4F","ordinal":"2nd","radius_px":9.0,"authors":"Yong Jae Ko, Yonghwan Chang, Daehwan Kim, Chanmin Park, Hyungil H. Kwon","n_members":34,"n_papers":22,"topic_id":85,"community_id":3}},{"type":"Feature","geometry":{"type":"Point","coordinates":[-4.612888308583911,9.403212753707166]},"properties":{"color":"#556B2F","ordinal":"3rd","radius_px":9.0,"authors":"Vahid Delshab, Mohsen Behnam, Do Young Pyun, Lazaros Ntasis, Konstantinos Koronios","n_members":33,"n_papers":20,"topic_id":85,"community_id":1}},{"type":"Feature","geometry":{"type":"Point","coordinates":[-4.6280669007299124,9.265658826188254]},"properties":{"color":"#483D8B","ordinal":"4th","radius_px":9.0,"authors":"Tiago Ribeiro, Masayuki Yoshida, Christos Anagnostopoulos, Andr\u00e9 Calapez, Hirotaka Matsuoka","n_members":33,"n_papers":28,"topic_id":85,"community_id":6}},{"type":"Feature","geometry":{"type":"Point","coordinates":[-4.536237243768295,8.981296873001954]},"properties":{"color":"#708090","ordinal":"5th","radius_px":9.0,"authors":"Rui Biscaia, Abel Correia, Jo\u00e3o Maroco, Thilo Kunkel, Ant\u00f3nio Rosado","n_members":30,"n_papers":20,"topic_id":85,"community_id":8}},{"type":"Feature","geometry":{"type":"Point","coordinates":[-1.8730533636278237,12.23903385733563]},"properties":{"color":"#191970","ordinal":"1st","radius_px":9.0,"authors":"Eugene Cheng-Xi Aw, Garry Wei-Han Tan, Keng-Boon Ooi, Yogesh K. Dwivedi, Tat-Huei Cham","n_members":12,"n_papers":7,"topic_id":86,"community_id":1}},{"type":"Feature","geometry":{"type":"Point","coordinates":[-1.880285621569761,12.22346451825621]},"properties":{"color":"#2F4F4F","ordinal":"2nd","radius_px":9.0,"authors":"Jun-Hwa Cheah, Xi Luo, Xin-Jean Lim, T. Ramayah, C. Michael Hall","n_members":11,"n_papers":7,"topic_id":86,"community_id":0}},{"type":"Feature","geometry":{"type":"Point","coordinates":[-1.9301326850354559,12.180007680608325]},"properties":{"color":"#556B2F","ordinal":"3rd","radius_px":9.0,"authors":"Kim-Lim Tan, Steffi Sze-Nee Yap, Yingying Zhang, Shiyang Liao, Jiayue Wei","n_members":9,"n_papers":3,"topic_id":86,"community_id":2}},{"type":"Feature","geometry":{"type":"Point","coordinates":[-1.912390848041013,12.211704961777611]},"properties":{"color":"#483D8B","ordinal":"4th","radius_px":9.0,"authors":"Siqi Wang, Yanxin Shen, Shuang Lin, Jia Luo, Chuanhui Liao","n_members":5,"n_papers":2,"topic_id":86,"community_id":3}},{"type":"Feature","geometry":{"type":"Point","coordinates":[-1.9654608857726636,12.034188905099835]},"properties":{"color":"#708090","ordinal":"5th","radius_px":9.0,"authors":"Ahmad Hariza Hashim, Syuhaily Osman, Jasmine Leby Lau, Han Xi Chong","n_members":4,"n_papers":1,"topic_id":86,"community_id":4}},{"type":"Feature","geometry":{"type":"Point","coordinates":[-7.3235754585243145,-2.420244607197723]},"properties":{"color":"#191970","ordinal":"1st","radius_px":9.0,"authors":"Stephen John Turner, Xiaoguang Wang, Boon Ping Gan, Malcolm Yoke Hean Low, Junhu Wei","n_members":7,"n_papers":3,"topic_id":87,"community_id":2}},{"type":"Feature","geometry":{"type":"Point","coordinates":[-7.192677162046652,-2.480430641899925]},"properties":{"color":"#2F4F4F","ordinal":"2nd","radius_px":9.0,"authors":"Wentong Cai, Stephen J. Turner, Junlan Zhou, Bu-Sung Lee, Yi Zeng","n_members":5,"n_papers":4,"topic_id":87,"community_id":0}},{"type":"Feature","geometry":{"type":"Point","coordinates":[-7.177570665461606,-2.4973249432923055]},"properties":{"color":"#556B2F","ordinal":"3rd","radius_px":9.0,"authors":"Philipp Andelfinger, Alois Knoll, David Eckhoff, Wen Jun Tan","n_members":4,"n_papers":1,"topic_id":87,"community_id":1}},{"type":"Feature","geometry":{"type":"Point","coordinates":[0.921870019592746,11.533611814263079]},"properties":{"color":"#191970","ordinal":"1st","radius_px":9.0,"authors":"Mohamad Fazli Sabri, Amirah Shazana Magli, Husniyah Abd Rahim, Nurul Fardini Zakaria, Rusitha Wijekoon","n_members":9,"n_papers":6,"topic_id":88,"community_id":0}},{"type":"Feature","geometry":{"type":"Point","coordinates":[0.9320266881226389,11.538690148528024]},"properties":{"color":"#2F4F4F","ordinal":"2nd","radius_px":9.0,"authors":"Nurul Shahnaz Mahdzan, Nurulhuda Mohd Satar, Maslina Mansor, Abd Rahim Husniyah, Mohd Amim Othman","n_members":8,"n_papers":2,"topic_id":88,"community_id":1}},{"type":"Feature","geometry":{"type":"Point","coordinates":[0.9389954670584164,11.551403182558941]},"properties":{"color":"#556B2F","ordinal":"3rd","radius_px":9.0,"authors":"Mohd Samsuri Ghazali, Sharifah Faigah Syed Alwi, Fazreena Mansor, Nurul Nadia Abd Aziz, Nur Hafidzah Idris","n_members":7,"n_papers":2,"topic_id":88,"community_id":2}},{"type":"Feature","geometry":{"type":"Point","coordinates":[0.9590790339143976,11.556668635073692]},"properties":{"color":"#483D8B","ordinal":"4th","radius_px":9.0,"authors":"Muslimah Ithnin, Nik Ahmad Sufian Burhan, Husniyah Abdul Rahim, Mervin Anthony, Siong Hook Law","n_members":5,"n_papers":2,"topic_id":88,"community_id":3}},{"type":"Feature","geometry":{"type":"Point","coordinates":[2.3552109476685272,-8.571457405185647]},"properties":{"color":"#191970","ordinal":"1st","radius_px":9.0,"authors":"Henning Tiemeier, Karen Sugden, Louise Arseneault, Avshalom Caspi, Jaakko Kaprio","n_members":111,"n_papers":19,"topic_id":89,"community_id":0}},{"type":"Feature","geometry":{"type":"Point","coordinates":[2.391056475331667,-8.383826643997235]},"properties":{"color":"#2F4F4F","ordinal":"2nd","radius_px":9.0,"authors":"Allan F. McRae, Riccardo E. Marioni, Steve Horvath, Ake T. Lu, Kathryn L. Lunetta","n_members":104,"n_papers":10,"topic_id":89,"community_id":7}},{"type":"Feature","geometry":{"type":"Point","coordinates":[2.2504391744069285,-8.494055115631841]},"properties":{"color":"#556B2F","ordinal":"3rd","radius_px":9.0,"authors":"Matthew Suderman, Susan M. Ring, George Davey Smith, Caroline L. Relton, Tom R. Gaunt","n_members":81,"n_papers":20,"topic_id":89,"community_id":6}},{"type":"Feature","geometry":{"type":"Point","coordinates":[2.334147761740034,-8.440177029752318]},"properties":{"color":"#483D8B","ordinal":"4th","radius_px":9.0,"authors":"Terrie E. Moffitt, Rosie M. Walker, Lude Franke, Rick Jansen, Marc Jan Bonder","n_members":78,"n_papers":6,"topic_id":89,"community_id":2}},{"type":"Feature","geometry":{"type":"Point","coordinates":[2.7406800457461484,-8.144528612809447]},"properties":{"color":"#708090","ordinal":"5th","radius_px":9.0,"authors":"Quazi Quamruzzaman, Mostofa Golam, Andres Cardenas, Marie-France Hivert, Ellen Smit","n_members":42,"n_papers":9,"topic_id":89,"community_id":9}},{"type":"Feature","geometry":{"type":"Point","coordinates":[-0.41281831475092934,-11.93698234386345]},"properties":{"color":"#191970","ordinal":"1st","radius_px":9.0,"authors":"Kazuma Yamakawa, Hiroshi Ogura, Hideo Yasunaga, Toshikazu Abe, Satoshi Gando","n_members":123,"n_papers":26,"topic_id":90,"community_id":8}},{"type":"Feature","geometry":{"type":"Point","coordinates":[-0.4383461971545651,-11.866103601880443]},"properties":{"color":"#2F4F4F","ordinal":"2nd","radius_px":9.0,"authors":"Jean-Pierre Quenot, Alain Mercat, Christian Richard, Muriel Fartoukh, Alexandre Demoule","n_members":106,"n_papers":21,"topic_id":90,"community_id":1}},{"type":"Feature","geometry":{"type":"Point","coordinates":[-0.41518343439369315,-11.903436857216487]},"properties":{"color":"#556B2F","ordinal":"3rd","radius_px":9.0,"authors":"Virginie Lemiale, Elie Azoulay, Djamel Mokart, Ignacio Martin-Loeches, Sylvie Chevret","n_members":105,"n_papers":15,"topic_id":90,"community_id":10}},{"type":"Feature","geometry":{"type":"Point","coordinates":[-0.5246916383534955,-11.884904308029668]},"properties":{"color":"#483D8B","ordinal":"4th","radius_px":9.0,"authors":"Bertrand Guidet, Jean Reignier, Michel Djibre, Bruno Riou, Michel Wolff","n_members":99,"n_papers":14,"topic_id":90,"community_id":0}},{"type":"Feature","geometry":{"type":"Point","coordinates":[-0.4052469049812176,-11.9077931351763]},"properties":{"color":"#708090","ordinal":"5th","radius_px":9.0,"authors":"Laurent Argaud, Matthieu Jamme, Pierre-Edouard Bollaert, Marie Simon, Alexandra Monnier","n_members":92,"n_papers":9,"topic_id":90,"community_id":5}},{"type":"Feature","geometry":{"type":"Point","coordinates":[0.6825677920030314,3.941034292543367]},"properties":{"color":"#191970","ordinal":"1st","radius_px":9.0,"authors":"Victor Corral-Verdugo, Florian G. Kaiser, Blanca Fraijo-Sing, Jaime Berenguer, Geetika Tankha","n_members":16,"n_papers":7,"topic_id":91,"community_id":3}},{"type":"Feature","geometry":{"type":"Point","coordinates":[0.6259129263311705,3.918906183634362]},"properties":{"color":"#2F4F4F","ordinal":"2nd","radius_px":9.0,"authors":"Terry Hartig, Massimiliano Scopelliti, Henk Staats, Tytti Pasanen, Susana Alves","n_members":15,"n_papers":3,"topic_id":91,"community_id":0}},{"type":"Feature","geometry":{"type":"Point","coordinates":[0.8801632879283393,3.7890543734861297]},"properties":{"color":"#556B2F","ordinal":"3rd","radius_px":9.0,"authors":"Giuseppe Carrus, Lassi Simil\u00e4, Eugenio De Gregorio, L\u00f6fstr\u00f6m Erica, Stephan Schwarzinger","n_members":11,"n_papers":3,"topic_id":91,"community_id":1}},{"type":"Feature","geometry":{"type":"Point","coordinates":[0.48166470583851356,3.8969596894972285]},"properties":{"color":"#483D8B","ordinal":"4th","radius_px":9.0,"authors":"Ferdinando Fornara, Emiliane Rubat du M\u00e9rac, Stefano Livi, Cristina Isoni, Oriana Mosca","n_members":9,"n_papers":3,"topic_id":91,"community_id":2}},{"type":"Feature","geometry":{"type":"Point","coordinates":[5.066821306032604,-7.950972188134449]},"properties":{"color":"#191970","ordinal":"1st","radius_px":9.0,"authors":"Guilherme J. M. Rosa, Daniel Gianola, Mehdi Momen, Guilherme J M Rosa, Gota Morota","n_members":30,"n_papers":17,"topic_id":92,"community_id":7}},{"type":"Feature","geometry":{"type":"Point","coordinates":[4.972089940329512,-8.067102176746198]},"properties":{"color":"#2F4F4F","ordinal":"2nd","radius_px":9.0,"authors":"Sara Pegolo, Alessio Cecchinato, Enrico Mancin, Vittoria Bisutti, Erminio Trevisi","n_members":24,"n_papers":7,"topic_id":92,"community_id":0}},{"type":"Feature","geometry":{"type":"Point","coordinates":[4.984563573070235,-8.022464843081158]},"properties":{"color":"#556B2F","ordinal":"3rd","radius_px":9.0,"authors":"Xiao-Lin Wu, John B. Cole, Kristen L. Parker Gaddis, Christian Maltecca, Javier Burchard","n_members":21,"n_papers":8,"topic_id":92,"community_id":5}},{"type":"Feature","geometry":{"type":"Point","coordinates":[5.514252686316097,-3.675726199159502]},"properties":{"color":"#483D8B","ordinal":"4th","radius_px":9.0,"authors":"Guilherme Jord\u00e3o de Magalh\u00e3es Rosa, Tiago Bresolin, Fernando Flores Cardoso, Cintia Hiromi Okino, Claudia Cristina Gulias-Gomes","n_members":18,"n_papers":3,"topic_id":92,"community_id":2}},{"type":"Feature","geometry":{"type":"Point","coordinates":[5.120027554843156,-8.184639074457367]},"properties":{"color":"#708090","ordinal":"5th","radius_px":9.0,"authors":"Francisco Pe\u00f1agaricano, Flavio S. Schenkel, Hugo F. Monteiro, Fabio S. Lima, Kent A. Weigel","n_members":16,"n_papers":2,"topic_id":92,"community_id":10}},{"type":"Feature","geometry":{"type":"Point","coordinates":[-0.2305651394402027,-2.4296152414914842]},"properties":{"color":"#191970","ordinal":"1st","radius_px":9.0,"authors":"Matthew K. Nock, Ronald C. Kessler, Murray B. Stein, Laurence Claes, Glenn Kiekens","n_members":50,"n_papers":11,"topic_id":93,"community_id":1}},{"type":"Feature","geometry":{"type":"Point","coordinates":[-0.06494209858095677,-2.6094284498595237]},"properties":{"color":"#2F4F4F","ordinal":"2nd","radius_px":9.0,"authors":"Lucas Pezawas, Ileana Botezat-Antonescu, Raimo K. R. Salokangas, Anne Katrine Kloster Leadholm, Lidija Injac Stevovic","n_members":47,"n_papers":1,"topic_id":93,"community_id":0}},{"type":"Feature","geometry":{"type":"Point","coordinates":[-0.21002340804609507,-2.511670721639723]},"properties":{"color":"#556B2F","ordinal":"3rd","radius_px":9.0,"authors":"Koen Demyttenaere, Ronny Bruffaerts, Philippe Mortier, Randy P. Auerbach, Nancy A. Sampson","n_members":38,"n_papers":5,"topic_id":93,"community_id":3}},{"type":"Feature","geometry":{"type":"Point","coordinates":[-0.11643538988409738,-2.5782246930740986]},"properties":{"color":"#483D8B","ordinal":"4th","radius_px":9.0,"authors":"Jitender Sareen, Murray W. Enns, Greg Finlayson, Randy Walld, Jason R Randall","n_members":13,"n_papers":3,"topic_id":93,"community_id":2}},{"type":"Feature","geometry":{"type":"Point","coordinates":[-1.9460845158313902,-0.9016382954678464]},"properties":{"color":"#191970","ordinal":"1st","radius_px":9.0,"authors":"Harold G. Koenig, Zhizhong Wang, Yanxiao Wu, Wanrui Ma, Yan Sun","n_members":17,"n_papers":10,"topic_id":94,"community_id":0}},{"type":"Feature","geometry":{"type":"Point","coordinates":[-1.9025657640567328,-0.9193333528998372]},"properties":{"color":"#2F4F4F","ordinal":"2nd","radius_px":9.0,"authors":"Kenneth I. Pargament, Rebecca H. Johnson, David A. Harrison, George Fitchett, Patricia E. Murphy","n_members":16,"n_papers":7,"topic_id":94,"community_id":3}},{"type":"Feature","geometry":{"type":"Point","coordinates":[-1.5678497394999316,-1.0080136446128871]},"properties":{"color":"#556B2F","ordinal":"3rd","radius_px":9.0,"authors":"Harold G Koenig, Ellen J Teng, Kerry Haynes, Fred Volk, Zachary Smothers","n_members":9,"n_papers":2,"topic_id":94,"community_id":1}},{"type":"Feature","geometry":{"type":"Point","coordinates":[-1.8897949435074948,-0.8895109690762127]},"properties":{"color":"#483D8B","ordinal":"4th","radius_px":9.0,"authors":"David C. Steffens, Maria C. Norton, Kathleen A. Welsh-Bohmer, John C. S. Breitner, Christopher Corcoran","n_members":9,"n_papers":2,"topic_id":94,"community_id":4}},{"type":"Feature","geometry":{"type":"Point","coordinates":[-1.9372197887468454,-0.8986003756474712]},"properties":{"color":"#708090","ordinal":"5th","radius_px":9.0,"authors":"R. David Hayward, Neal Krause, Gail Ironson, Martha E. Payne, Amy D. Owen","n_members":7,"n_papers":4,"topic_id":94,"community_id":2}},{"type":"Feature","geometry":{"type":"Point","coordinates":[0.4720088538007467,-3.2957777773858883]},"properties":{"color":"#191970","ordinal":"1st","radius_px":9.0,"authors":"Mirjam A. G. Sprangers, Hanneke C. J. M. de Haes, Mathilde G. E. Verdam, Geertjan van Tienhoven, Ad A. Kaptein","n_members":16,"n_papers":4,"topic_id":95,"community_id":1}},{"type":"Feature","geometry":{"type":"Point","coordinates":[0.40651609049927684,-3.1531056153869974]},"properties":{"color":"#2F4F4F","ordinal":"2nd","radius_px":9.0,"authors":"Hugo J. Duivenvoorden, Kathleen Vanheusden, Marian B. E. Menke\u2010Pluymers, Mariska den Heijer, Caroline Seynaeve","n_members":9,"n_papers":4,"topic_id":95,"community_id":2}},{"type":"Feature","geometry":{"type":"Point","coordinates":[0.27741412921974923,-2.8570453319141325]},"properties":{"color":"#556B2F","ordinal":"3rd","radius_px":9.0,"authors":"Markus Klimek, Robert Jan Stolker, Ewout W. Steyerberg, Hendrik-Jan Mijderwijk","n_members":4,"n_papers":1,"topic_id":95,"community_id":3}},{"type":"Feature","geometry":{"type":"Point","coordinates":[0.438271158186887,-3.1995879900299005]},"properties":{"color":"#483D8B","ordinal":"4th","radius_px":9.0,"authors":"Adriaan P. Visser, Petra J. Vos, Bert Garssen","n_members":3,"n_papers":1,"topic_id":95,"community_id":0}},{"type":"Feature","geometry":{"type":"Point","coordinates":[0.4104098011386147,-12.748602661678468]},"properties":{"color":"#191970","ordinal":"1st","radius_px":9.0,"authors":"Christophe Legendre, Magali Giral, Val\u00e9rie Garrigue, Emmanuel Morelon, Sophie Girerd","n_members":103,"n_papers":16,"topic_id":96,"community_id":0}},{"type":"Feature","geometry":{"type":"Point","coordinates":[0.7875892855759491,-13.007574456996467]},"properties":{"color":"#2F4F4F","ordinal":"2nd","radius_px":9.0,"authors":"Stefan Schneeberger, Vincent Karam, Ren\u00e9 Adam, Karim Boudjema, Andreas Paul","n_members":92,"n_papers":19,"topic_id":96,"community_id":3}},{"type":"Feature","geometry":{"type":"Point","coordinates":[0.7648035110536576,-13.087806497317741]},"properties":{"color":"#556B2F","ordinal":"3rd","radius_px":9.0,"authors":"Laurent Sulpice, Olivier Scatton, Federica Dondero, Xavier Muller, Petru Bucur","n_members":78,"n_papers":9,"topic_id":96,"community_id":5}},{"type":"Feature","geometry":{"type":"Point","coordinates":[0.4794151592323935,-12.837446406686203]},"properties":{"color":"#483D8B","ordinal":"4th","radius_px":9.0,"authors":"Jacqueline van de Wetering, Robert J. Porte, Arjan D. van Zuilen, Frederike J. Bemelman, Stefan P. Berger","n_members":77,"n_papers":9,"topic_id":96,"community_id":6}},{"type":"Feature","geometry":{"type":"Point","coordinates":[0.41810916677032545,-12.722951088608232]},"properties":{"color":"#708090","ordinal":"5th","radius_px":9.0,"authors":"Ignacio Revuelta, Pedro Ventura-Aguiar, Nuria Esforzado, Josep M. Campistol, Enrique Montagud-Marrahi","n_members":40,"n_papers":4,"topic_id":96,"community_id":8}},{"type":"Feature","geometry":{"type":"Point","coordinates":[4.2748694552502835,6.719763691938843]},"properties":{"color":"#191970","ordinal":"1st","radius_px":9.0,"authors":"Iftekhar Hasan, Yiwei Fang, Katherin Marton, Lingxiang Li, Yun Zhu","n_members":7,"n_papers":10,"topic_id":97,"community_id":3}},{"type":"Feature","geometry":{"type":"Point","coordinates":[4.184099217791243,6.74974526386175]},"properties":{"color":"#2F4F4F","ordinal":"2nd","radius_px":9.0,"authors":"Anthony Saunders, Sreedhar T. Bharath, Anand Srinivasan, Sandeep Dahiya, Liuling Liu","n_members":6,"n_papers":2,"topic_id":97,"community_id":4}},{"type":"Feature","geometry":{"type":"Point","coordinates":[4.030045863421818,6.8810623750103]},"properties":{"color":"#556B2F","ordinal":"3rd","radius_px":9.0,"authors":"Xiaojing Yuan, Christos Pantzalis, Yi Shen, Daniel Bradley","n_members":4,"n_papers":2,"topic_id":97,"community_id":0}},{"type":"Feature","geometry":{"type":"Point","coordinates":[3.736667837507749,7.034624543973984]},"properties":{"color":"#483D8B","ordinal":"4th","radius_px":9.0,"authors":"William Francis, Xian Gu, Joon Ho Kong","n_members":3,"n_papers":1,"topic_id":97,"community_id":1}},{"type":"Feature","geometry":{"type":"Point","coordinates":[-2.587897360925883,13.277176914213372]},"properties":{"color":"#191970","ordinal":"1st","radius_px":9.0,"authors":"Abdul Hafaz Ngah, Ramayah Thurasamy, Bilal Eneizan, Nurul Haqimin Mohd Salleh, Jagan Jeevan","n_members":8,"n_papers":7,"topic_id":98,"community_id":2}},{"type":"Feature","geometry":{"type":"Point","coordinates":[-2.6364449156640677,13.166030049698291]},"properties":{"color":"#2F4F4F","ordinal":"2nd","radius_px":9.0,"authors":"Nor Asiah Omar, Zuraidah Zainol, Muhamad Azrin Nazri, Nordiana Ahmad Nordin, Chan Kuan Thye","n_members":8,"n_papers":4,"topic_id":98,"community_id":3}},{"type":"Feature","geometry":{"type":"Point","coordinates":[-2.558662886132714,13.321016243577773]},"properties":{"color":"#556B2F","ordinal":"3rd","radius_px":9.0,"authors":"Mohd Helmi Ali, Kim Hua Tan, Mohammad Iranmanesh, Suhaiza Zailani, Azman Ismail","n_members":6,"n_papers":4,"topic_id":98,"community_id":1}},{"type":"Feature","geometry":{"type":"Point","coordinates":[-2.6468244750503462,13.129514473596506]},"properties":{"color":"#483D8B","ordinal":"4th","radius_px":9.0,"authors":"Serge Gabarre, Samar Rahi, Jassim Ahmad Al-Gasawneh, Safiek Mokhlis, Nur Raudhatul Jannah Mohd Shelahudin","n_members":6,"n_papers":3,"topic_id":98,"community_id":4}},{"type":"Feature","geometry":{"type":"Point","coordinates":[-2.639136116374508,13.125915199026716]},"properties":{"color":"#708090","ordinal":"5th","radius_px":9.0,"authors":"T. Ramayah, Mohd Imran Khan, Noorliza Karia, Christine Wan Shean Liew","n_members":4,"n_papers":2,"topic_id":98,"community_id":0}},{"type":"Feature","geometry":{"type":"Point","coordinates":[1.4141107172267642,0.3964629175608844]},"properties":{"color":"#191970","ordinal":"1st","radius_px":9.0,"authors":"Paul Nieuwbeerta, Hilde Wermink, Arjan Blokland, Robert Apel, Nikolaj Tollenaar","n_members":26,"n_papers":14,"topic_id":99,"community_id":1}},{"type":"Feature","geometry":{"type":"Point","coordinates":[1.3485986917525201,0.3281214164930712]},"properties":{"color":"#2F4F4F","ordinal":"2nd","radius_px":9.0,"authors":"Alex R. Piquero, Thomas A. Loughran, Laurence Steinberg, Sandy Losoya, Sonia Cota-Robles","n_members":20,"n_papers":13,"topic_id":99,"community_id":9}},{"type":"Feature","geometry":{"type":"Point","coordinates":[1.3096547060117147,0.26746744857940846]},"properties":{"color":"#556B2F","ordinal":"3rd","radius_px":9.0,"authors":"Matt DeLisi, Michael T. Baglivio, Kevin T. Wolff, Joseph Murray, David P. Farrington","n_members":18,"n_papers":10,"topic_id":99,"community_id":3}},{"type":"Feature","geometry":{"type":"Point","coordinates":[1.3725608346835156,0.31797864424496514]},"properties":{"color":"#483D8B","ordinal":"4th","radius_px":9.0,"authors":"Daniel P. Mears, Joshua C. Cochran, William D. Bales, Ojmarrh Mitchell, Sonja E. Siennick","n_members":17,"n_papers":18,"topic_id":99,"community_id":5}},{"type":"Feature","geometry":{"type":"Point","coordinates":[1.3356834049074766,0.45018236568891856]},"properties":{"color":"#708090","ordinal":"5th","radius_px":9.0,"authors":"Wesley G. Jennings, M. Dwayne Smith, Sondra J. Fogel, J. Mitchell Miller, Beth Bjerregaard","n_members":15,"n_papers":6,"topic_id":99,"community_id":2}},{"type":"Feature","geometry":{"type":"Point","coordinates":[3.1066929734524336,-9.820165013813174]},"properties":{"color":"#191970","ordinal":"1st","radius_px":9.0,"authors":"Gerald I. Shulman, Dongyan Zhang, Varman T. Samuel, Mario Kahn, Gary W. Cline","n_members":66,"n_papers":24,"topic_id":100,"community_id":3}},{"type":"Feature","geometry":{"type":"Point","coordinates":[3.1254446986480326,-9.810118992707174]},"properties":{"color":"#2F4F4F","ordinal":"2nd","radius_px":9.0,"authors":"Michael J. Jurczak, Hui-Young Lee, Max C. Petersen, Blas A. Guigni, Brandon M. Gassaway","n_members":41,"n_papers":9,"topic_id":100,"community_id":8}},{"type":"Feature","geometry":{"type":"Point","coordinates":[3.1694367495251403,-9.8220933224122]},"properties":{"color":"#556B2F","ordinal":"3rd","radius_px":9.0,"authors":"Cheol Soo Choi, Tae-Sik Park, Joong-Soo Han, Seung-Hoi Koo, Dongryeol Ryu","n_members":38,"n_papers":5,"topic_id":100,"community_id":1}},{"type":"Feature","geometry":{"type":"Point","coordinates":[3.1125280359335066,-9.766611660649232]},"properties":{"color":"#483D8B","ordinal":"4th","radius_px":9.0,"authors":"Li Liu, Ira J. Goldberg, Kalyani G. Bharadwaj, Shuiqing Yu, Raffay S. Khan","n_members":37,"n_papers":5,"topic_id":100,"community_id":10}},{"type":"Feature","geometry":{"type":"Point","coordinates":[3.087068947004064,-9.716675936153996]},"properties":{"color":"#708090","ordinal":"5th","radius_px":9.0,"authors":"Samuel Klein, Brian N. Finck, Gordon I. Smith, Jun Yoshino, Rachael Field","n_members":36,"n_papers":5,"topic_id":100,"community_id":5}},{"type":"Feature","geometry":{"type":"Point","coordinates":[-5.100479943231948,-3.809064875340695]},"properties":{"color":"#191970","ordinal":"1st","radius_px":9.0,"authors":"Zhang, Kun, Huang, Biwei, Ng, Ignavier, Shi, Javen Qinfeng, Zhang, Zhen","n_members":30,"n_papers":12,"topic_id":101,"community_id":0}},{"type":"Feature","geometry":{"type":"Point","coordinates":[-5.110988008828021,-3.778931132252872]},"properties":{"color":"#2F4F4F","ordinal":"2nd","radius_px":9.0,"authors":"Locatello, Francesco, Yao, Dingling, Magliacane, Sara, Aragam, Bryon, Bello, Kevin","n_members":21,"n_papers":11,"topic_id":101,"community_id":2}},{"type":"Feature","geometry":{"type":"Point","coordinates":[-5.1757698603671765,-3.738963637203019]},"properties":{"color":"#556B2F","ordinal":"3rd","radius_px":9.0,"authors":"von K\u00fcgelgen, Julius, Sch\u00f6lkopf, Bernhard, Lorch, Lars, Krause, Andreas, Liang, Wendong","n_members":21,"n_papers":6,"topic_id":101,"community_id":5}},{"type":"Feature","geometry":{"type":"Point","coordinates":[-5.425295210982855,-3.7405808341943545]},"properties":{"color":"#483D8B","ordinal":"4th","radius_px":9.0,"authors":"Kiyavash, Negar, Etesami, Jalal, Shpitser, Ilya, Ghassami, AmirEmad, Mokhtarian, Ehsan","n_members":18,"n_papers":8,"topic_id":101,"community_id":4}},{"type":"Feature","geometry":{"type":"Point","coordinates":[-5.129301657179957,-3.7802767326080926]},"properties":{"color":"#708090","ordinal":"5th","radius_px":9.0,"authors":"Runge, Jakob, Ninad, Urmi, Lachapelle, S\u00e9bastien, Sridhar, Dhanya, Wahl, Jonas","n_members":17,"n_papers":9,"topic_id":101,"community_id":7}},{"type":"Feature","geometry":{"type":"Point","coordinates":[-5.209916601978589,-3.8217369084609905]},"properties":{"color":"#191970","ordinal":"1st","radius_px":9.0,"authors":"Victor Veitch, Dhanya Sridhar, Reid Pryzant, Brandon M. Stewart, Jacob Eisenstein","n_members":12,"n_papers":2,"topic_id":102,"community_id":0}},{"type":"Feature","geometry":{"type":"Point","coordinates":[-5.276885260475401,-3.7470208664874822]},"properties":{"color":"#2F4F4F","ordinal":"2nd","radius_px":9.0,"authors":"Zhijing Jin, Jingwei Ni, Mrinmaya Sachan, Julius von K\u00fcgelgen, Tejas Vaidhya","n_members":10,"n_papers":3,"topic_id":102,"community_id":2}},{"type":"Feature","geometry":{"type":"Point","coordinates":[-5.196104660990911,-3.8494799407336493]},"properties":{"color":"#556B2F","ordinal":"3rd","radius_px":9.0,"authors":"Amir Feder, Roi Reichart, Nadav Oved, Uri Shalit, Guy Rotman","n_members":5,"n_papers":4,"topic_id":102,"community_id":1}},{"type":"Feature","geometry":{"type":"Point","coordinates":[-1.119971201634182,-7.830700969963214]},"properties":{"color":"#191970","ordinal":"1st","radius_px":9.0,"authors":"Chung Jung Mun, Mary C. Davis, Paul Karoly, Howard Tennen, Alex J. Zautra","n_members":18,"n_papers":10,"topic_id":103,"community_id":4}},{"type":"Feature","geometry":{"type":"Point","coordinates":[-1.1958834245369618,-7.807705925692424]},"properties":{"color":"#2F4F4F","ordinal":"2nd","radius_px":9.0,"authors":"Mark P. Jensen, Jordi Mir\u00f3, Guillermo Ceniza-Bordallo, Josep Roman-Juan, Elisabet S\u00e1nchez-Rodr\u00edguez","n_members":13,"n_papers":6,"topic_id":103,"community_id":3}},{"type":"Feature","geometry":{"type":"Point","coordinates":[-1.162546106942908,-7.775791669905532]},"properties":{"color":"#556B2F","ordinal":"3rd","radius_px":9.0,"authors":"Hee Jun Kim, Shijun Zhu, Richard Ohrbach, Meg Johantgen, Roger B. Fillingim","n_members":9,"n_papers":3,"topic_id":103,"community_id":2}},{"type":"Feature","geometry":{"type":"Point","coordinates":[-1.1915563150102058,-7.809822563306404]},"properties":{"color":"#483D8B","ordinal":"4th","radius_px":9.0,"authors":"Rosa Esteve, Carmen Ram\u00edrez-Maestre, Alicia E. L\u00f3pez-Mart\u00ednez, Elena R. Serrano-Ib\u00e1\u00f1ez, Gema T. Ruiz-P\u00e1rraga","n_members":8,"n_papers":4,"topic_id":103,"community_id":0}},{"type":"Feature","geometry":{"type":"Point","coordinates":[-1.0191708756377615,-7.777511231586467]},"properties":{"color":"#708090","ordinal":"5th","radius_px":9.0,"authors":"Jennifer A Haythornthwaite, C Patrick Carroll, Sophie M Lanzkron, Claudia M Campbell, Patrick H Finan","n_members":7,"n_papers":1,"topic_id":103,"community_id":1}},{"type":"Feature","geometry":{"type":"Point","coordinates":[-2.1033615324015114,-11.085659523461171]},"properties":{"color":"#191970","ordinal":"1st","radius_px":9.0,"authors":"Jan-Karl Burkhardt, Charles Matouk, Jonathan A Grossberg, Sami Al Kasab, Alejandro M Spiotta","n_members":427,"n_papers":59,"topic_id":104,"community_id":5}},{"type":"Feature","geometry":{"type":"Point","coordinates":[-2.0771044391714253,-11.042897912663486]},"properties":{"color":"#2F4F4F","ordinal":"2nd","radius_px":9.0,"authors":"Gaultier Marnat, Igor Sibon, S\u00e9bastien Richard, Bertrand Lapergue, Gioia Mione","n_members":341,"n_papers":41,"topic_id":104,"community_id":8}},{"type":"Feature","geometry":{"type":"Point","coordinates":[-2.001580211463096,-11.111361315767569]},"properties":{"color":"#556B2F","ordinal":"3rd","radius_px":9.0,"authors":"Andrea Zini, Danilo Toni, Rossana Tassi, Valentina Saia, Patrizia Nencini","n_members":315,"n_papers":27,"topic_id":104,"community_id":10}},{"type":"Feature","geometry":{"type":"Point","coordinates":[-2.0571976715441216,-11.053470919299196]},"properties":{"color":"#483D8B","ordinal":"4th","radius_px":9.0,"authors":"Thanh N. Nguyen, Raul G. Nogueira, Wei Hu, Guangxiong Yuan, Jinhua Zhang","n_members":313,"n_papers":44,"topic_id":104,"community_id":9}},{"type":"Feature","geometry":{"type":"Point","coordinates":[-2.0226777941286844,-11.019628657604562]},"properties":{"color":"#708090","ordinal":"5th","radius_px":9.0,"authors":"Patrik Michel, Davide Strambo, Urs Fischer, Marios Psychogios, Stefan T. Engelter","n_members":295,"n_papers":47,"topic_id":104,"community_id":22}},{"type":"Feature","geometry":{"type":"Point","coordinates":[-0.028269673358011664,-12.197158712914574]},"properties":{"color":"#191970","ordinal":"1st","radius_px":9.0,"authors":"Amit X. Garg, Rita S. Suri, Ron Wald, Ronald L. Pisoni, Charles Chazot","n_members":170,"n_papers":37,"topic_id":105,"community_id":0}},{"type":"Feature","geometry":{"type":"Point","coordinates":[0.042474783763371465,-12.198879650464994]},"properties":{"color":"#2F4F4F","ordinal":"2nd","radius_px":9.0,"authors":"Bernard Canaud, Stefano Stuard, Luca Neri, Pedro Ponce, Mario Garbelli","n_members":100,"n_papers":14,"topic_id":105,"community_id":5}},{"type":"Feature","geometry":{"type":"Point","coordinates":[-0.13172405158880646,-12.270782727278739]},"properties":{"color":"#556B2F","ordinal":"3rd","radius_px":9.0,"authors":"Shin-Wook Kang, Yong-Lim Kim, Chul Woo Yang, Yon Su Kim, Nam-Ho Kim","n_members":94,"n_papers":16,"topic_id":105,"community_id":4}},{"type":"Feature","geometry":{"type":"Point","coordinates":[-0.1823684314204021,-12.100182065800764]},"properties":{"color":"#483D8B","ordinal":"4th","radius_px":9.0,"authors":"Michael Zappitelli, Akash Deep, Ayse Akcan Arikan, Sameer Thadani, Katja M. Gist","n_members":92,"n_papers":5,"topic_id":105,"community_id":8}},{"type":"Feature","geometry":{"type":"Point","coordinates":[0.024651770469380285,-12.211609882864458]},"properties":{"color":"#708090","ordinal":"5th","radius_px":9.0,"authors":"Rajnish Mehrotra, Elani Streja, Kamyar Kalantar-Zadeh, Alfred K. Cheung, Glenn M. Chertow","n_members":75,"n_papers":22,"topic_id":105,"community_id":7}},{"type":"Feature","geometry":{"type":"Point","coordinates":[0.06602141411024046,-8.167817556560683]},"properties":{"color":"#191970","ordinal":"1st","radius_px":9.0,"authors":"Cecilia Claudia Costa Ribeiro, Claudia Maria Coelho Alves, Gustavo G. Nascimento, Erika B\u00e1rbara Abreu Fonseca Thomaz, Lorena L\u00facia Costa Ladeira","n_members":39,"n_papers":11,"topic_id":106,"community_id":1}},{"type":"Feature","geometry":{"type":"Point","coordinates":[0.03507123007069277,-8.165846953733721]},"properties":{"color":"#2F4F4F","ordinal":"2nd","radius_px":9.0,"authors":"Georgios Tsakos, Richard G. Watt, Eduardo Bernab\u00e9, Anne Nordblad, Mika Kivim\u00e4ki","n_members":28,"n_papers":8,"topic_id":106,"community_id":3}},{"type":"Feature","geometry":{"type":"Point","coordinates":[0.04087739929260426,-8.155587590305553]},"properties":{"color":"#556B2F","ordinal":"3rd","radius_px":9.0,"authors":"Mario Vianna Vettore, Maria Augusta Bessa Rebelo, Fernando Jos\u00e9 Herkrath, Juliana Vianna Pereira, Adriana Corr\u00eaa de Queiroz","n_members":24,"n_papers":9,"topic_id":106,"community_id":7}},{"type":"Feature","geometry":{"type":"Point","coordinates":[0.034845587475339106,-8.15204395589769]},"properties":{"color":"#483D8B","ordinal":"4th","radius_px":9.0,"authors":"Jun Aida, Yoko Kawaguchi, Takashi Zaitsu, Masayuki Ueno, Sachiko Ono","n_members":20,"n_papers":6,"topic_id":106,"community_id":2}},{"type":"Feature","geometry":{"type":"Point","coordinates":[0.29772884214902035,-7.483878532230934]},"properties":{"color":"#708090","ordinal":"5th","radius_px":9.0,"authors":"Yusuke Matsuyama, Stefan Listl, Hendrik J\u00fcrges, Satomi Doi, Aya Isumi","n_members":16,"n_papers":8,"topic_id":106,"community_id":0}},{"type":"Feature","geometry":{"type":"Point","coordinates":[-1.6181831728281744,10.539921724539534]},"properties":{"color":"#191970","ordinal":"1st","radius_px":9.0,"authors":"Solomon G. Kutu-Adu, George K. Amoako, Emmanuel Neequaye, Livingstone D. Caesar","n_members":4,"n_papers":2,"topic_id":107,"community_id":0}},{"type":"Feature","geometry":{"type":"Point","coordinates":[-1.69474893373579,10.626549218982658]},"properties":{"color":"#2F4F4F","ordinal":"2nd","radius_px":9.0,"authors":"George Kofi Amoako, George Cudjoe Agbemabiese, Emmanuel Arthur, Patrick Amfo Anim","n_members":4,"n_papers":2,"topic_id":107,"community_id":2}},{"type":"Feature","geometry":{"type":"Point","coordinates":[-1.6326194833876302,10.563050090563308]},"properties":{"color":"#556B2F","ordinal":"3rd","radius_px":9.0,"authors":"Emmanuel Kotey Neequaye, Livingstone Divine Caesar, Kwame Simpe Ofori","n_members":3,"n_papers":1,"topic_id":107,"community_id":1}},{"type":"Feature","geometry":{"type":"Point","coordinates":[0.1852982914054878,8.553741303282376]},"properties":{"color":"#191970","ordinal":"1st","radius_px":9.0,"authors":"Rizky Yudaruddin, None Surahman, Himanshu Shee, Ari Sasmoko Adi, Zhikry Fitrian","n_members":5,"n_papers":3,"topic_id":108,"community_id":0}},{"type":"Feature","geometry":{"type":"Point","coordinates":[0.09168275585381142,8.487636278060586]},"properties":{"color":"#2F4F4F","ordinal":"2nd","radius_px":9.0,"authors":"Sugeng Raharjo, Melda Aulia Ramadhani, Hidayani Hidayani, Nita Priska Ambarita, Syarifah Hudayah","n_members":5,"n_papers":1,"topic_id":108,"community_id":1}},{"type":"Feature","geometry":{"type":"Point","coordinates":[0.024481162653381586,8.408391699267883]},"properties":{"color":"#556B2F","ordinal":"3rd","radius_px":9.0,"authors":"Pebiansyah Hapsari, Sukisno Selamet Riadi, Khairil Anwar, Puput Wahyu Budiman","n_members":4,"n_papers":1,"topic_id":108,"community_id":2}},{"type":"Feature","geometry":{"type":"Point","coordinates":[0.3879047039910319,7.631508371072857]},"properties":{"color":"#191970","ordinal":"1st","radius_px":9.0,"authors":"Yuichiro Yoshida, Volodymyr Bilotkach, Keisuke Kawata, Putut Purwandono, Tae Seung Kim","n_members":10,"n_papers":4,"topic_id":109,"community_id":3}},{"type":"Feature","geometry":{"type":"Point","coordinates":[3.188118305377061,5.833114872190531]},"properties":{"color":"#2F4F4F","ordinal":"2nd","radius_px":9.0,"authors":"Kun Wang, Anming Zhang, Mingzhen Li, Yulai Wan, Kemei Yu","n_members":9,"n_papers":7,"topic_id":109,"community_id":0}},{"type":"Feature","geometry":{"type":"Point","coordinates":[3.2191503536508996,5.736204129224997]},"properties":{"color":"#556B2F","ordinal":"3rd","radius_px":9.0,"authors":"Hongchang Li, Jack Strauss, Lu Lui, Xuanxuan Xia, Xiaofeng Wu","n_members":8,"n_papers":5,"topic_id":109,"community_id":2}},{"type":"Feature","geometry":{"type":"Point","coordinates":[3.1849826988233327,5.837165431951029]},"properties":{"color":"#483D8B","ordinal":"4th","radius_px":9.0,"authors":"Xiaohang Ren, Kangyin Dong, Gudian Zeng, Wanping Yang, Xiong Wang","n_members":5,"n_papers":2,"topic_id":109,"community_id":4}},{"type":"Feature","geometry":{"type":"Point","coordinates":[3.2937245434806237,6.017717344644955]},"properties":{"color":"#708090","ordinal":"5th","radius_px":9.0,"authors":"Hangjun Yang, Hang Yuan, Cong Wang","n_members":3,"n_papers":2,"topic_id":109,"community_id":1}},{"type":"Feature","geometry":{"type":"Point","coordinates":[3.0848028899641378,-3.9760126033390075]},"properties":{"color":"#191970","ordinal":"1st","radius_px":9.0,"authors":"Sebasti\u00e1n Pe\u00f1a, Emily Riederer, Nicholas Judd, Sophie Pilleron, Sze Tung Lam","n_members":49,"n_papers":3,"topic_id":110,"community_id":2}},{"type":"Feature","geometry":{"type":"Point","coordinates":[3.075906517881463,-3.990682674123772]},"properties":{"color":"#2F4F4F","ordinal":"2nd","radius_px":9.0,"authors":"Jose A. Calvache, Matthew P. Fox, Julia M. Rohrer, Rachel A. Hoopsick, Meg G. Salvia","n_members":21,"n_papers":2,"topic_id":110,"community_id":1}},{"type":"Feature","geometry":{"type":"Point","coordinates":[3.061942818489717,-4.006284896483855]},"properties":{"color":"#556B2F","ordinal":"3rd","radius_px":9.0,"authors":"Catherine R Lesko, Alexander P Keil, Jessie K Edwards","n_members":3,"n_papers":2,"topic_id":110,"community_id":0}},{"type":"Feature","geometry":{"type":"Point","coordinates":[-5.983070498350651,-3.742151526797134]},"properties":{"color":"#191970","ordinal":"1st","radius_px":9.0,"authors":"Caroline Uhler, Garvesh Raskutti, Peter B\u00fchlmann, Bin Yu, Raj Agrawal","n_members":6,"n_papers":6,"topic_id":111,"community_id":2}},{"type":"Feature","geometry":{"type":"Point","coordinates":[-6.081251994371481,-3.7427170091550037]},"properties":{"color":"#2F4F4F","ordinal":"2nd","radius_px":9.0,"authors":"Dmitriy Katz, Karthikeyan Shanmugam, Chandler Squires","n_members":3,"n_papers":1,"topic_id":111,"community_id":0}},{"type":"Feature","geometry":{"type":"Point","coordinates":[-5.959040387467151,-3.7490345890640673]},"properties":{"color":"#556B2F","ordinal":"3rd","radius_px":9.0,"authors":"Fatemeh Mohammadi, Josephine Yu, Charles Wang","n_members":3,"n_papers":1,"topic_id":111,"community_id":3}},{"type":"Feature","geometry":{"type":"Point","coordinates":[1.035555363305563,-8.367564692219638]},"properties":{"color":"#191970","ordinal":"1st","radius_px":9.0,"authors":"Jose Bras, Cornelis Blauwendraat, Andrew B. Singleton, Mike A. Nalls, J. Raphael Gibbs","n_members":123,"n_papers":6,"topic_id":112,"community_id":0}},{"type":"Feature","geometry":{"type":"Point","coordinates":[1.1209638373859836,-8.400235263461813]},"properties":{"color":"#2F4F4F","ordinal":"2nd","radius_px":9.0,"authors":"Valentina Escott-Price, Zolt\u00e1n Kutalik, Jouke-Jan Hottenga, Yuri Milaneschi, W. David Hill","n_members":101,"n_papers":10,"topic_id":112,"community_id":6}},{"type":"Feature","geometry":{"type":"Point","coordinates":[1.0317882326587413,-8.281462229571558]},"properties":{"color":"#556B2F","ordinal":"3rd","radius_px":9.0,"authors":"Jian Yang, Angli Xue, Karl Heilbron, George Davey Smith, Demis Kia","n_members":56,"n_papers":14,"topic_id":112,"community_id":9}},{"type":"Feature","geometry":{"type":"Point","coordinates":[1.007197317373618,-8.39696998120923]},"properties":{"color":"#483D8B","ordinal":"4th","radius_px":9.0,"authors":"Jing Zhang, Jing Guo, Kun Zhang, Shi Yao, Tie-Lin Yang","n_members":47,"n_papers":7,"topic_id":112,"community_id":4}},{"type":"Feature","geometry":{"type":"Point","coordinates":[1.0065657932805223,-8.154887465359995]},"properties":{"color":"#708090","ordinal":"5th","radius_px":9.0,"authors":"Nicholas W. Wood, Javier Martin, Chen Lu, Yalda Jamshidi, Buhm Han","n_members":46,"n_papers":2,"topic_id":112,"community_id":5}},{"type":"Feature","geometry":{"type":"Point","coordinates":[-2.9716177288895116,5.550921289310801]},"properties":{"color":"#191970","ordinal":"1st","radius_px":9.0,"authors":"S. Alexander Haslam, Dina Van Dijk, Niklas Steffens, Lynda Jiwen Song, John Jamir Benzon R. Aruta","n_members":45,"n_papers":1,"topic_id":113,"community_id":0}},{"type":"Feature","geometry":{"type":"Point","coordinates":[-2.9260621399309397,5.469374880871591]},"properties":{"color":"#2F4F4F","ordinal":"2nd","radius_px":9.0,"authors":"Olga Epitropaki, Magnus Larsson, Brigid Carroll, Doris Schedlitzki, Michelle C. Bligh","n_members":9,"n_papers":4,"topic_id":113,"community_id":1}},{"type":"Feature","geometry":{"type":"Point","coordinates":[-0.18378007351084963,-1.858832896784071]},"properties":{"color":"#191970","ordinal":"1st","radius_px":9.0,"authors":"Erika J. Wolf, Mark W. Miller, Brian P. Marx, Kelly M. Harrington, Diane Castillo","n_members":22,"n_papers":8,"topic_id":114,"community_id":5}},{"type":"Feature","geometry":{"type":"Point","coordinates":[-0.21614052377135956,-1.8726402974024516]},"properties":{"color":"#2F4F4F","ordinal":"2nd","radius_px":9.0,"authors":"Daniel W. King, Lynda A. King, Terence M. Keane, Gary A. Adams, John A. Fairbank","n_members":17,"n_papers":11,"topic_id":114,"community_id":3}},{"type":"Feature","geometry":{"type":"Point","coordinates":[-0.21654915700806723,-1.8858234660360034]},"properties":{"color":"#556B2F","ordinal":"3rd","radius_px":9.0,"authors":"Paula P. Schnurr, Julian D. Ford, Bonnie L. Green, Matthew J. Friedman, Alan Fontana","n_members":16,"n_papers":10,"topic_id":114,"community_id":0}},{"type":"Feature","geometry":{"type":"Point","coordinates":[-0.09398532751586706,-1.7885155095504797]},"properties":{"color":"#483D8B","ordinal":"4th","radius_px":9.0,"authors":"Casey T. Taft, Patricia A. Resick, Jeremiah A. Schumm, Candice M. Monson, Steffany J. Fredman","n_members":13,"n_papers":5,"topic_id":114,"community_id":6}},{"type":"Feature","geometry":{"type":"Point","coordinates":[-0.1914670563172051,-1.920037212491281]},"properties":{"color":"#708090","ordinal":"5th","radius_px":9.0,"authors":"Jessica L. Hamblen, Nancy C. Bernardy, Craig S. Rosen, Shannon M. Kehle-Forbes, Barbara A. Clothier","n_members":10,"n_papers":1,"topic_id":114,"community_id":4}},{"type":"Feature","geometry":{"type":"Point","coordinates":[-0.040710285231122426,11.7687093847101]},"properties":{"color":"#191970","ordinal":"1st","radius_px":9.0,"authors":"Rizaldi Yusfiarto, Sunarsih Sunarsih, Annes Nisrina Khoirunnisa, Achmad Rizal, Lukman Hamdani","n_members":10,"n_papers":4,"topic_id":115,"community_id":3}},{"type":"Feature","geometry":{"type":"Point","coordinates":[-0.10796553734142195,11.652411264847423]},"properties":{"color":"#2F4F4F","ordinal":"2nd","radius_px":9.0,"authors":"Hendy Mustiko Aji, Izra Berakon, Maizaitulaidawati Md Husin, Abdul Kadir Othman, Wan Edura Wan Rashid","n_members":9,"n_papers":5,"topic_id":115,"community_id":1}},{"type":"Feature","geometry":{"type":"Point","coordinates":[0.0648299111372128,11.770608084597836]},"properties":{"color":"#556B2F","ordinal":"3rd","radius_px":9.0,"authors":"Abdul Qoyum, Muhammad Rizky Prima Sakti, Ibnu Qizam, Hassanuddin bin Mohd Thas Thaker, Dede Dennis","n_members":6,"n_papers":3,"topic_id":115,"community_id":2}},{"type":"Feature","geometry":{"type":"Point","coordinates":[-0.005479771227266795,11.652674743853582]},"properties":{"color":"#483D8B","ordinal":"4th","radius_px":9.0,"authors":"Lu'liyatul Mutmainah, Diah Ayu Legowati, Farokhah Muzayinatun Niswah","n_members":3,"n_papers":2,"topic_id":115,"community_id":0}},{"type":"Feature","geometry":{"type":"Point","coordinates":[2.6186610605695595,-0.5008323802535775]},"properties":{"color":"#191970","ordinal":"1st","radius_px":9.0,"authors":"Giacomo Pietro Vigezzi, Leandro Gentile, Vincenza Gianfredi, Fulvio Ricceri, Beatrice Frascella","n_members":10,"n_papers":1,"topic_id":116,"community_id":0}},{"type":"Feature","geometry":{"type":"Point","coordinates":[2.599009516731511,-0.5089875714452915]},"properties":{"color":"#2F4F4F","ordinal":"2nd","radius_px":9.0,"authors":"Angelo d\u2019Errico, Roberto Leombruni, Chiara Ardito, Dario Fontana, Elena Strippoli","n_members":6,"n_papers":5,"topic_id":116,"community_id":2}},{"type":"Feature","geometry":{"type":"Point","coordinates":[2.617327843039695,-0.47730226034051343]},"properties":{"color":"#556B2F","ordinal":"3rd","radius_px":9.0,"authors":"Anna Odone, David Stuckler, Giuseppe Costa, Manuel Serrano\u2010Alarc\u00f3n, Alexander Kentikelenis","n_members":5,"n_papers":2,"topic_id":116,"community_id":1}},{"type":"Feature","geometry":{"type":"Point","coordinates":[-1.6528041766506743,-9.35516800001243]},"properties":{"color":"#191970","ordinal":"1st","radius_px":9.0,"authors":"Virginie Lafage, Shay Bess, Renaud Lafage, Peter G. Passias, Frank Schwab","n_members":192,"n_papers":42,"topic_id":117,"community_id":0}},{"type":"Feature","geometry":{"type":"Point","coordinates":[-1.641422984280141,-9.369405625387328]},"properties":{"color":"#2F4F4F","ordinal":"2nd","radius_px":9.0,"authors":"Paul Park, Mohamad Bydon, Domagoj Coric, Michael Y. Wang, Praveen V. Mummaneni","n_members":119,"n_papers":22,"topic_id":117,"community_id":20}},{"type":"Feature","geometry":{"type":"Point","coordinates":[-1.6348243142355225,-9.430870228083496]},"properties":{"color":"#556B2F","ordinal":"3rd","radius_px":9.0,"authors":"Koji Tamai, Satoshi Nori, Naoki Segi, Bungo Otsuki, Toru Funayama","n_members":104,"n_papers":22,"topic_id":117,"community_id":15}},{"type":"Feature","geometry":{"type":"Point","coordinates":[-1.6589460580266493,-9.38467900943729]},"properties":{"color":"#483D8B","ordinal":"4th","radius_px":9.0,"authors":"Toshitaka Yoshii, Masao Koda, Shiro Imagama, Takeo Furuya, Morio Matsumoto","n_members":97,"n_papers":38,"topic_id":117,"community_id":16}},{"type":"Feature","geometry":{"type":"Point","coordinates":[-1.6614350059229612,-9.353883588700764]},"properties":{"color":"#708090","ordinal":"5th","radius_px":9.0,"authors":"Asham Khan, John Pollina, Nathan J. Lee, Ronald A. Lehman, Joseph M. Lombardi","n_members":59,"n_papers":13,"topic_id":117,"community_id":12}},{"type":"Feature","geometry":{"type":"Point","coordinates":[6.508733900992864,9.04818751969903]},"properties":{"color":"#191970","ordinal":"1st","radius_px":9.0,"authors":"Muhammad Irfan, Mirza Huzaifa Asif, Bilal Ahmad, Tan Zhongfu, Azer Dilanchiev","n_members":14,"n_papers":9,"topic_id":118,"community_id":3}},{"type":"Feature","geometry":{"type":"Point","coordinates":[6.510995830424339,9.097255153102116]},"properties":{"color":"#2F4F4F","ordinal":"2nd","radius_px":9.0,"authors":"Gul Jabeen, Munir Ahmad, Nousheen Fatima, Qingyou Yan, Xiaoyu Li","n_members":12,"n_papers":5,"topic_id":118,"community_id":0}},{"type":"Feature","geometry":{"type":"Point","coordinates":[6.521424921112036,9.02510318149874]},"properties":{"color":"#556B2F","ordinal":"3rd","radius_px":9.0,"authors":"Yu Hao, Haitao Wu, Abdul Rauf, Rabia Akram, Muhammad Ikram","n_members":8,"n_papers":2,"topic_id":118,"community_id":1}},{"type":"Feature","geometry":{"type":"Point","coordinates":[6.510927036950146,9.133501058785061]},"properties":{"color":"#483D8B","ordinal":"4th","radius_px":9.0,"authors":"Abdul Rehman, Heng Li, Zhen-Yu Zhao, Ilhan Ozturk","n_members":4,"n_papers":2,"topic_id":118,"community_id":2}},{"type":"Feature","geometry":{"type":"Point","coordinates":[6.526499127768532,9.077445384273425]},"properties":{"color":"#708090","ordinal":"5th","radius_px":9.0,"authors":"Desire Wade Atchike, Guo Weishang, Zhao Zhenyu, Tausif Ali","n_members":4,"n_papers":1,"topic_id":118,"community_id":4}},{"type":"Feature","geometry":{"type":"Point","coordinates":[-1.1279801378997605,4.202080761456089]},"properties":{"color":"#191970","ordinal":"1st","radius_px":9.0,"authors":"Xiaohe Wang, Xianhong Huang, Yu Qian, MengYi Sha, Jinwen Li","n_members":7,"n_papers":2,"topic_id":119,"community_id":1}},{"type":"Feature","geometry":{"type":"Point","coordinates":[-1.3065652451665004,4.901816335951823]},"properties":{"color":"#2F4F4F","ordinal":"2nd","radius_px":9.0,"authors":"Jian Wu, Quanman Li, Clifford Silver Tarimo, Weicun Ren, Lei Sun","n_members":5,"n_papers":2,"topic_id":119,"community_id":0}},{"type":"Feature","geometry":{"type":"Point","coordinates":[-1.0622768665672604,1.7001109484138166]},"properties":{"color":"#556B2F","ordinal":"3rd","radius_px":9.0,"authors":"Meng Zhang, Dan Deng, Xinrui Chen, Qingqing Bu, Bo Tan","n_members":5,"n_papers":2,"topic_id":119,"community_id":2}},{"type":"Feature","geometry":{"type":"Point","coordinates":[1.0089047714030928,-5.4002033114123416]},"properties":{"color":"#483D8B","ordinal":"4th","radius_px":9.0,"authors":"Jiyuan Fang, Yingchao Feng, Wenqin Chen, Jin Wu","n_members":4,"n_papers":1,"topic_id":119,"community_id":3}},{"type":"Feature","geometry":{"type":"Point","coordinates":[-1.4028678538201662,-14.796171352392829]},"properties":{"color":"#191970","ordinal":"1st","radius_px":9.0,"authors":"Karim Bensalah, Zine-Eddine Khene, Pierre Bigot, Nicolas Doumerc, Jean-Christophe Bernhard","n_members":131,"n_papers":14,"topic_id":120,"community_id":10}},{"type":"Feature","geometry":{"type":"Point","coordinates":[-1.4235595549880153,-14.811272207912994]},"properties":{"color":"#2F4F4F","ordinal":"2nd","radius_px":9.0,"authors":"Luigi Schips, Riccardo Bertolo, Ithaar Derweesh, Jihad Kaouk, Bo Yang","n_members":122,"n_papers":41,"topic_id":120,"community_id":13}},{"type":"Feature","geometry":{"type":"Point","coordinates":[-1.4036108233414522,-14.82329194131099]},"properties":{"color":"#556B2F","ordinal":"3rd","radius_px":9.0,"authors":"Andrea Minervini, Andrea Mari, Alessandro Antonelli, Antonio Celia, Matteo Ferro","n_members":119,"n_papers":30,"topic_id":120,"community_id":1}},{"type":"Feature","geometry":{"type":"Point","coordinates":[-1.319527311573997,-14.861935574743466]},"properties":{"color":"#483D8B","ordinal":"4th","radius_px":9.0,"authors":"Umberto Capitanio, Francesco Montorsi, Francesco Porpiglia, Alessandro Larcher, Riccardo Autorino","n_members":76,"n_papers":39,"topic_id":120,"community_id":19}},{"type":"Feature","geometry":{"type":"Point","coordinates":[-1.3999675209481786,-14.81577336492946]},"properties":{"color":"#708090","ordinal":"5th","radius_px":9.0,"authors":"Giuseppe Simone, Gabriele Tuderti, Umberto Anceschi, Leonardo Misuraca, Michele Gallucci","n_members":67,"n_papers":25,"topic_id":120,"community_id":7}},{"type":"Feature","geometry":{"type":"Point","coordinates":[-4.047393567889941,9.071247092248612]},"properties":{"color":"#191970","ordinal":"1st","radius_px":9.0,"authors":"Gibbson Adu-Gyamfi, Emmanuel Nketiah, Bright Obuobi, Dan Cudjoe, Hong Wang","n_members":9,"n_papers":5,"topic_id":121,"community_id":2}},{"type":"Feature","geometry":{"type":"Point","coordinates":[-4.023910640300174,9.082051795305404]},"properties":{"color":"#2F4F4F","ordinal":"2nd","radius_px":9.0,"authors":"Huaming Song, Pengyu Dai, Ziyi Zhao, Chaoqun Zheng","n_members":4,"n_papers":5,"topic_id":121,"community_id":1}},{"type":"Feature","geometry":{"type":"Point","coordinates":[-4.071384604080099,9.09086011174111]},"properties":{"color":"#556B2F","ordinal":"3rd","radius_px":9.0,"authors":"Ama Nyarko Asamoah, Mavis Adjei, Liang Li","n_members":3,"n_papers":1,"topic_id":121,"community_id":0}},{"type":"Feature","geometry":{"type":"Point","coordinates":[3.1570841932989966,7.716780634074373]},"properties":{"color":"#191970","ordinal":"1st","radius_px":9.0,"authors":"Pornsit Jiraporn, Sang Mook Lee, Viput Ongsakul, Ali Uyar, HakJoon Song","n_members":9,"n_papers":17,"topic_id":122,"community_id":2}},{"type":"Feature","geometry":{"type":"Point","coordinates":[3.1658842545177994,7.730525570218187]},"properties":{"color":"#2F4F4F","ordinal":"2nd","radius_px":9.0,"authors":"Sirimon Treepongkaruna, Panu Prommin, Pongsapak Chindasombatcharoen, Seksak Jumreonwong","n_members":4,"n_papers":5,"topic_id":122,"community_id":0}},{"type":"Feature","geometry":{"type":"Point","coordinates":[3.0835728626455614,7.904387317546819]},"properties":{"color":"#556B2F","ordinal":"3rd","radius_px":9.0,"authors":"Pattanaporn Chatjuthamard, Pandej Chintrakarn, Shenghui Tong","n_members":3,"n_papers":7,"topic_id":122,"community_id":1}},{"type":"Feature","geometry":{"type":"Point","coordinates":[3.140137608866229,7.724778563384082]},"properties":{"color":"#483D8B","ordinal":"4th","radius_px":9.0,"authors":"Seksak Jumreornvong, Napatsorn Jiraporn, Simran Singh","n_members":3,"n_papers":2,"topic_id":122,"community_id":3}},{"type":"Feature","geometry":{"type":"Point","coordinates":[-2.6145011732659,3.989793731182068]},"properties":{"color":"#191970","ordinal":"1st","radius_px":9.0,"authors":"Suyitno Suyitno, Dwi Jatmoko, Riawan Yudi Purwoko, Fuad Abdillah, Yuli Widiyono","n_members":11,"n_papers":3,"topic_id":123,"community_id":2}},{"type":"Feature","geometry":{"type":"Point","coordinates":[-2.667419865354325,4.030105331189835]},"properties":{"color":"#2F4F4F","ordinal":"2nd","radius_px":9.0,"authors":"Tuatul Mahfud, Arif Susanto, Samsul Hadi, Alias Masek, Ponco  Wali Pranoto","n_members":8,"n_papers":2,"topic_id":123,"community_id":1}},{"type":"Feature","geometry":{"type":"Point","coordinates":[-2.6130193618317765,4.018003183209757]},"properties":{"color":"#556B2F","ordinal":"3rd","radius_px":9.0,"authors":"Yogiana Mulyani, Ria Setyawati, Nur Kholifah","n_members":3,"n_papers":1,"topic_id":123,"community_id":0}},{"type":"Feature","geometry":{"type":"Point","coordinates":[1.8412892987077605,-13.425531548435755]},"properties":{"color":"#191970","ordinal":"1st","radius_px":9.0,"authors":"Yoon Jun Kim, Seung Up Kim, Beom Kyung Kim, Young Youn Cho, Jeong Won Jang","n_members":132,"n_papers":27,"topic_id":124,"community_id":17}},{"type":"Feature","geometry":{"type":"Point","coordinates":[1.822713684806096,-13.421214345169284]},"properties":{"color":"#2F4F4F","ordinal":"2nd","radius_px":9.0,"authors":"Eiichi Ogawa, Makoto Nakamuta, Yasuhito Tanaka, Norihiro Furusyo, Dae Won Jun","n_members":129,"n_papers":37,"topic_id":124,"community_id":8}},{"type":"Feature","geometry":{"type":"Point","coordinates":[1.7991147714188402,-13.402863548341283]},"properties":{"color":"#556B2F","ordinal":"3rd","radius_px":9.0,"authors":"Hidenori Toyoda, Satoshi Yasuda, Takashi Kumada, Toshifumi Tada, Koichi Takaguchi","n_members":99,"n_papers":23,"topic_id":124,"community_id":1}},{"type":"Feature","geometry":{"type":"Point","coordinates":[1.7388296741137987,-13.35669322089732]},"properties":{"color":"#483D8B","ordinal":"4th","radius_px":9.0,"authors":"Alessio Aghemo, Luisa Pasulo, Stefano Fagiuoli, Bianca Magro, Alberto Zanetto","n_members":97,"n_papers":9,"topic_id":124,"community_id":10}},{"type":"Feature","geometry":{"type":"Point","coordinates":[1.8710328452099594,-13.419252355285291]},"properties":{"color":"#708090","ordinal":"5th","radius_px":9.0,"authors":"Tung\u2010Hung Su, Jia\u2010Horng Kao, Chi\u2010Ling Chen, Tai\u2010Chung Tseng, Rong\u2010Nan Chien","n_members":92,"n_papers":16,"topic_id":124,"community_id":3}},{"type":"Feature","geometry":{"type":"Point","coordinates":[-3.9354101747286645,-1.6261047111752134]},"properties":{"color":"#191970","ordinal":"1st","radius_px":9.0,"authors":"Ted Sanders, Eve Sweetser, Jos\u00e9 Sanders, Dorien Nieuwenhuijsen, Wilbert Spooren","n_members":9,"n_papers":10,"topic_id":125,"community_id":0}},{"type":"Feature","geometry":{"type":"Point","coordinates":[-3.777941224365545,-1.5867607601754474]},"properties":{"color":"#2F4F4F","ordinal":"2nd","radius_px":9.0,"authors":"Paul van den Broek, Michelle Gaddy Everson, Jay Samuels, Maureen Mischinski, Alex Crittenden","n_members":9,"n_papers":4,"topic_id":125,"community_id":1}},{"type":"Feature","geometry":{"type":"Point","coordinates":[-3.830204314644909,-1.5816617878682426]},"properties":{"color":"#556B2F","ordinal":"3rd","radius_px":9.0,"authors":"Ted J. M. Sanders, Na Hu, Aoju Chen, Hugo Quen\u00e9, Fang Li","n_members":9,"n_papers":8,"topic_id":125,"community_id":2}},{"type":"Feature","geometry":{"type":"Point","coordinates":[2.2944016440901343,6.2033585985597]},"properties":{"color":"#191970","ordinal":"1st","radius_px":9.0,"authors":"Rudra P. Pradhan, Mak B. Arvin, Sara E. Bennett, Neville R. Norman, John H. Hall","n_members":8,"n_papers":15,"topic_id":126,"community_id":0}},{"type":"Feature","geometry":{"type":"Point","coordinates":[2.302109264938747,6.226299846333669]},"properties":{"color":"#2F4F4F","ordinal":"2nd","radius_px":9.0,"authors":"Mahendhiran Nair, Sahar Bahmani, Jay Mittal, Rudra Prakash Pradhan, Sara Bennett","n_members":6,"n_papers":8,"topic_id":126,"community_id":1}},{"type":"Feature","geometry":{"type":"Point","coordinates":[1.8377643210900987,-14.465580734896449]},"properties":{"color":"#191970","ordinal":"1st","radius_px":9.0,"authors":"M. Vivarelli, U. Cillo, A. Ferrero, L. Aldrighetti, M. Abu Hilal","n_members":191,"n_papers":31,"topic_id":127,"community_id":0}},{"type":"Feature","geometry":{"type":"Point","coordinates":[1.8862183167033801,-14.426518837140877]},"properties":{"color":"#2F4F4F","ordinal":"2nd","radius_px":9.0,"authors":"Daisuke Hokuto, Masaki Kaibori, Shoji Kubo, Fumitoshi Hirokawa, Takuya Nakai","n_members":165,"n_papers":26,"topic_id":127,"community_id":10}},{"type":"Feature","geometry":{"type":"Point","coordinates":[1.800686014369414,-14.498480388407685]},"properties":{"color":"#556B2F","ordinal":"3rd","radius_px":9.0,"authors":"David Fuks, Robert P. Sutcliffe, Rong Liu, Mathieu D\u2019Hondt, Mikhail Efanov","n_members":165,"n_papers":75,"topic_id":127,"community_id":20}},{"type":"Feature","geometry":{"type":"Point","coordinates":[1.836094015536685,-14.482963194781707]},"properties":{"color":"#483D8B","ordinal":"4th","radius_px":9.0,"authors":"Andrea Ruzzenente, Luca Aldrighetti, Alessandro Ferrero, Felice Giuliante, Francesca Ratti","n_members":162,"n_papers":45,"topic_id":127,"community_id":3}},{"type":"Feature","geometry":{"type":"Point","coordinates":[1.9366109124194286,-14.391184857751838]},"properties":{"color":"#708090","ordinal":"5th","radius_px":9.0,"authors":"Wan Yee Lau, Feng Shen, Tian Yang, Lei Liang, Ya-Hao Zhou","n_members":150,"n_papers":27,"topic_id":127,"community_id":21}},{"type":"Feature","geometry":{"type":"Point","coordinates":[2.72503916145357,3.0370054894748697]},"properties":{"color":"#191970","ordinal":"1st","radius_px":9.0,"authors":"Giovanni Peri, Andreas Beerli, Susana Iranzo, Francisco Requena Silvente, Simone Moriconi","n_members":5,"n_papers":5,"topic_id":128,"community_id":0}},{"type":"Feature","geometry":{"type":"Point","coordinates":[2.7714871393593765,2.9086767668452747]},"properties":{"color":"#2F4F4F","ordinal":"2nd","radius_px":9.0,"authors":"Francesc Ortega, Ana Rivadeneira, Sergio Olivieri, Eliana Carranza, Javier G. Polavieja","n_members":5,"n_papers":4,"topic_id":128,"community_id":1}},{"type":"Feature","geometry":{"type":"Point","coordinates":[2.6677919839689044,-12.341717329562794]},"properties":{"color":"#191970","ordinal":"1st","radius_px":9.0,"authors":"Jie Wu, Zhitao Gu, Yi Shen, Jianyong Ding, Lijie Tan","n_members":57,"n_papers":15,"topic_id":129,"community_id":10}},{"type":"Feature","geometry":{"type":"Point","coordinates":[2.5374104640693815,-11.295996258741814]},"properties":{"color":"#2F4F4F","ordinal":"2nd","radius_px":9.0,"authors":"Hao Zhang, Zhihong Wang, Zhiqiang Gui, Liang Guo, Yan Zhang","n_members":54,"n_papers":9,"topic_id":129,"community_id":2}},{"type":"Feature","geometry":{"type":"Point","coordinates":[2.6218296879909007,-11.806169488880736]},"properties":{"color":"#556B2F","ordinal":"3rd","radius_px":9.0,"authors":"Zeming Liu, Tao Huang, Chao Zhang, Qiuyang Zhao, Min Wang","n_members":49,"n_papers":14,"topic_id":129,"community_id":11}},{"type":"Feature","geometry":{"type":"Point","coordinates":[2.6403887914587587,-11.930157756049583]},"properties":{"color":"#483D8B","ordinal":"4th","radius_px":9.0,"authors":"Yan Li, Ying Wei, Ying Liu, Shu-Rong Wang, Zhen-Long Zhao","n_members":30,"n_papers":6,"topic_id":129,"community_id":15}},{"type":"Feature","geometry":{"type":"Point","coordinates":[2.6404046139578248,-11.902021500278433]},"properties":{"color":"#708090","ordinal":"5th","radius_px":9.0,"authors":"Lin Yan, Yukun Luo, Mingbo Zhang, Xinyang Li, Jie Tang","n_members":23,"n_papers":7,"topic_id":129,"community_id":3}},{"type":"Feature","geometry":{"type":"Point","coordinates":[4.696555565751692,-2.1285616524877744]},"properties":{"color":"#191970","ordinal":"1st","radius_px":9.0,"authors":"Matias D. Cattaneo, Roc\u00edo Titiunik, Gonzalo Vazquez-Bare, Luke Keele, Rocio Titiunik","n_members":8,"n_papers":21,"topic_id":130,"community_id":1}},{"type":"Feature","geometry":{"type":"Point","coordinates":[4.731172441965741,-2.069093821656152]},"properties":{"color":"#2F4F4F","ordinal":"2nd","radius_px":9.0,"authors":"Ot\u00e1vio Bartalotti, Quentin Brummet, Steven Dieterle, Yang He, Gray Calhoun","n_members":5,"n_papers":9,"topic_id":130,"community_id":2}},{"type":"Feature","geometry":{"type":"Point","coordinates":[4.736420008177204,-2.1087198259001094]},"properties":{"color":"#556B2F","ordinal":"3rd","radius_px":9.0,"authors":"Sebastian Calonico, Max H. Farrell, Matias,D. Cattaneo, Marinho Bertanha","n_members":4,"n_papers":9,"topic_id":130,"community_id":0}},{"type":"Feature","geometry":{"type":"Point","coordinates":[1.1228666648821675,3.1470392755775087]},"properties":{"color":"#191970","ordinal":"1st","radius_px":9.0,"authors":"Jinguang Zhang, Bing Zhao, Yuheng Mao, Liqing Zhang, Hongmei Xu","n_members":34,"n_papers":8,"topic_id":131,"community_id":1}},{"type":"Feature","geometry":{"type":"Point","coordinates":[1.7420519604450118,1.7057839334696905]},"properties":{"color":"#2F4F4F","ordinal":"2nd","radius_px":9.0,"authors":"Yi Lu, Marco Helbich, Bo Xie, Dongsheng He, Jia Miao","n_members":27,"n_papers":12,"topic_id":131,"community_id":0}},{"type":"Feature","geometry":{"type":"Point","coordinates":[1.9573342585854074,1.9201007839932571]},"properties":{"color":"#556B2F","ordinal":"3rd","radius_px":9.0,"authors":"Ye Liu, Ruoyu Wang, Yuan Yuan, Zhiqiang Feng, Guanghui Dong","n_members":25,"n_papers":10,"topic_id":131,"community_id":2}},{"type":"Feature","geometry":{"type":"Point","coordinates":[1.9820778953832403,1.9557110379746565]},"properties":{"color":"#483D8B","ordinal":"4th","radius_px":9.0,"authors":"Michael S. Bloom, Payam Dadvand, Matthew H.E. Mute Browning, Li-Xin Hu, Bo-Yi Yang","n_members":23,"n_papers":3,"topic_id":131,"community_id":4}},{"type":"Feature","geometry":{"type":"Point","coordinates":[1.9145832419827467,2.441647501633603]},"properties":{"color":"#708090","ordinal":"5th","radius_px":9.0,"authors":"Yuqi Liu, Haochen Shi, Yaogeng Xu, Miaoxi Zhao, Lijun Yu","n_members":8,"n_papers":3,"topic_id":131,"community_id":3}},{"type":"Feature","geometry":{"type":"Point","coordinates":[2.573776070397425,5.332656106129386]},"properties":{"color":"#191970","ordinal":"1st","radius_px":9.0,"authors":"Friedrich Schneider, Ella Hugo, Benno Torgler, David Savage, David A. Savage","n_members":5,"n_papers":4,"topic_id":132,"community_id":2}},{"type":"Feature","geometry":{"type":"Point","coordinates":[2.4145920987226663,5.519801873324737]},"properties":{"color":"#2F4F4F","ordinal":"2nd","radius_px":9.0,"authors":"Arusha Cooray, Ratbek Dzhumashev, Krishna Chaitanya Vadlamannati","n_members":3,"n_papers":2,"topic_id":132,"community_id":0}},{"type":"Feature","geometry":{"type":"Point","coordinates":[1.6543306497622168,10.853575939037327]},"properties":{"color":"#191970","ordinal":"1st","radius_px":9.0,"authors":"Nazir Ullah, Waleed Mugahed Al-Rahmi, Ahmed Ibrahim Alzahrani, Fahad Alblehai, Osama Alfarraj","n_members":18,"n_papers":7,"topic_id":133,"community_id":2}},{"type":"Feature","geometry":{"type":"Point","coordinates":[1.6762606334655443,10.85443448159526]},"properties":{"color":"#2F4F4F","ordinal":"2nd","radius_px":9.0,"authors":"Khuram Shahzad, Qingyu Zhang, Abaid Ullah Zafar, Muhammad Ashfaq, Usman Farooq","n_members":12,"n_papers":5,"topic_id":133,"community_id":4}},{"type":"Feature","geometry":{"type":"Point","coordinates":[1.6737469199185218,10.848393038691606]},"properties":{"color":"#556B2F","ordinal":"3rd","radius_px":9.0,"authors":"Abeer F. Alkhwaldi, Amir A. Abdulmuhsin, Alhamzah Alnoor, Abdulkareem H. Dbesan, Shagufta Tariq Khan","n_members":10,"n_papers":5,"topic_id":133,"community_id":1}},{"type":"Feature","geometry":{"type":"Point","coordinates":[1.6421748428722656,10.76075015256939]},"properties":{"color":"#483D8B","ordinal":"4th","radius_px":9.0,"authors":"Shafique Ur Rehman, Yudi Fernando, Diyana Kamarudin, Muhammad Usman, Abdul Waheed","n_members":6,"n_papers":5,"topic_id":133,"community_id":3}},{"type":"Feature","geometry":{"type":"Point","coordinates":[1.7186594274803353,10.795951773314082]},"properties":{"color":"#708090","ordinal":"5th","radius_px":9.0,"authors":"Vikas Kumar, Dilshad Sarwar, Priyanka Vern, Rahul S. Mor, Anupama Panghal","n_members":5,"n_papers":2,"topic_id":133,"community_id":0}},{"type":"Feature","geometry":{"type":"Point","coordinates":[-0.6943872528849825,-9.319547274288388]},"properties":{"color":"#191970","ordinal":"1st","radius_px":9.0,"authors":"Lydia Zentz, Dashiell S. Miner, Ruth J. Larson, Acelan M. Obray, Spencer C. Davis","n_members":15,"n_papers":4,"topic_id":134,"community_id":0}},{"type":"Feature","geometry":{"type":"Point","coordinates":[-0.6682471085610279,-9.33917633229146]},"properties":{"color":"#2F4F4F","ordinal":"2nd","radius_px":9.0,"authors":"Kendall Pogue, Abraham Quaye, Ryan Burgess, Carter Stancil, Emily J. Mello","n_members":13,"n_papers":4,"topic_id":134,"community_id":2}},{"type":"Feature","geometry":{"type":"Point","coordinates":[-0.6871075274458518,-9.328596120227262]},"properties":{"color":"#556B2F","ordinal":"3rd","radius_px":9.0,"authors":"Brian D. Poole, Jamie L. Jensen, Savannah J. Hughes, Ruth J. Bodily, David S. Redd","n_members":11,"n_papers":8,"topic_id":134,"community_id":1}},{"type":"Feature","geometry":{"type":"Point","coordinates":[-0.6678453546717393,-9.339369117747669]},"properties":{"color":"#483D8B","ordinal":"4th","radius_px":9.0,"authors":"Anjana Pillai, Masood A Shariff, Federico Ciardi, Vidya Menon, Usha Venugopal","n_members":8,"n_papers":1,"topic_id":134,"community_id":3}},{"type":"Feature","geometry":{"type":"Point","coordinates":[-0.6990542021742532,-9.32266593976116]},"properties":{"color":"#708090","ordinal":"5th","radius_px":9.0,"authors":"Scott M. Alvord, Chantel Sloan-Aagard, Ty Skyles","n_members":3,"n_papers":1,"topic_id":134,"community_id":4}},{"type":"Feature","geometry":{"type":"Point","coordinates":[0.39597417851390154,-9.673173364604468]},"properties":{"color":"#191970","ordinal":"1st","radius_px":9.0,"authors":"Takayuki Baba, Keita Yamakiri, Tadashi Orihara, Mitsuru Nakazawa, Tatsuro Ishibashi","n_members":92,"n_papers":2,"topic_id":135,"community_id":0}},{"type":"Feature","geometry":{"type":"Point","coordinates":[0.45315669013282467,-9.50133110474556]},"properties":{"color":"#2F4F4F","ordinal":"2nd","radius_px":9.0,"authors":"Ari Shinojima, Takuya Kurazumi, Thomas Heldt, Ken\u2010ichi Iwasaki, Chiaki Mukai","n_members":12,"n_papers":2,"topic_id":135,"community_id":1}},{"type":"Feature","geometry":{"type":"Point","coordinates":[0.5184403212727471,-9.589867109025837]},"properties":{"color":"#556B2F","ordinal":"3rd","radius_px":9.0,"authors":"Koh-Hei Sonoda, Keijiro Ishikawa, Yosuke Fukuda, Shoji Notomi, Kohei Kiyohara","n_members":11,"n_papers":2,"topic_id":135,"community_id":3}},{"type":"Feature","geometry":{"type":"Point","coordinates":[0.4595008243229281,-9.649195811935252]},"properties":{"color":"#483D8B","ordinal":"4th","radius_px":9.0,"authors":"Tsunehiko Ikeda, Tetsuya Sugiyama, Eisuke Ishizaki, Bunpei Sato, Hidehiro Oku","n_members":9,"n_papers":2,"topic_id":135,"community_id":2}},{"type":"Feature","geometry":{"type":"Point","coordinates":[0.3972241559399925,-9.622800278717701]},"properties":{"color":"#708090","ordinal":"5th","radius_px":9.0,"authors":"Taiji Sakamoto, Toshifumi Yamashita, Hiroto Terasaki, Chihaya Koriyama, Hideki Shiihara","n_members":8,"n_papers":3,"topic_id":135,"community_id":4}},{"type":"Feature","geometry":{"type":"Point","coordinates":[-1.8793809873841185,-2.1840380859467055]},"properties":{"color":"#191970","ordinal":"1st","radius_px":9.0,"authors":"Oliver Wilhelm, Klaus Oberauer, Alodie Rey-Mermet, Ullrich K. H. Ecker, Heinz-Martin S\u00fc\u00df","n_members":31,"n_papers":20,"topic_id":136,"community_id":1}},{"type":"Feature","geometry":{"type":"Point","coordinates":[-1.8716953804472483,-2.125463882344852]},"properties":{"color":"#2F4F4F","ordinal":"2nd","radius_px":9.0,"authors":"Andreas Demetriou, George Spanoudis, Christopher R. Brydges, Michael Shayer, Smaragda Kazi","n_members":22,"n_papers":11,"topic_id":136,"community_id":0}},{"type":"Feature","geometry":{"type":"Point","coordinates":[-1.8318901004095427,-2.2443039210789704]},"properties":{"color":"#556B2F","ordinal":"3rd","radius_px":9.0,"authors":"Anna-Lena Schubert, Dirk Hagemann, Gidon T. Frischkorn, Stefan Vermeent, Meriah L. DeJoseph","n_members":22,"n_papers":8,"topic_id":136,"community_id":4}},{"type":"Feature","geometry":{"type":"Point","coordinates":[-1.570382715219726,-2.5233434607538876]},"properties":{"color":"#483D8B","ordinal":"4th","radius_px":9.0,"authors":"Martin L\u00f6vd\u00e9n, Ulman Lindenberger, Florian Schmiedek, Erika J. Laukka, Caroline Graff","n_members":20,"n_papers":8,"topic_id":136,"community_id":2}},{"type":"Feature","geometry":{"type":"Point","coordinates":[-1.8906865069330394,-2.271338793328284]},"properties":{"color":"#708090","ordinal":"5th","radius_px":9.0,"authors":"Roman Kotov, Eilon Silver-Frankel, Greg Perlman, Han Hao, Kacie Bauer","n_members":20,"n_papers":3,"topic_id":136,"community_id":3}},{"type":"Feature","geometry":{"type":"Point","coordinates":[-2.337548965184956,10.92788664986089]},"properties":{"color":"#191970","ordinal":"1st","radius_px":9.0,"authors":"Miklas Scholz, Heesup Han, Antonio Ariza-Montes, Luis Araya-Castillo, Felipe Hern\u00e1ndez-Perlines","n_members":9,"n_papers":3,"topic_id":137,"community_id":1}},{"type":"Feature","geometry":{"type":"Point","coordinates":[-2.3546888592802073,10.997568935740729]},"properties":{"color":"#2F4F4F","ordinal":"2nd","radius_px":9.0,"authors":"Naveed Ahmad, Shuchi Gupta, Saqib Muneer, Nishad Nawaz, Rana Tahir Naveed","n_members":7,"n_papers":5,"topic_id":137,"community_id":2}},{"type":"Feature","geometry":{"type":"Point","coordinates":[-2.496335998513617,10.953470942913363]},"properties":{"color":"#556B2F","ordinal":"3rd","radius_px":9.0,"authors":"Zia Ullah, Muhammad Zulqarnain Arshad, Waris Ali Khan, Raja Irfan Sabir, Esra AlDhaen","n_members":6,"n_papers":2,"topic_id":137,"community_id":0}},{"type":"Feature","geometry":{"type":"Point","coordinates":[-6.495626459261731,13.477625963448217]},"properties":{"color":"#191970","ordinal":"1st","radius_px":9.0,"authors":"Supardi Supardi, Siti Amatul Kharimah Arifin, Paulina Evy Retnaning Prahardini, Sri Bananiek Sugiman, Agung Sutoto","n_members":13,"n_papers":1,"topic_id":138,"community_id":1}},{"type":"Feature","geometry":{"type":"Point","coordinates":[-6.502695951843728,13.483024875302906]},"properties":{"color":"#2F4F4F","ordinal":"2nd","radius_px":9.0,"authors":"Basrowi Basrowi, Yeni Priatnasari, Abdul Kharis Al Masyhari, Wulan Suci Rachmadani","n_members":4,"n_papers":2,"topic_id":138,"community_id":0}},{"type":"Feature","geometry":{"type":"Point","coordinates":[-1.035451539240338,-11.173415918815808]},"properties":{"color":"#191970","ordinal":"1st","radius_px":9.0,"authors":"Deepak L. Bhatt, Zlatko Fras, Michel Scemama, J. Wouter Jukema, Shaun G. Goodman","n_members":78,"n_papers":11,"topic_id":139,"community_id":0}},{"type":"Feature","geometry":{"type":"Point","coordinates":[-1.039502099000839,-11.062916676066775]},"properties":{"color":"#2F4F4F","ordinal":"2nd","radius_px":9.0,"authors":"John J.P. Kastelein, Robert S. Rosenson, Don Poldermans, Ron T. van Domburg, Gijs M.J.M. Welten","n_members":35,"n_papers":5,"topic_id":139,"community_id":11}},{"type":"Feature","geometry":{"type":"Point","coordinates":[-0.8845516777279354,-11.073184239677069]},"properties":{"color":"#556B2F","ordinal":"3rd","radius_px":9.0,"authors":"Harlan M. Krumholz, Martin B. Leon, Daniel Burkhoff, Jessica A. Hennessey, Daniel Brodie","n_members":29,"n_papers":5,"topic_id":139,"community_id":6}},{"type":"Feature","geometry":{"type":"Point","coordinates":[-1.0526801769172993,-11.114905693144953]},"properties":{"color":"#483D8B","ordinal":"4th","radius_px":9.0,"authors":"Jack V. Tu, Peter C. Austin, Dennis T. Ko, Cynthia A. Jackevicius, Harindra C. Wijeysundera","n_members":27,"n_papers":6,"topic_id":139,"community_id":7}},{"type":"Feature","geometry":{"type":"Point","coordinates":[-1.009458612951157,-11.157054629261475]},"properties":{"color":"#708090","ordinal":"5th","radius_px":9.0,"authors":"Michael Szarek, Robert Pordy, Rafael Diaz, Garen Manvelian, Sergio Fazio","n_members":19,"n_papers":3,"topic_id":139,"community_id":5}},{"type":"Feature","geometry":{"type":"Point","coordinates":[-1.7309322373572216,9.375499990563153]},"properties":{"color":"#191970","ordinal":"1st","radius_px":9.0,"authors":"Eunil Park, Sang Jib Kwon, Jinyoung Han, Sunghyun Kim, YoungSeok Kim","n_members":7,"n_papers":6,"topic_id":140,"community_id":0}},{"type":"Feature","geometry":{"type":"Point","coordinates":[-1.6840267828480286,9.755632090912862]},"properties":{"color":"#2F4F4F","ordinal":"2nd","radius_px":9.0,"authors":"Ki Joon Kim, Dong-Hee Shin, S. Shyam Sundar, Sai Wang","n_members":4,"n_papers":4,"topic_id":140,"community_id":1}},{"type":"Feature","geometry":{"type":"Point","coordinates":[0.32259011578772245,9.225649917466935]},"properties":{"color":"#191970","ordinal":"1st","radius_px":9.0,"authors":"Muhamad Zameri Mat Saman, Norhayati Zakuan, Mohd Norfian Alifiah, Awaluddin Mohd Shaharoun, Sha\u2019ri Mohd Yusof","n_members":6,"n_papers":2,"topic_id":141,"community_id":1}},{"type":"Feature","geometry":{"type":"Point","coordinates":[0.2637888937210323,9.1805090155708]},"properties":{"color":"#2F4F4F","ordinal":"2nd","radius_px":9.0,"authors":"Tritos Laosirihongthong, Barbara Igel, Dinh Thai Hoang, Dotun Adebanjo, Pei\u2010Lee Teh","n_members":5,"n_papers":4,"topic_id":141,"community_id":0}},{"type":"Feature","geometry":{"type":"Point","coordinates":[0.2385334334752009,9.231795926451362]},"properties":{"color":"#556B2F","ordinal":"3rd","radius_px":9.0,"authors":"Shari Mohd Yusof, Nilda Tri Putri, Haesti Sujita Darma, Alizar Hasan","n_members":4,"n_papers":3,"topic_id":141,"community_id":2}},{"type":"Feature","geometry":{"type":"Point","coordinates":[-1.9265884452450197,11.51752652412721]},"properties":{"color":"#191970","ordinal":"1st","radius_px":9.0,"authors":"Akif Lutfi Al-Khasawneh, Mujtaba Hashim Ramadan, Adel Al Khattab, Hussin Mostafa Arafa, Nazar Ali Ahmed","n_members":11,"n_papers":1,"topic_id":142,"community_id":0}},{"type":"Feature","geometry":{"type":"Point","coordinates":[-1.1969607303428287,-1.3283105569787814]},"properties":{"color":"#191970","ordinal":"1st","radius_px":9.0,"authors":"Emilio Ferrer, David A. Bridwell, Anthony P. Zanesco, Tonya L. Jacobs, Margaret E. Kemeny","n_members":13,"n_papers":1,"topic_id":143,"community_id":0}},{"type":"Feature","geometry":{"type":"Point","coordinates":[-1.1259851271481556,-1.2337374162663353]},"properties":{"color":"#2F4F4F","ordinal":"2nd","radius_px":9.0,"authors":"Baljinder K. Sahdra, Joseph Ciarrochi, Emma L. Bradshaw, Ruth Baer, Geetanjali Basarkod","n_members":8,"n_papers":3,"topic_id":143,"community_id":1}},{"type":"Feature","geometry":{"type":"Point","coordinates":[-2.230055722084273,-12.448526627943046]},"properties":{"color":"#191970","ordinal":"1st","radius_px":9.0,"authors":"Antonio Colombo, Azeem Latib, Alfonso Ielasi, Carlo Briguori, Gennaro Sardella","n_members":155,"n_papers":31,"topic_id":144,"community_id":14}},{"type":"Feature","geometry":{"type":"Point","coordinates":[-2.4068329368492156,-12.345311651002444]},"properties":{"color":"#2F4F4F","ordinal":"2nd","radius_px":9.0,"authors":"Mitsuyoshi Takahara, Osamu Iida, Yoshimitsu Soga, Daizo Kawasaki, Kenji Ando","n_members":124,"n_papers":28,"topic_id":144,"community_id":16}},{"type":"Feature","geometry":{"type":"Point","coordinates":[-2.3342792113565496,-12.343170110150805]},"properties":{"color":"#556B2F","ordinal":"3rd","radius_px":9.0,"authors":"Hyo-Soo Kim, Hyeon-Cheol Gwon, Yangsoo Jang, Seung-Hyuk Choi, Joo-Yong Hahn","n_members":118,"n_papers":29,"topic_id":144,"community_id":4}},{"type":"Feature","geometry":{"type":"Point","coordinates":[-2.43920164232663,-12.353533296690227]},"properties":{"color":"#483D8B","ordinal":"4th","radius_px":9.0,"authors":"Angel Cequier, Tommaso Gori, Thomas M\u00fcnzel, Petr Widimsky, Fernando Alfonso","n_members":113,"n_papers":13,"topic_id":144,"community_id":15}},{"type":"Feature","geometry":{"type":"Point","coordinates":[-2.4061711436274758,-12.346055996393215]},"properties":{"color":"#708090","ordinal":"5th","radius_px":9.0,"authors":"Seung-Woon Rha, Dong Joo Oh, Byoung Geol Choi, Chang Gyu Park, Cheol Ung Choi","n_members":109,"n_papers":26,"topic_id":144,"community_id":12}},{"type":"Feature","geometry":{"type":"Point","coordinates":[2.4186729276118117,-1.9463009098948874]},"properties":{"color":"#191970","ordinal":"1st","radius_px":9.0,"authors":"Khalid Zaman, Muhammad Moinuddin Qazi Abro, Abdullah Mohammed Aldakhil, Zainudin Bin Hassan, Wen Jiandong","n_members":9,"n_papers":2,"topic_id":145,"community_id":0}},{"type":"Feature","geometry":{"type":"Point","coordinates":[2.526472301672652,-1.6753333213079118]},"properties":{"color":"#2F4F4F","ordinal":"2nd","radius_px":9.0,"authors":"Yasir Javed, Mohammed ElAffendi, Mohammad Haroon Khan, Raisa Bano, Abdelhamied A. Ateya","n_members":9,"n_papers":2,"topic_id":145,"community_id":1}},{"type":"Feature","geometry":{"type":"Point","coordinates":[2.5184853793188156,-1.7292540591414354]},"properties":{"color":"#556B2F","ordinal":"3rd","radius_px":9.0,"authors":"Ghulam Akhmat, Tan Shukui, Shaina Rauf Khan","n_members":3,"n_papers":1,"topic_id":145,"community_id":2}},{"type":"Feature","geometry":{"type":"Point","coordinates":[1.3045915063110893,-6.922009757974742]},"properties":{"color":"#191970","ordinal":"1st","radius_px":9.0,"authors":"Helen Mogun, Sonia Hernandez-Diaz, Krista F. Huybrechts, Brian T. Bateman, Loreen Straub","n_members":38,"n_papers":9,"topic_id":146,"community_id":1}},{"type":"Feature","geometry":{"type":"Point","coordinates":[1.425444442100104,-6.852954180644803]},"properties":{"color":"#2F4F4F","ordinal":"2nd","radius_px":9.0,"authors":"Jacqueline M. Cohen, Helga Zoega, Mika Gissler, Carolyn E. Cesta, Randi M. Selmer","n_members":23,"n_papers":7,"topic_id":146,"community_id":3}},{"type":"Feature","geometry":{"type":"Point","coordinates":[1.466470806304739,-6.939077418922089]},"properties":{"color":"#556B2F","ordinal":"3rd","radius_px":9.0,"authors":"Hu Li, Espen Jimenez-Solem, Jon Tr\u00e6rup Andersen, Jon Traerup Andersen, Jonas Krogh Jensen","n_members":23,"n_papers":5,"topic_id":146,"community_id":7}},{"type":"Feature","geometry":{"type":"Point","coordinates":[1.3622940965949153,-6.944680922569027]},"properties":{"color":"#483D8B","ordinal":"4th","radius_px":9.0,"authors":"Elizabeth A. Suarez, Judith C. Maro, Sandra DeLuccia, Talia Menzin, Michael Nguyen","n_members":21,"n_papers":5,"topic_id":146,"community_id":6}},{"type":"Feature","geometry":{"type":"Point","coordinates":[1.1974642444931167,-6.9039401888692415]},"properties":{"color":"#708090","ordinal":"5th","radius_px":9.0,"authors":"Tara Gomes, Peter C Austin, Karl Everett, David N Juurlink, Muhammad M Mamdani","n_members":20,"n_papers":3,"topic_id":146,"community_id":4}},{"type":"Feature","geometry":{"type":"Point","coordinates":[6.14368545779477,5.244815094801495]},"properties":{"color":"#191970","ordinal":"1st","radius_px":9.0,"authors":"David A. Bessler, Stephen W. Fuller, Tun-Hsiang Yu, C. Parr Rosson, Rafael F. Costa","n_members":13,"n_papers":19,"topic_id":147,"community_id":0}},{"type":"Feature","geometry":{"type":"Point","coordinates":[6.196788516394033,5.394513822254485]},"properties":{"color":"#2F4F4F","ordinal":"2nd","radius_px":9.0,"authors":"Ronald A. Babula, Agapi Somwaru, John Reeder, Warren S. Payne, Suchada V. Langley","n_members":7,"n_papers":6,"topic_id":147,"community_id":1}},{"type":"Feature","geometry":{"type":"Point","coordinates":[6.110271779444359,5.067410483551909]},"properties":{"color":"#556B2F","ordinal":"3rd","radius_px":9.0,"authors":"Matthew C. Stockton, Dillon M. Feuz, Oral Capps, Chyi-lyi (Kathleen) Liang, R.G. Taylor","n_members":6,"n_papers":5,"topic_id":147,"community_id":2}},{"type":"Feature","geometry":{"type":"Point","coordinates":[-1.0819229069273724,4.131923800604314]},"properties":{"color":"#191970","ordinal":"1st","radius_px":9.0,"authors":"Dwi Kurnianing Ratri, Achmad Supriyanto, Athalla Naufal Bhayangkara, Burhanuddin Burhanuddin, Rochmawati Rochmawati","n_members":6,"n_papers":2,"topic_id":148,"community_id":1}},{"type":"Feature","geometry":{"type":"Point","coordinates":[-1.1396709009041637,4.1033855157699834]},"properties":{"color":"#2F4F4F","ordinal":"2nd","radius_px":9.0,"authors":"Asep Sunandar, Raden Bambang Sumarsono, Nur Luthfi Ardian, Zummy Anselmus Dami, None Rochmawati","n_members":5,"n_papers":1,"topic_id":148,"community_id":0}},{"type":"Feature","geometry":{"type":"Point","coordinates":[1.198612407577402,11.854457698553034]},"properties":{"color":"#191970","ordinal":"1st","radius_px":9.0,"authors":"Liliana Inggrit Wijaya, Bertha Silvia Sutejo, Joni Joni, Aldo Willie Kurnijanto, Karen Videlia Sumbodo","n_members":8,"n_papers":5,"topic_id":149,"community_id":0}},{"type":"Feature","geometry":{"type":"Point","coordinates":[1.1693146427879741,11.803210687887505]},"properties":{"color":"#2F4F4F","ordinal":"2nd","radius_px":9.0,"authors":"Werner Ria Murhadi, Deddy Marciano, Putu Anom Mahadwartha, Zunairoh Zunairoh, Daniel Irvansyah","n_members":8,"n_papers":4,"topic_id":149,"community_id":1}},{"type":"Feature","geometry":{"type":"Point","coordinates":[1.616232823753986,-12.432107001522597]},"properties":{"color":"#191970","ordinal":"1st","radius_px":9.0,"authors":"Robert J. Fontana, Paul H. Hayashi, Andrew Stolz, Jay H. Hoofnagle, Jose Serrano","n_members":66,"n_papers":24,"topic_id":150,"community_id":1}},{"type":"Feature","geometry":{"type":"Point","coordinates":[1.588859900372487,-12.49538489012894]},"properties":{"color":"#2F4F4F","ordinal":"2nd","radius_px":9.0,"authors":"M. Isabel Lucena, Ra\u00fal J. Andrade, M. Carmen Fern\u00e1ndez, Mercedes Robles\u2010Diaz, Ketevan Pachkoria","n_members":51,"n_papers":13,"topic_id":150,"community_id":3}},{"type":"Feature","geometry":{"type":"Point","coordinates":[1.6169771691447572,-12.46207192542475]},"properties":{"color":"#556B2F","ordinal":"3rd","radius_px":9.0,"authors":"Guruprasad P. Aithal, Jane I. Grove, Camilla Stephens, Edmond Atallah, Einar S. Bj\u00f6rnsson","n_members":48,"n_papers":11,"topic_id":150,"community_id":0}},{"type":"Feature","geometry":{"type":"Point","coordinates":[1.5196853103321948,-12.483672113212798]},"properties":{"color":"#483D8B","ordinal":"4th","radius_px":9.0,"authors":"Raul J. Andrade, Christine Bernsmeier, Ana Lleo, Cumali Efe, Guido Poggi","n_members":38,"n_papers":6,"topic_id":150,"community_id":4}},{"type":"Feature","geometry":{"type":"Point","coordinates":[1.6265931209674926,-12.470110993232028]},"properties":{"color":"#708090","ordinal":"5th","radius_px":9.0,"authors":"William M. Lee, Ayako Suzuki, Michael Merz, Christine M. Hunt, Rich Murray","n_members":33,"n_papers":9,"topic_id":150,"community_id":2}},{"type":"Feature","geometry":{"type":"Point","coordinates":[-1.9884846857156666,-11.445229116787566]},"properties":{"color":"#191970","ordinal":"1st","radius_px":9.0,"authors":"Maurizio Paciaroni, Alessandro Padovani, Elisa Giorli, Marialuisa Zedde, Alessia Lanari","n_members":111,"n_papers":5,"topic_id":151,"community_id":0}},{"type":"Feature","geometry":{"type":"Point","coordinates":[-2.178517027088165,-11.655763289339143]},"properties":{"color":"#2F4F4F","ordinal":"2nd","radius_px":9.0,"authors":"Antonio Baldi, Shigenobu Bando, Venkatesh Kumar Gurusamy, Christine Teutsch, Menno V. Huisman","n_members":100,"n_papers":5,"topic_id":151,"community_id":11}},{"type":"Feature","geometry":{"type":"Point","coordinates":[-2.042305948185505,-11.538119431534298]},"properties":{"color":"#556B2F","ordinal":"3rd","radius_px":9.0,"authors":"Gregory Y. H. Lip, Jack Mardekian, Allison Keshishian, Xuemei Luo, Xianying Pan","n_members":97,"n_papers":29,"topic_id":151,"community_id":12}},{"type":"Feature","geometry":{"type":"Point","coordinates":[-2.038690163181908,-11.534512452095395]},"properties":{"color":"#483D8B","ordinal":"4th","radius_px":9.0,"authors":"Gregory Y.H. Lip, Kyung-Do Han, Eue-Keun Choi, Jin-Hyung Jung, So-Ryoung Lee","n_members":87,"n_papers":21,"topic_id":151,"community_id":4}},{"type":"Feature","geometry":{"type":"Point","coordinates":[-1.9952305737950562,-11.513458897253289]},"properties":{"color":"#708090","ordinal":"5th","radius_px":9.0,"authors":"Walter Ageno, Vittorio Pengo, Giuseppe Boriani, Daniele Pastori, Pasquale Pignatelli","n_members":70,"n_papers":8,"topic_id":151,"community_id":19}},{"type":"Feature","geometry":{"type":"Point","coordinates":[3.899375410930684,-1.7330184380492912]},"properties":{"color":"#191970","ordinal":"1st","radius_px":9.0,"authors":"David P. MacKinnon, Matthew J. Valente, Heather L. Smyth, Oscar Gonzalez, Judith J.M. Rijnhart","n_members":15,"n_papers":11,"topic_id":152,"community_id":0}},{"type":"Feature","geometry":{"type":"Point","coordinates":[-0.5100977907381365,1.1223210252511808]},"properties":{"color":"#2F4F4F","ordinal":"2nd","radius_px":9.0,"authors":"Hanno Petras, Wei Wang, Peter Toyinbo, Jeanne Poduska, Amy Windham","n_members":12,"n_papers":1,"topic_id":152,"community_id":1}},{"type":"Feature","geometry":{"type":"Point","coordinates":[0.8966008006520764,-13.003088709718224]},"properties":{"color":"#191970","ordinal":"1st","radius_px":9.0,"authors":"Luc Biedermann, Benjamin Misselwitz, Michael Fried, Remus Frei, Emanuel Burri","n_members":100,"n_papers":2,"topic_id":153,"community_id":0}},{"type":"Feature","geometry":{"type":"Point","coordinates":[0.9097087092248609,-13.064693265858288]},"properties":{"color":"#2F4F4F","ordinal":"2nd","radius_px":9.0,"authors":"Vipul Jairath, Talat Bessissow, Aakash Desai, Francis A. Farraye, Gursimran S. Kochhar","n_members":89,"n_papers":22,"topic_id":153,"community_id":13}},{"type":"Feature","geometry":{"type":"Point","coordinates":[0.9575848396549189,-13.003364709136685]},"properties":{"color":"#556B2F","ordinal":"3rd","radius_px":9.0,"authors":"Maria Cappello, Ambrogio Orlando, Walter Fries, Fabio Salvatore Macaluso, Marco Ventimiglia","n_members":83,"n_papers":10,"topic_id":153,"community_id":9}},{"type":"Feature","geometry":{"type":"Point","coordinates":[0.9500959820542408,-12.99675393144061]},"properties":{"color":"#483D8B","ordinal":"4th","radius_px":9.0,"authors":"Siddharth Singh, William J. Sandborn, Edward V. Loftus, Corey A. Siegel, Monika Fischer","n_members":81,"n_papers":19,"topic_id":153,"community_id":4}},{"type":"Feature","geometry":{"type":"Point","coordinates":[0.9548743767717044,-13.02294401982683]},"properties":{"color":"#708090","ordinal":"5th","radius_px":9.0,"authors":"Xavier Roblin, Mathurin Fumery, Anthony Buisson, David Laharie, Romain Altwegg","n_members":79,"n_papers":13,"topic_id":153,"community_id":2}},{"type":"Feature","geometry":{"type":"Point","coordinates":[-1.6079233140869904,7.002758030858181]},"properties":{"color":"#191970","ordinal":"1st","radius_px":9.0,"authors":"Evangelia Demerouti, Arnold B. Bakker, Sarah-Jane Cullinane, Despoina Xanthopoulou, Patrick C. Flood","n_members":7,"n_papers":3,"topic_id":154,"community_id":1}},{"type":"Feature","geometry":{"type":"Point","coordinates":[-3.550803746817425,5.008937406357119]},"properties":{"color":"#2F4F4F","ordinal":"2nd","radius_px":9.0,"authors":"Wilmar B. Schaufeli, Jari J. Hakanen, Anne Punakallio, Sirpa Lusa, Auli Airila","n_members":6,"n_papers":2,"topic_id":154,"community_id":0}},{"type":"Feature","geometry":{"type":"Point","coordinates":[-1.0189837573879565,-6.614054119705222]},"properties":{"color":"#191970","ordinal":"1st","radius_px":9.0,"authors":"Saya Kikuchi, Norio Yasui\u2010Furukori, Ken Inada, Kayo Ichihashi, Hisashi Yamada","n_members":38,"n_papers":1,"topic_id":155,"community_id":2}},{"type":"Feature","geometry":{"type":"Point","coordinates":[-0.2376219740229478,-6.2413310765261265]},"properties":{"color":"#2F4F4F","ordinal":"2nd","radius_px":9.0,"authors":"Hiroyuki Uchida, Ryuhei So, Nobuyuki Nomura, Masaru Mimura, Christopher Banker","n_members":12,"n_papers":2,"topic_id":155,"community_id":1}},{"type":"Feature","geometry":{"type":"Point","coordinates":[-0.21741320304393563,-6.224926859843898]},"properties":{"color":"#556B2F","ordinal":"3rd","radius_px":9.0,"authors":"Koichiro Watanabe, Toshiaki Kikuchi, Haruo Kashima, Takefumi Suzuki","n_members":4,"n_papers":2,"topic_id":155,"community_id":0}},{"type":"Feature","geometry":{"type":"Point","coordinates":[1.4744164525740606,-14.730224827335581]},"properties":{"color":"#191970","ordinal":"1st","radius_px":9.0,"authors":"Hiroyuki Isayama, Yousuke Nakai, Mamoru Takenaka, Hiroshi Mori, Hironari Kato","n_members":41,"n_papers":10,"topic_id":156,"community_id":4}},{"type":"Feature","geometry":{"type":"Point","coordinates":[1.5130027122490621,-14.800364452231857]},"properties":{"color":"#2F4F4F","ordinal":"2nd","radius_px":9.0,"authors":"Takeshi Ogura, Hirotoshi Ishiwatari, Junya Sato, Atsushi Okuda, Saori Ueno","n_members":35,"n_papers":9,"topic_id":156,"community_id":5}},{"type":"Feature","geometry":{"type":"Point","coordinates":[1.5474035769541445,-14.734365506547274]},"properties":{"color":"#556B2F","ordinal":"3rd","radius_px":9.0,"authors":"Hiroki Kawashima, Tomoki Ebata, Kentaro Yamao, Masatoshi Ishigami, Eizaburo Ohno","n_members":33,"n_papers":5,"topic_id":156,"community_id":8}},{"type":"Feature","geometry":{"type":"Point","coordinates":[1.5253814099953964,-14.82318930144749]},"properties":{"color":"#483D8B","ordinal":"4th","radius_px":9.0,"authors":"Takuji Iwashita, Shinya Uemura, Masahito Shimizu, Tsuyoshi Mukai, Keisuke Iwata","n_members":25,"n_papers":8,"topic_id":156,"community_id":9}},{"type":"Feature","geometry":{"type":"Point","coordinates":[1.415736994956693,-14.59251405069551]},"properties":{"color":"#708090","ordinal":"5th","radius_px":9.0,"authors":"Hiroki Yamaue, Itaru Endo, Seiki Kiriyama, Masamichi Yokoe, Kohei Akazawa","n_members":24,"n_papers":4,"topic_id":156,"community_id":7}},{"type":"Feature","geometry":{"type":"Point","coordinates":[4.249126937207165,3.434063536215089]},"properties":{"color":"#191970","ordinal":"1st","radius_px":9.0,"authors":"Abdulrasheed Zakari, Mallesh Ummalla, Yuegang Song, Harshavardhan Reddy Kummitha","n_members":4,"n_papers":1,"topic_id":157,"community_id":0}},{"type":"Feature","geometry":{"type":"Point","coordinates":[4.244524653783636,3.394338056607449]},"properties":{"color":"#2F4F4F","ordinal":"2nd","radius_px":9.0,"authors":"Sudharshan Reddy Paramati, Muhammad Shahid Hassan, Saqlain Latif Satti, Fozia Hayat","n_members":4,"n_papers":2,"topic_id":157,"community_id":1}},{"type":"Feature","geometry":{"type":"Point","coordinates":[2.770092007702735,-8.346274143858937]},"properties":{"color":"#191970","ordinal":"1st","radius_px":9.0,"authors":"Yanping Kuang, Qifeng Lyu, Qiuju Chen, Renfei Cai, Hui Long","n_members":48,"n_papers":17,"topic_id":158,"community_id":2}},{"type":"Feature","geometry":{"type":"Point","coordinates":[2.4678712686158644,-8.650609002718632]},"properties":{"color":"#2F4F4F","ordinal":"2nd","radius_px":9.0,"authors":"Lei Jin, Meng Wang, Lixia Zhu, Ruolin Mao, Rui Long","n_members":32,"n_papers":13,"topic_id":158,"community_id":4}},{"type":"Feature","geometry":{"type":"Point","coordinates":[2.750294621699399,-8.21100973195465]},"properties":{"color":"#556B2F","ordinal":"3rd","radius_px":9.0,"authors":"Jiali Cai, Jianzhi Ren, Xiaoming Jiang, Zhenfang Liu, Lanlan Liu","n_members":18,"n_papers":6,"topic_id":158,"community_id":0}},{"type":"Feature","geometry":{"type":"Point","coordinates":[1.8484369406764412,-10.155493148944654]},"properties":{"color":"#483D8B","ordinal":"4th","radius_px":9.0,"authors":"Bo Zhang, Yifan Chu, Jing Yue, Luyao Wang, Jiayun Chen","n_members":16,"n_papers":3,"topic_id":158,"community_id":1}},{"type":"Feature","geometry":{"type":"Point","coordinates":[2.8401086298671556,-8.297185941207067]},"properties":{"color":"#708090","ordinal":"5th","radius_px":9.0,"authors":"Jiaan Huang, Yaqiong He, Yuan Wang, Yun Sun, Chongwen Shao","n_members":16,"n_papers":2,"topic_id":158,"community_id":10}},{"type":"Feature","geometry":{"type":"Point","coordinates":[-6.3066203789372475,-1.1846656552547976]},"properties":{"color":"#191970","ordinal":"1st","radius_px":9.0,"authors":"Elpiniki I. Papageorgiou, Nikolaos I. Papandrianos, Konstantinos Papageorgiou, Anna Feleki, Ioannis D. Apostolopoulos","n_members":10,"n_papers":6,"topic_id":159,"community_id":2}},{"type":"Feature","geometry":{"type":"Point","coordinates":[-6.323602735976595,-1.1803474888796859]},"properties":{"color":"#2F4F4F","ordinal":"2nd","radius_px":9.0,"authors":"Marcio Mendonca, Ivan Rossato Chrun, Lucia Valeria R. Arruda, Esdras S. da Silva, Lucia Valeria R. de Arruda","n_members":9,"n_papers":5,"topic_id":159,"community_id":0}},{"type":"Feature","geometry":{"type":"Point","coordinates":[-6.3225038290198325,-1.1728079992820015]},"properties":{"color":"#556B2F","ordinal":"3rd","radius_px":9.0,"authors":"M\u00e1rcio Mendon\u00e7a, L\u00facia Val\u00e9ria Ramos de Arruda, Bruno Angelico, M\u00e1rcio Mendon, Flavio Neves","n_members":7,"n_papers":3,"topic_id":159,"community_id":3}},{"type":"Feature","geometry":{"type":"Point","coordinates":[-6.297967535753219,-1.1608269278165035]},"properties":{"color":"#483D8B","ordinal":"4th","radius_px":9.0,"authors":"Asmaa Mourhir, Mohammed Karim, Tajjeeddine Rachidi, Faycal Sossi Alaoui, Ilham Kissani","n_members":5,"n_papers":2,"topic_id":159,"community_id":1}},{"type":"Feature","geometry":{"type":"Point","coordinates":[2.689497700946361,8.22674115479109]},"properties":{"color":"#191970","ordinal":"1st","radius_px":9.0,"authors":"Pornsit Jiraporn, Pattanaporn Chatjuthamard, Suwongrat Papangkorn, Thunyanee Pothisarn, Sirisak Chueykamhang","n_members":11,"n_papers":18,"topic_id":160,"community_id":2}},{"type":"Feature","geometry":{"type":"Point","coordinates":[3.163772294860066,8.390552175540087]},"properties":{"color":"#2F4F4F","ordinal":"2nd","radius_px":9.0,"authors":"Sang Mook Lee, Amir Shoham, Ofra Bazel-Shoham, Kose John, Emma Xu","n_members":10,"n_papers":6,"topic_id":160,"community_id":1}},{"type":"Feature","geometry":{"type":"Point","coordinates":[3.1675889568083084,8.410976958028066]},"properties":{"color":"#556B2F","ordinal":"3rd","radius_px":9.0,"authors":"Sirimon Treepongkaruna, Shenghui Tong, Khine Kyaw, Seksak Jumreonwong, Sirimon Treepong karuna","n_members":9,"n_papers":5,"topic_id":160,"community_id":0}},{"type":"Feature","geometry":{"type":"Point","coordinates":[-2.306493527129892,-11.947388182356873]},"properties":{"color":"#191970","ordinal":"1st","radius_px":9.0,"authors":"Carlo de Asmundis, Juan Sieira, Antonio Sorgente, Alexandre Almorad, Luigi Pannone","n_members":81,"n_papers":10,"topic_id":161,"community_id":0}},{"type":"Feature","geometry":{"type":"Point","coordinates":[-2.2758886863307928,-11.964030562046757]},"properties":{"color":"#2F4F4F","ordinal":"2nd","radius_px":9.0,"authors":"Solomon O. Badejoko, Shoichiro Sato, Martin J. Swaans, Mikhael El-Chami, Tobias Bobinger","n_members":65,"n_papers":1,"topic_id":161,"community_id":1}},{"type":"Feature","geometry":{"type":"Point","coordinates":[-2.2632224318623284,-11.940586571563383]},"properties":{"color":"#556B2F","ordinal":"3rd","radius_px":9.0,"authors":"Jens Erik Nielsen-Kudsk, Claudio Tondo, Kasper Korsholm, Mohamad Alkhouli, Ingo Eitel","n_members":42,"n_papers":6,"topic_id":161,"community_id":5}},{"type":"Feature","geometry":{"type":"Point","coordinates":[-2.3452641533157306,-11.963948147464675]},"properties":{"color":"#483D8B","ordinal":"4th","radius_px":9.0,"authors":"Jean-Paul Albenque, Karl-Heinz Kuck, Christian Sticherling, Michael K\u00fchne, Arif Elvan","n_members":41,"n_papers":4,"topic_id":161,"community_id":6}},{"type":"Feature","geometry":{"type":"Point","coordinates":[-2.2737505851528654,-11.92846199691072]},"properties":{"color":"#708090","ordinal":"5th","radius_px":9.0,"authors":"Sanghamitra Mohanty, Andrea Natale, Luigi Di Biase, Javier Sanchez, Chintan Trivedi","n_members":32,"n_papers":4,"topic_id":161,"community_id":4}},{"type":"Feature","geometry":{"type":"Point","coordinates":[-3.290291115264445,4.497020399234344]},"properties":{"color":"#191970","ordinal":"1st","radius_px":9.0,"authors":"None Nadiroh, Asep Marfu, Septantri Shinta Wulandari, Agung Purwanto, Christin A. Malaihollo","n_members":12,"n_papers":1,"topic_id":162,"community_id":0}},{"type":"Feature","geometry":{"type":"Point","coordinates":[1.9526507988623305,-2.9201736635075797]},"properties":{"color":"#191970","ordinal":"1st","radius_px":9.0,"authors":"Joanna Schellenberg, Mezgebu Yitayal, Lars \u00c5ke Persson, Della Berhanu, Ephrem Tekle Lemango","n_members":30,"n_papers":10,"topic_id":163,"community_id":2}},{"type":"Feature","geometry":{"type":"Point","coordinates":[2.057676420043699,-3.2606931055473245]},"properties":{"color":"#2F4F4F","ordinal":"2nd","radius_px":9.0,"authors":"Claudia Hanson, Zelee Hill, Gaetano Marrone, Abiyou Kiflie, Abiy Seifu Estafinos","n_members":21,"n_papers":4,"topic_id":163,"community_id":5}},{"type":"Feature","geometry":{"type":"Point","coordinates":[2.1252343634404496,-2.9702044055493713]},"properties":{"color":"#556B2F","ordinal":"3rd","radius_px":9.0,"authors":"Val\u00e9ry Ridde, Marion Ravit, Alexandre Dumont, Emmanuel Bonnet, Martine Audibert","n_members":18,"n_papers":5,"topic_id":163,"community_id":1}},{"type":"Feature","geometry":{"type":"Point","coordinates":[2.1021170043725457,-2.8572303863597117]},"properties":{"color":"#483D8B","ordinal":"4th","radius_px":9.0,"authors":"Julia Lohmann, Manuela De Allegri, Michael Hillebrecht, Herv\u00e9 Hien, Stephan Brenner","n_members":14,"n_papers":4,"topic_id":163,"community_id":0}},{"type":"Feature","geometry":{"type":"Point","coordinates":[1.200621177023845,-1.458578430058936]},"properties":{"color":"#708090","ordinal":"5th","radius_px":9.0,"authors":"Binyam Tilahun, Asmamaw Atnafu, Shegaw Anagaw Mengiste, Moges Asressie Chanyalew, Moges Asressie","n_members":8,"n_papers":3,"topic_id":163,"community_id":3}},{"type":"Feature","geometry":{"type":"Point","coordinates":[-2.9561264016098274,6.527230019844675]},"properties":{"color":"#191970","ordinal":"1st","radius_px":9.0,"authors":"Kamel Mohammad Al-hawajreh, Anber Abraheem Shlash Mohammad, Reham Zuhier Qasim Almomani, Abdullah Ibrahim Mohammad, Muhammad Turki Alshurideh","n_members":9,"n_papers":1,"topic_id":164,"community_id":0}},{"type":"Feature","geometry":{"type":"Point","coordinates":[-2.5994078850278974,9.735144018428624]},"properties":{"color":"#191970","ordinal":"1st","radius_px":9.0,"authors":"T.C.E. Cheng, Thi Tuan Linh Pham, Han-Chung Huang, Huynh Van Nguyen, May-Kuen Wong","n_members":12,"n_papers":12,"topic_id":165,"community_id":0}},{"type":"Feature","geometry":{"type":"Point","coordinates":[-2.59416857403334,9.68948028612862]},"properties":{"color":"#2F4F4F","ordinal":"2nd","radius_px":9.0,"authors":"Ching-I Teng, Gen-Yih Liao, Tzu-Ling Huang, Guan-Ling Huang, Alan R. Dennis","n_members":11,"n_papers":28,"topic_id":165,"community_id":2}},{"type":"Feature","geometry":{"type":"Point","coordinates":[-2.5678715805882244,9.68450101446651]},"properties":{"color":"#556B2F","ordinal":"3rd","radius_px":9.0,"authors":"Fan-Chen Tseng, Hsing-Chen Lee, Ching-Ter Chang","n_members":3,"n_papers":2,"topic_id":165,"community_id":1}},{"type":"Feature","geometry":{"type":"Point","coordinates":[-0.11864778801415155,-14.887231898312967]},"properties":{"color":"#191970","ordinal":"1st","radius_px":9.0,"authors":"Esteban Brenet, Pierre Philouze, Nicolas Fakhry, Sarah Atallah, Antoine Moya-Plana","n_members":44,"n_papers":4,"topic_id":166,"community_id":3}},{"type":"Feature","geometry":{"type":"Point","coordinates":[-0.13774760818916973,-15.031034474679803]},"properties":{"color":"#2F4F4F","ordinal":"2nd","radius_px":9.0,"authors":"J\u00e9r\u00f4me Fayette, Florence Huguet, Christophe Le Tourneau, Anderson Loundou, Florent Peyraud","n_members":23,"n_papers":2,"topic_id":166,"community_id":1}},{"type":"Feature","geometry":{"type":"Point","coordinates":[-0.1344661594701507,-14.854713635822659]},"properties":{"color":"#556B2F","ordinal":"3rd","radius_px":9.0,"authors":"Pascal Pommier, Marc Alfonsi, Bernard Coche-Dequeant, Sophie Dussart, Jean-Emmanuel Bibault","n_members":17,"n_papers":3,"topic_id":166,"community_id":2}},{"type":"Feature","geometry":{"type":"Point","coordinates":[-0.1536333972498767,-14.937967085530499]},"properties":{"color":"#483D8B","ordinal":"4th","radius_px":9.0,"authors":"Carole Crozes, Sophie Deneuve, Jean-Claude Merol, Fabien Podeur, Philippe Ceruse","n_members":15,"n_papers":2,"topic_id":166,"community_id":0}},{"type":"Feature","geometry":{"type":"Point","coordinates":[-2.8903547495639783,-2.2242266832226156]},"properties":{"color":"#191970","ordinal":"1st","radius_px":9.0,"authors":"Alison Gopnik, Daphna Buchsbaum, Sophie Bridgers, Elizabeth Seiver, Thomas L Griffiths","n_members":19,"n_papers":14,"topic_id":167,"community_id":3}},{"type":"Feature","geometry":{"type":"Point","coordinates":[-2.8911535793863106,-2.2185636044270267]},"properties":{"color":"#2F4F4F","ordinal":"2nd","radius_px":9.0,"authors":"David M. Sobel, Maureen A. Callanan, Zoe Finiasz, Susan Letourneau, Garrett J. Jaeger","n_members":17,"n_papers":7,"topic_id":167,"community_id":0}},{"type":"Feature","geometry":{"type":"Point","coordinates":[-2.8377992870192945,-2.0523618728628654]},"properties":{"color":"#556B2F","ordinal":"3rd","radius_px":9.0,"authors":"Henry M. Wellman, Tamar Kushnir, Guoxiong Liu, Fuxi Fang, David Liu","n_members":9,"n_papers":4,"topic_id":167,"community_id":2}},{"type":"Feature","geometry":{"type":"Point","coordinates":[-2.7753568263635535,-2.2818692855969442]},"properties":{"color":"#483D8B","ordinal":"4th","radius_px":9.0,"authors":"Leslie B. Cohen, Lisa M. Oakes, Leslie J. Rundell, Barbara A. Spellman, Cara H. Cashon","n_members":6,"n_papers":6,"topic_id":167,"community_id":4}},{"type":"Feature","geometry":{"type":"Point","coordinates":[-2.8695205083176005,-2.1845719233064456]},"properties":{"color":"#708090","ordinal":"5th","radius_px":9.0,"authors":"Elizabeth Bonawitz, Stephanie Denison, Tom Griffiths, Laura Schulz, alison gopnik","n_members":5,"n_papers":4,"topic_id":167,"community_id":1}},{"type":"Feature","geometry":{"type":"Point","coordinates":[-3.771539991591862,4.414215070217399]},"properties":{"color":"#191970","ordinal":"1st","radius_px":9.0,"authors":"Arnold B. Bakker, Evangelia Demerouti, Akihito Shimazu, Norito Kawakami, Kyoko Shimada","n_members":14,"n_papers":10,"topic_id":168,"community_id":3}},{"type":"Feature","geometry":{"type":"Point","coordinates":[-3.8566244484088306,4.428244811344372]},"properties":{"color":"#2F4F4F","ordinal":"2nd","radius_px":9.0,"authors":"Oi Ling Siu, Paula Brough, Chang\u2010qin Lu, Michael O'Driscoll, Haijiang Wang","n_members":7,"n_papers":2,"topic_id":168,"community_id":0}},{"type":"Feature","geometry":{"type":"Point","coordinates":[-3.808668655135656,4.417394704594612]},"properties":{"color":"#556B2F","ordinal":"3rd","radius_px":9.0,"authors":"Thomas Kalliath, Parveen Kalliath, Christopher Chan, Xi Wen Chan","n_members":4,"n_papers":3,"topic_id":168,"community_id":1}},{"type":"Feature","geometry":{"type":"Point","coordinates":[-3.8257547527340887,4.342555659889245]},"properties":{"color":"#483D8B","ordinal":"4th","radius_px":9.0,"authors":"Xi-Chao Zhang, Weiwei Zhang, Jing Hu","n_members":3,"n_papers":1,"topic_id":168,"community_id":2}},{"type":"Feature","geometry":{"type":"Point","coordinates":[1.4957699469636496,8.259397416990632]},"properties":{"color":"#191970","ordinal":"1st","radius_px":9.0,"authors":"Ahmad Farhan Alshira\u2019h, Malek Hamed Alshirah, Hamza Alqudah, Osama Abdelmaksoud, Saleh Nafeth Alkelani","n_members":6,"n_papers":1,"topic_id":169,"community_id":0}},{"type":"Feature","geometry":{"type":"Point","coordinates":[1.4649504705250667,8.305309493732475]},"properties":{"color":"#2F4F4F","ordinal":"2nd","radius_px":9.0,"authors":"Adi Alsyouf, Mohammed Amin Almaiah, Abdalwali Lutfi, Mahmaod Alrawad, Akif Lutfi Al-Khasawneh","n_members":5,"n_papers":2,"topic_id":169,"community_id":1}},{"type":"Feature","geometry":{"type":"Point","coordinates":[0.7664958305188113,-5.776180836268571]},"properties":{"color":"#191970","ordinal":"1st","radius_px":9.0,"authors":"Andrea Tortelli, Charlotte Gayer-Anderson, Flora Frijda, Miquel Bernardo, James B Kirkbride","n_members":79,"n_papers":1,"topic_id":170,"community_id":3}},{"type":"Feature","geometry":{"type":"Point","coordinates":[0.8101769348925656,-5.694617229460815]},"properties":{"color":"#2F4F4F","ordinal":"2nd","radius_px":9.0,"authors":"Victoria Rodriguez, Lucia Sideli, Robin M Murray, Marta Di Forti, Tom P Freeman","n_members":16,"n_papers":2,"topic_id":170,"community_id":1}},{"type":"Feature","geometry":{"type":"Point","coordinates":[0.8421548934365612,-5.733796626470308]},"properties":{"color":"#556B2F","ordinal":"3rd","radius_px":9.0,"authors":"Ilaria Tarricone, Alice Onofrio, Fabrizio Starace, Francesco Giovinazzi, Federica Folesani","n_members":11,"n_papers":2,"topic_id":170,"community_id":4}},{"type":"Feature","geometry":{"type":"Point","coordinates":[0.725467402509951,-5.805514511251527]},"properties":{"color":"#483D8B","ordinal":"4th","radius_px":9.0,"authors":"Jean-Paul Selten, Natalie D. Veen, Hans W. Hoek, Ren\u00e9 S. Kahn, Ingeborg van der Tweel","n_members":6,"n_papers":2,"topic_id":170,"community_id":2}},{"type":"Feature","geometry":{"type":"Point","coordinates":[0.7892114356974268,-5.787883294163587]},"properties":{"color":"#708090","ordinal":"5th","radius_px":9.0,"authors":"Jim van Os, C Gindre, Jo\u00ebl D Swendsen, F Sorbara, H\u00e9l\u00e8ne Verdoux","n_members":5,"n_papers":2,"topic_id":170,"community_id":0}},{"type":"Feature","geometry":{"type":"Point","coordinates":[-3.6387004808594146,10.11018127407958]},"properties":{"color":"#191970","ordinal":"1st","radius_px":9.0,"authors":"Mahmoud Abdelrahman, Ramy Hammady, Ons Al-Shamaileh, Alyaa Darwish, Ella Cranmer","n_members":7,"n_papers":1,"topic_id":171,"community_id":0}},{"type":"Feature","geometry":{"type":"Point","coordinates":[-3.2776964060091416,10.158581610782992]},"properties":{"color":"#2F4F4F","ordinal":"2nd","radius_px":9.0,"authors":"M. Claudia tom Dieck, Eleanor Cranmer, David Bamford, Philipp A. Rauschnabel, Alexandre Luis Prim","n_members":7,"n_papers":5,"topic_id":171,"community_id":1}},{"type":"Feature","geometry":{"type":"Point","coordinates":[-3.538750717377921,10.071315712899354]},"properties":{"color":"#556B2F","ordinal":"3rd","radius_px":9.0,"authors":"Timothy Jung, Jiho Lee, Alba Garc\u00eda-Milon, Chang-Sik Kim, M Claudia tom Dieck","n_members":7,"n_papers":4,"topic_id":171,"community_id":2}},{"type":"Feature","geometry":{"type":"Point","coordinates":[-3.5305977275773808,10.139772099069068]},"properties":{"color":"#483D8B","ordinal":"4th","radius_px":9.0,"authors":"Namho Chung, Hyunae Lee, Heejeong Han, Youhee Joun","n_members":4,"n_papers":2,"topic_id":171,"community_id":3}},{"type":"Feature","geometry":{"type":"Point","coordinates":[0.9898407238346576,-10.349804306825027]},"properties":{"color":"#191970","ordinal":"1st","radius_px":9.0,"authors":"Seung Won Lee, Min Seo Kim, Ai Koyanagi, Lee Smith, Hyeon Jin Kim","n_members":18,"n_papers":3,"topic_id":172,"community_id":0}},{"type":"Feature","geometry":{"type":"Point","coordinates":[0.9559764482282818,-10.21611615979493]},"properties":{"color":"#2F4F4F","ordinal":"2nd","radius_px":9.0,"authors":"Youn Ho Shin, Man Yong Han, Ju Hee Kim, Eun Kyo Ha, Hyeon Jeong Sim","n_members":17,"n_papers":4,"topic_id":172,"community_id":2}},{"type":"Feature","geometry":{"type":"Point","coordinates":[0.9554357315211216,-10.183167470295288]},"properties":{"color":"#556B2F","ordinal":"3rd","radius_px":9.0,"authors":"Dong Keon Yon, Eun-Young Choi, Bj\u00f6rn Pasternak, Yunha Noh, Kenneth K. C. Man","n_members":11,"n_papers":4,"topic_id":172,"community_id":1}},{"type":"Feature","geometry":{"type":"Point","coordinates":[-0.13380849385686405,6.229456090929655]},"properties":{"color":"#191970","ordinal":"1st","radius_px":9.0,"authors":"Nsidibe Taiwo Aideyan, Dooshima Louisa Dapo-Oyewole, Oluwatosin Selesi-Aina, Jumai Adedoja Fabuyi, Olumide Samuel Ogungbemi","n_members":8,"n_papers":2,"topic_id":173,"community_id":0}},{"type":"Feature","geometry":{"type":"Point","coordinates":[-0.18379383220568776,6.182760456516754]},"properties":{"color":"#2F4F4F","ordinal":"2nd","radius_px":9.0,"authors":"Oluwaseun Oladeji Olaniyi, Cassandra Esambe Mesode, Udochukwu ThankGod Ikechukwu Igwenagu, Abidemi Ayodotun Salami, Abayomi Shamsudeen Arigbabu","n_members":6,"n_papers":5,"topic_id":173,"community_id":2}},{"type":"Feature","geometry":{"type":"Point","coordinates":[-0.20120821226296884,6.144318663137558]},"properties":{"color":"#556B2F","ordinal":"3rd","radius_px":9.0,"authors":"Tunbosun Oyewale Oladoyinbo, Adegbenga Ismaila Alao, Olajide Oyebola Omogoroye, Folashade Gloria Olaniyi","n_members":4,"n_papers":2,"topic_id":173,"community_id":1}},{"type":"Feature","geometry":{"type":"Point","coordinates":[-1.3921044268478882,-15.237953412575575]},"properties":{"color":"#191970","ordinal":"1st","radius_px":9.0,"authors":"Andrea Mari, Marco Moschini, Francesco Soria, Alessandro Antonelli, Giuseppe Simone","n_members":148,"n_papers":29,"topic_id":174,"community_id":13}},{"type":"Feature","geometry":{"type":"Point","coordinates":[-1.3960903207426445,-15.213363047638245]},"properties":{"color":"#2F4F4F","ordinal":"2nd","radius_px":9.0,"authors":"Kiyohide Fujimoto, Makito Miyake, Yuto Matsushita, Masafumi Oyama, Hideyasu Matsuyama","n_members":95,"n_papers":16,"topic_id":174,"community_id":11}},{"type":"Feature","geometry":{"type":"Point","coordinates":[-1.3731490729686753,-15.237578488141219]},"properties":{"color":"#556B2F","ordinal":"3rd","radius_px":9.0,"authors":"Gabriele Tuderti, Firas Abdollah, Hooman Djaladat, Alireza Ghoreifi, Matteo Ferro","n_members":85,"n_papers":12,"topic_id":174,"community_id":15}},{"type":"Feature","geometry":{"type":"Point","coordinates":[-1.3930881735288512,-15.233242435462817]},"properties":{"color":"#483D8B","ordinal":"4th","radius_px":9.0,"authors":"Cynthia Kuk, Siamak Daneshmand, Robert G. Bristow, Girish S. Kulkarni, Srikala S. Sridhar","n_members":83,"n_papers":11,"topic_id":174,"community_id":10}},{"type":"Feature","geometry":{"type":"Point","coordinates":[-1.350194066499868,-15.208960265289875]},"properties":{"color":"#708090","ordinal":"5th","radius_px":9.0,"authors":"Andrea Necchi, Joaquim Bellmunt, Matthew D. Galsky, Evan Y. Yu, Federica Recine","n_members":71,"n_papers":13,"topic_id":174,"community_id":14}},{"type":"Feature","geometry":{"type":"Point","coordinates":[0.7709412648211793,5.112577526968236]},"properties":{"color":"#191970","ordinal":"1st","radius_px":9.0,"authors":"Angel S\u00e1nchez, Luca Tummolini, Giulia Andrighetto, Mario Paolucci, Alberto Antonioni","n_members":7,"n_papers":1,"topic_id":175,"community_id":0}},{"type":"Feature","geometry":{"type":"Point","coordinates":[-8.221839506042365,-2.0452907292374887]},"properties":{"color":"#191970","ordinal":"1st","radius_px":9.0,"authors":"Ahmed Alkhayyat, Mahmoud Shuker Mahmoud, Divya Anand, Juan Luis Vidal Maz\u00f3n","n_members":4,"n_papers":1,"topic_id":176,"community_id":0}},{"type":"Feature","geometry":{"type":"Point","coordinates":[-8.198814880577675,-2.0943125461867624]},"properties":{"color":"#2F4F4F","ordinal":"2nd","radius_px":9.0,"authors":"Premkumar Chithaluru, Thompson Stephan, Fadi Al-Turjman, Manoj Kumar","n_members":4,"n_papers":3,"topic_id":176,"community_id":1}},{"type":"Feature","geometry":{"type":"Point","coordinates":[-8.224830233539443,-2.0700755045328894]},"properties":{"color":"#556B2F","ordinal":"3rd","radius_px":9.0,"authors":"Aman Singh, Sunil Kumar, Sunil Kumar Jangir, Abderrahim Benslimane","n_members":4,"n_papers":2,"topic_id":176,"community_id":2}},{"type":"Feature","geometry":{"type":"Point","coordinates":[6.187204209569427,6.556606209194683]},"properties":{"color":"#191970","ordinal":"1st","radius_px":9.0,"authors":"Elie Bouri, Jos\u00e9 W.L. Silva, Fernando H.A. de Araujo, Provash Kumer Sarker, Leonardo H.S. Fernandes","n_members":13,"n_papers":11,"topic_id":177,"community_id":0}},{"type":"Feature","geometry":{"type":"Point","coordinates":[6.226787974620231,6.549076075509488]},"properties":{"color":"#2F4F4F","ordinal":"2nd","radius_px":9.0,"authors":"Chi Keung Marco Lau, Giray Gozgor, Ender Demir, Shabbir Dastgir, Gareth Downing","n_members":12,"n_papers":11,"topic_id":177,"community_id":4}},{"type":"Feature","geometry":{"type":"Point","coordinates":[6.172108169592457,6.547385131913817]},"properties":{"color":"#556B2F","ordinal":"3rd","radius_px":9.0,"authors":"David Roubaud, Xunfa Lu, Nicholas Apergis, Rangan Gupta, Kin Keung Lai","n_members":10,"n_papers":5,"topic_id":177,"community_id":1}},{"type":"Feature","geometry":{"type":"Point","coordinates":[6.240560428153721,6.562358719506722]},"properties":{"color":"#483D8B","ordinal":"4th","radius_px":9.0,"authors":"Aviral Kumar Tiwari, Huang Leping, Emmanuel Joel Aikins Abakah, Wanshan Wu, Matthew Ntow\u2010Gyamfi","n_members":8,"n_papers":5,"topic_id":177,"community_id":3}},{"type":"Feature","geometry":{"type":"Point","coordinates":[6.16235187908237,6.550253819787677]},"properties":{"color":"#708090","ordinal":"5th","radius_px":9.0,"authors":"Mobeen Ur Rehman, Walid Mensi, Khamis Hamed Al-Yahyaee, Ahmet Sensoy, Debasish Maitra","n_members":7,"n_papers":5,"topic_id":177,"community_id":5}},{"type":"Feature","geometry":{"type":"Point","coordinates":[-5.045765191119284,5.277230579841359]},"properties":{"color":"#191970","ordinal":"1st","radius_px":9.0,"authors":"Huma Sarwar, Muhammad Ishtiaq Ishaq, Junaid Aftab, Nabila Abid, Fahad Aftab","n_members":5,"n_papers":2,"topic_id":178,"community_id":1}},{"type":"Feature","geometry":{"type":"Point","coordinates":[-5.02667032407441,5.274290346754338]},"properties":{"color":"#2F4F4F","ordinal":"2nd","radius_px":9.0,"authors":"Alina Kiran, Muhammad Imran Qureshi, Sadaf Ambreen, Arqam Javed Kayani","n_members":4,"n_papers":1,"topic_id":178,"community_id":0}},{"type":"Feature","geometry":{"type":"Point","coordinates":[0.1055157476445929,8.876379945509807]},"properties":{"color":"#191970","ordinal":"1st","radius_px":9.0,"authors":"Abdul Hameed Pitafi, Sheena Pitafi, Fazeelat Masood, Muhammad Imran Rasheed, Minglun Ren","n_members":5,"n_papers":6,"topic_id":179,"community_id":2}},{"type":"Feature","geometry":{"type":"Point","coordinates":[0.24473998071691813,8.946831342431128]},"properties":{"color":"#2F4F4F","ordinal":"2nd","radius_px":9.0,"authors":"Nidhi Sahore, Norah Albishri, Nazrul Islam, Varun Chotia","n_members":4,"n_papers":1,"topic_id":179,"community_id":0}},{"type":"Feature","geometry":{"type":"Point","coordinates":[0.07928892354315371,8.830083313247227]},"properties":{"color":"#556B2F","ordinal":"3rd","radius_px":9.0,"authors":"Ebtesam Abdullah Alzeiby, Muhammad Zafar Yaqub, Fabio Fiano, Pragya Gupta","n_members":4,"n_papers":1,"topic_id":179,"community_id":1}},{"type":"Feature","geometry":{"type":"Point","coordinates":[-1.2588101912510223,-1.0074708641015029]},"properties":{"color":"#191970","ordinal":"1st","radius_px":9.0,"authors":"Marco Perugini, S. Arzu Wasti, Tereza Z\u00e1\u0161kodn\u00e1, J\u00e1nos Nagy, Robin Bergh","n_members":32,"n_papers":2,"topic_id":180,"community_id":1}},{"type":"Feature","geometry":{"type":"Point","coordinates":[-1.1204665146483719,-1.1243784941455317]},"properties":{"color":"#2F4F4F","ordinal":"2nd","radius_px":9.0,"authors":"Piotr Szarota, Pawe\u0142 Izdebski, Em\u00edlia Fickov\u00e1, Ivo \u010cerm\u00e1k, Lucia Orlick\u00e1","n_members":10,"n_papers":3,"topic_id":180,"community_id":2}},{"type":"Feature","geometry":{"type":"Point","coordinates":[-1.2465842150173954,-1.06267556333737]},"properties":{"color":"#556B2F","ordinal":"3rd","radius_px":9.0,"authors":"Benjamin E. Hilbig, Isabel Thielmann, Ingo Zettler, Morten Moshagen","n_members":4,"n_papers":2,"topic_id":180,"community_id":0}},{"type":"Feature","geometry":{"type":"Point","coordinates":[3.9239635744768395,2.164199980538467]},"properties":{"color":"#191970","ordinal":"1st","radius_px":9.0,"authors":"Kriengkrai Thana, Thanatorn Chuenyindee, Kirstien Paola E. Robas, Maela Madel Labso Cahigas, Satria Fadil Persada","n_members":7,"n_papers":1,"topic_id":181,"community_id":0}},{"type":"Feature","geometry":{"type":"Point","coordinates":[1.5076189349586964,4.757879749897262]},"properties":{"color":"#2F4F4F","ordinal":"2nd","radius_px":9.0,"authors":"Yogi Tri Prasetyo, Reny Nadlifatin, Zachariah John A Belmonte, Maela Madel L Cahigas, Jui-Hao Liao","n_members":7,"n_papers":2,"topic_id":181,"community_id":1}},{"type":"Feature","geometry":{"type":"Point","coordinates":[-4.690770776587588,-0.32091584408729934]},"properties":{"color":"#191970","ordinal":"1st","radius_px":9.0,"authors":"Weimin Zheng, Xiaohan Li, Zhenbo Sun, Xiaowei Zhu, Huanqi Cao","n_members":9,"n_papers":1,"topic_id":182,"community_id":0}},{"type":"Feature","geometry":{"type":"Point","coordinates":[0.7542051884194445,-4.920832909691245]},"properties":{"color":"#191970","ordinal":"1st","radius_px":9.0,"authors":"Koen Luyckx, Philip Moons, Sofie Prikken, Ilse Weets, Leen Oris","n_members":10,"n_papers":4,"topic_id":183,"community_id":2}},{"type":"Feature","geometry":{"type":"Point","coordinates":[0.7936018352204398,-4.918131802720521]},"properties":{"color":"#2F4F4F","ordinal":"2nd","radius_px":9.0,"authors":"Cynthia A. Berg, Deborah J. Wiebe, Jorie M. Butler, Hai Le, Carine Godri","n_members":9,"n_papers":3,"topic_id":183,"community_id":3}},{"type":"Feature","geometry":{"type":"Point","coordinates":[0.7363656646916471,-4.885187708624954]},"properties":{"color":"#556B2F","ordinal":"3rd","radius_px":9.0,"authors":"Inge Seiffge-Krenke, Eveline Goethals, Lies Missotten, Kristina Casteels, Sarah E. Hampson","n_members":7,"n_papers":3,"topic_id":183,"community_id":0}},{"type":"Feature","geometry":{"type":"Point","coordinates":[0.9513810441521723,-4.769651132521597]},"properties":{"color":"#483D8B","ordinal":"4th","radius_px":9.0,"authors":"Caitlin S. Kelly, Michael T. Swinyard, Ashley C. Baker, Mary Murray, Jonathan E. Butner","n_members":6,"n_papers":1,"topic_id":183,"community_id":1}},{"type":"Feature","geometry":{"type":"Point","coordinates":[0.5939948181097233,-14.902338945245807]},"properties":{"color":"#191970","ordinal":"1st","radius_px":9.0,"authors":"Chiara Cremolini, Federica Morano, Sara Lonardi, Maria Di Bartolomeo, Filippo Pietrantonio","n_members":34,"n_papers":4,"topic_id":184,"community_id":0}},{"type":"Feature","geometry":{"type":"Point","coordinates":[0.6200778638500974,-14.852061922566403]},"properties":{"color":"#2F4F4F","ordinal":"2nd","radius_px":9.0,"authors":"Maria Alessandra Calegari, Lisa Salvatore, Michele Basso, Emanuela Dell\u2019Aquila, Emilio Bria","n_members":25,"n_papers":4,"topic_id":184,"community_id":1}},{"type":"Feature","geometry":{"type":"Point","coordinates":[0.5967809538145501,-14.831297988250652]},"properties":{"color":"#556B2F","ordinal":"3rd","radius_px":9.0,"authors":"Jessica Lucchetti, Federica Lo Prinzi, Cristina Morelli, Annunziato Anghelone, Carlo Signorelli","n_members":21,"n_papers":3,"topic_id":184,"community_id":4}},{"type":"Feature","geometry":{"type":"Point","coordinates":[0.589413172728452,-14.878867299785808]},"properties":{"color":"#483D8B","ordinal":"4th","radius_px":9.0,"authors":"Marta Schirripa, Afsaneh Barzi, Shu Cao, Wu Zhang, Heinz\u2010Josef Lenz","n_members":16,"n_papers":3,"topic_id":184,"community_id":2}},{"type":"Feature","geometry":{"type":"Point","coordinates":[0.5927964357892767,-14.891491590235013]},"properties":{"color":"#708090","ordinal":"5th","radius_px":9.0,"authors":"Nianwen Shi, Wenhui Wei, Thomas Cartwright, Edward Chu","n_members":4,"n_papers":1,"topic_id":184,"community_id":3}},{"type":"Feature","geometry":{"type":"Point","coordinates":[3.5560753366640467,7.99923288041707]},"properties":{"color":"#191970","ordinal":"1st","radius_px":9.0,"authors":"Ida Subaida, Triska Dewi Pramitasari, Lita Permata Sari, Ciko Legi Vantovi, Moh Syarifuddin","n_members":17,"n_papers":27,"topic_id":185,"community_id":1}},{"type":"Feature","geometry":{"type":"Point","coordinates":[3.5390489518012163,7.991892616720648]},"properties":{"color":"#2F4F4F","ordinal":"2nd","radius_px":9.0,"authors":"Ika Wahyuni, Nanda Widaninggar, Muhammad Iqbal Anshory, Shofi Yulia Safitri, Sofiyatul Amelia","n_members":10,"n_papers":7,"topic_id":185,"community_id":0}},{"type":"Feature","geometry":{"type":"Point","coordinates":[3.5386458220424424,7.98946558295111]},"properties":{"color":"#556B2F","ordinal":"3rd","radius_px":9.0,"authors":"Mohammad Yahya Arief, Firda Wulandari, Agung Dwi Rianto, Siti Soeliha, Nurul Qumariah","n_members":7,"n_papers":4,"topic_id":185,"community_id":4}},{"type":"Feature","geometry":{"type":"Point","coordinates":[3.560512515749513,7.98049904152476]},"properties":{"color":"#483D8B","ordinal":"4th","radius_px":9.0,"authors":"Febri Ariyantiningsih, Edy Kusnadi Hamdun, Ahmad Biharuddin, Siti Nor Kholifah, Karnadi Karnadi","n_members":7,"n_papers":5,"topic_id":185,"community_id":5}},{"type":"Feature","geometry":{"type":"Point","coordinates":[0.8185656111356926,-14.689985873236564]},"properties":{"color":"#191970","ordinal":"1st","radius_px":9.0,"authors":"Roberto Persiani, Paolo Delrio, Alberto Biondi, Ugo Pace, Jim Khan","n_members":102,"n_papers":12,"topic_id":186,"community_id":3}},{"type":"Feature","geometry":{"type":"Point","coordinates":[0.7730408416535578,-14.725278714128036]},"properties":{"color":"#2F4F4F","ordinal":"2nd","radius_px":9.0,"authors":"Alberto Patriti, Marco Catarci, Giovanni Ferrari, Pietro Carnevali, Marco Milone","n_members":100,"n_papers":8,"topic_id":186,"community_id":2}},{"type":"Feature","geometry":{"type":"Point","coordinates":[0.7598290549347422,-14.732452497616906]},"properties":{"color":"#556B2F","ordinal":"3rd","radius_px":9.0,"authors":"Hiroaki Takeshita, Takeshi Naitoh, Terumitsu Sawai, Tetsuro Tominaga, Takashi Nonaka","n_members":94,"n_papers":17,"topic_id":186,"community_id":1}},{"type":"Feature","geometry":{"type":"Point","coordinates":[0.8240319405950896,-14.74328292943305]},"properties":{"color":"#483D8B","ordinal":"4th","radius_px":9.0,"authors":"Zaher Lakkis, Charles Sabbagh, Federico Coccolini, Des C. Winter, Frederic Ris","n_members":73,"n_papers":8,"topic_id":186,"community_id":9}},{"type":"Feature","geometry":{"type":"Point","coordinates":[0.6341069170423309,-14.634769203936184]},"properties":{"color":"#708090","ordinal":"5th","radius_px":9.0,"authors":"S. Mancini, L. Pandolfini, G. Brisinda, G. Anania, R. Campagnacci","n_members":66,"n_papers":1,"topic_id":186,"community_id":0}},{"type":"Feature","geometry":{"type":"Point","coordinates":[-0.21825661103754437,-8.759974611565127]},"properties":{"color":"#191970","ordinal":"1st","radius_px":9.0,"authors":"Francesco Patti, Maria Pia Amato, Roberto Bergamaschi, Maria Trojano, Franco Granella","n_members":234,"n_papers":43,"topic_id":187,"community_id":1}},{"type":"Feature","geometry":{"type":"Point","coordinates":[-0.1935638814106155,-8.774381987589337]},"properties":{"color":"#2F4F4F","ordinal":"2nd","radius_px":9.0,"authors":"Helmut Butzkueven, Tomas Kalincik, Raed Alroughani, Pierre Grammond, Cavit Boz","n_members":196,"n_papers":42,"topic_id":187,"community_id":2}},{"type":"Feature","geometry":{"type":"Point","coordinates":[-0.1990935008662693,-8.74711376787556]},"properties":{"color":"#556B2F","ordinal":"3rd","radius_px":9.0,"authors":"Sandra Vukusic, Elisabeth Maillart, Olivier Heinzlef, Bertrand Bourre, Eric Berger","n_members":119,"n_papers":10,"topic_id":187,"community_id":3}},{"type":"Feature","geometry":{"type":"Point","coordinates":[-0.1782655886195168,-8.79669486201133]},"properties":{"color":"#483D8B","ordinal":"4th","radius_px":9.0,"authors":"Vincent Van Pesch, Vilija Jokubaitis, Jose Antonio Cabrera-Gomez, Eva Havrdova, Raymond Hupperts","n_members":94,"n_papers":20,"topic_id":187,"community_id":5}},{"type":"Feature","geometry":{"type":"Point","coordinates":[-0.21990352680973033,-8.735749182249696]},"properties":{"color":"#708090","ordinal":"5th","radius_px":9.0,"authors":"Tjalf Ziemssen, Fabio Pellegrini, Carl de Moor, Carrie M Hersh, Daniel Ontaneda","n_members":76,"n_papers":22,"topic_id":187,"community_id":7}},{"type":"Feature","geometry":{"type":"Point","coordinates":[4.717694424501798,3.848036522389948]},"properties":{"color":"#191970","ordinal":"1st","radius_px":9.0,"authors":"Abdullah Al Mamun, Nurulizwa Rashid, Mohammed Al-shami, Samer Ali Al-shami, Sayed Samer Ali Al-shami","n_members":6,"n_papers":3,"topic_id":188,"community_id":1}},{"type":"Feature","geometry":{"type":"Point","coordinates":[4.764716139982374,3.867195504952772]},"properties":{"color":"#2F4F4F","ordinal":"2nd","radius_px":9.0,"authors":"C. A. Malarvizhi, S. Mariapun, SAZALI ABDUL WAHAB, Sazali Abdul Wahab, Abdullah- Al- Mamun","n_members":5,"n_papers":2,"topic_id":188,"community_id":0}},{"type":"Feature","geometry":{"type":"Point","coordinates":[-0.665469228073103,-8.306448019398552]},"properties":{"color":"#191970","ordinal":"1st","radius_px":9.0,"authors":"Jouke-Jan Hottenga, Paul M Ridker, Nicholas G Martin, Lude Franke, Phil H Lee","n_members":88,"n_papers":7,"topic_id":189,"community_id":1}},{"type":"Feature","geometry":{"type":"Point","coordinates":[-0.6957411084571069,-8.29521452661711]},"properties":{"color":"#2F4F4F","ordinal":"2nd","radius_px":9.0,"authors":"Tobias Kurth, Verneri Anttila, Ville Artto, Padhraig Gormley, Sigrid B\u00f8rte","n_members":75,"n_papers":15,"topic_id":189,"community_id":3}},{"type":"Feature","geometry":{"type":"Point","coordinates":[-0.7071484423478334,-8.278846976856627]},"properties":{"color":"#556B2F","ordinal":"3rd","radius_px":9.0,"authors":"Lannie Ligthart, Nicholas G. Martin, Ian W. Craig, Pamela A. F. Madden, Gerome Breen","n_members":21,"n_papers":7,"topic_id":189,"community_id":7}},{"type":"Feature","geometry":{"type":"Point","coordinates":[-0.7119818718446519,-8.307282690620937]},"properties":{"color":"#483D8B","ordinal":"4th","radius_px":9.0,"authors":"Yanjun Guo, Nicholas Smith, Maria Sabater-Lleal, Paul de Vries, Pamela M. Rist","n_members":10,"n_papers":3,"topic_id":189,"community_id":2}},{"type":"Feature","geometry":{"type":"Point","coordinates":[-0.8207677443254255,-8.341126672152427]},"properties":{"color":"#708090","ordinal":"5th","radius_px":9.0,"authors":"Veena Hoffman, John D Seeger, Akeem Yusuf, Osa Eisele, Fei Xue","n_members":7,"n_papers":1,"topic_id":189,"community_id":9}},{"type":"Feature","geometry":{"type":"Point","coordinates":[-0.3432887503837992,-6.9222931870884175]},"properties":{"color":"#191970","ordinal":"1st","radius_px":9.0,"authors":"Elizabeth A. Stuart, Brendan Saloner, Bradley D. Stein, David Powell, Daniel Polsky","n_members":30,"n_papers":8,"topic_id":190,"community_id":5}},{"type":"Feature","geometry":{"type":"Point","coordinates":[-0.509929934661106,-7.208535128337473]},"properties":{"color":"#2F4F4F","ordinal":"2nd","radius_px":9.0,"authors":"Corey J. Hayes, Chenghui Li, Erin E. Krebs, Bradley C. Martin, Joshua Brown","n_members":22,"n_papers":7,"topic_id":190,"community_id":8}},{"type":"Feature","geometry":{"type":"Point","coordinates":[-0.34758146317345756,-6.935451177310414]},"properties":{"color":"#556B2F","ordinal":"3rd","radius_px":9.0,"authors":"Hefei Wen, Philip J. Jeng, Yuhua Bao, Yuyan Shi, Kosali Simon","n_members":20,"n_papers":7,"topic_id":190,"community_id":1}},{"type":"Feature","geometry":{"type":"Point","coordinates":[-0.33852273849168857,-6.92244301927521]},"properties":{"color":"#483D8B","ordinal":"4th","radius_px":9.0,"authors":"Stephen Crystal, Corey S. Davis, Katherine M. Keyes, Magdalena Cerd\u00e1, Silvia S. Martins","n_members":19,"n_papers":7,"topic_id":190,"community_id":0}},{"type":"Feature","geometry":{"type":"Point","coordinates":[-0.3804922612275147,-6.993863716247914]},"properties":{"color":"#708090","ordinal":"5th","radius_px":9.0,"authors":"Andrew Ryan, Mark C. Bicket, Ryan Howard, Jennifer Waljee, Michael Englesbe","n_members":19,"n_papers":4,"topic_id":190,"community_id":7}},{"type":"Feature","geometry":{"type":"Point","coordinates":[0.44148518930119574,-1.286570804446761]},"properties":{"color":"#191970","ordinal":"1st","radius_px":9.0,"authors":"Chika Kubota, Branko Aleksic, Norio Ozaki, Tomoko Shiino, Satomi Murase","n_members":16,"n_papers":4,"topic_id":191,"community_id":1}},{"type":"Feature","geometry":{"type":"Point","coordinates":[0.5276325052944513,-1.525498382776018]},"properties":{"color":"#2F4F4F","ordinal":"2nd","radius_px":9.0,"authors":"Mizuki Takegata, Mie Shiraishi, Tadaharu Okano, Megumi Haruna, Elisabeth Severinsson","n_members":13,"n_papers":4,"topic_id":191,"community_id":2}},{"type":"Feature","geometry":{"type":"Point","coordinates":[0.4884092180484203,-1.3221975688619678]},"properties":{"color":"#556B2F","ordinal":"3rd","radius_px":9.0,"authors":"Hinako Usui, Tokiko Morita, Kaori Furumura, Naomi Banno, Ai Tamaji","n_members":9,"n_papers":1,"topic_id":191,"community_id":0}},{"type":"Feature","geometry":{"type":"Point","coordinates":[0.7323770190579202,5.897860538362261]},"properties":{"color":"#191970","ordinal":"1st","radius_px":9.0,"authors":"Omar Hujran, Nuseiba Altarawneh, Mutaz M. Al-Debei, Ayman Alarabiat, Ali Aljaafreh","n_members":6,"n_papers":3,"topic_id":192,"community_id":0}},{"type":"Feature","geometry":{"type":"Point","coordinates":[-0.00232765423973207,6.603681583585132]},"properties":{"color":"#2F4F4F","ordinal":"2nd","radius_px":9.0,"authors":"Ali Mugahed Al-Rahmi, Javier Cifuentes-Faura, Mueen Uddin, Salem Alkhalaf, Kawther A. Al-Dhlan","n_members":6,"n_papers":1,"topic_id":192,"community_id":1}},{"type":"Feature","geometry":{"type":"Point","coordinates":[0.09844240262804159,6.489243639264639]},"properties":{"color":"#556B2F","ordinal":"3rd","radius_px":9.0,"authors":"Ahmad Samed Al-Adwan, Husam Yaseen, Muhmmad I. Nofal, Ghaith Abdulraheem Ali Alsheikh","n_members":4,"n_papers":3,"topic_id":192,"community_id":2}},{"type":"Feature","geometry":{"type":"Point","coordinates":[-2.277371873634399,8.179089291086903]},"properties":{"color":"#191970","ordinal":"1st","radius_px":9.0,"authors":"Natalia Dedyukhina, Sergey Barykin, Irina Vasilievna Kapustina, Nelli Kozlova, Elena Naumova","n_members":10,"n_papers":1,"topic_id":193,"community_id":0}},{"type":"Feature","geometry":{"type":"Point","coordinates":[-3.015878074315973,2.2485359643562144]},"properties":{"color":"#191970","ordinal":"1st","radius_px":9.0,"authors":"Mathias Benedek, Roger E. Beaty, Emanuel Jauk, Paul J. Silvia, Emily C. Nusbaum","n_members":9,"n_papers":5,"topic_id":194,"community_id":1}},{"type":"Feature","geometry":{"type":"Point","coordinates":[-2.9120178145874376,2.338407759042292]},"properties":{"color":"#2F4F4F","ordinal":"2nd","radius_px":9.0,"authors":"Maciej Karwowski, Izabela Lebuda, Adrianne John R. Galang, Anna Firkowska-Mankiewicz, Grzegorz Szumski","n_members":8,"n_papers":7,"topic_id":194,"community_id":0}},{"type":"Feature","geometry":{"type":"Point","coordinates":[-2.915239000223063,2.2790823307022476]},"properties":{"color":"#556B2F","ordinal":"3rd","radius_px":9.0,"authors":"Ruichao Qiang, Jie Bai, Yongyu Guo, Qin Han","n_members":4,"n_papers":1,"topic_id":194,"community_id":4}},{"type":"Feature","geometry":{"type":"Point","coordinates":[-2.960977304649091,2.297420607117946]},"properties":{"color":"#483D8B","ordinal":"4th","radius_px":9.0,"authors":"Iwona Omela\u0144czuk, Dorota M. Jankowska, Marta Czerwonka","n_members":3,"n_papers":1,"topic_id":194,"community_id":2}},{"type":"Feature","geometry":{"type":"Point","coordinates":[-0.06443440274140919,-1.8622855036668826]},"properties":{"color":"#191970","ordinal":"1st","radius_px":9.0,"authors":"Josielson Costa da Silva, Milena Bitencourt Santos, Isabella F\u00e9lix Meira Ara\u00fajo, Magno Concei\u00e7\u00e3o das Merces, Evanilda Souza de Santana Carvalho","n_members":24,"n_papers":2,"topic_id":195,"community_id":1}},{"type":"Feature","geometry":{"type":"Point","coordinates":[-0.06717238301430246,-1.8684901246913208]},"properties":{"color":"#2F4F4F","ordinal":"2nd","radius_px":9.0,"authors":"Wanderson Carneiro Moreira, Carlos Alberto da Cruz Sequeira, Emanuel Missias Silva Palma, Richardson Augusto Rosendo da Silva, M\u00e1rcia Aparecida Ferreira de Oliveira","n_members":5,"n_papers":1,"topic_id":195,"community_id":0}},{"type":"Feature","geometry":{"type":"Point","coordinates":[3.4531052644915716,8.827947963808267]},"properties":{"color":"#191970","ordinal":"1st","radius_px":9.0,"authors":"Tobias Bauckloh, Timo Busch, Lisa Scheitza, Christian Klein","n_members":4,"n_papers":2,"topic_id":196,"community_id":0}},{"type":"Feature","geometry":{"type":"Point","coordinates":[3.3676940386721856,8.851223547866816]},"properties":{"color":"#2F4F4F","ordinal":"2nd","radius_px":9.0,"authors":"Bernhard Zwergel, Sebastian Utz, Sebastian Zeile, Stefan Schaltegger","n_members":4,"n_papers":1,"topic_id":196,"community_id":1}},{"type":"Feature","geometry":{"type":"Point","coordinates":[-0.20968219241409522,-1.3258312401688555]},"properties":{"color":"#191970","ordinal":"1st","radius_px":9.0,"authors":"Darren D Hilliard, Padraig Dixon, Jorien L Treur, David J Carslake, Patricia Beloe","n_members":14,"n_papers":1,"topic_id":197,"community_id":0}},{"type":"Feature","geometry":{"type":"Point","coordinates":[-0.2859879139892618,-1.2069107130699315]},"properties":{"color":"#2F4F4F","ordinal":"2nd","radius_px":9.0,"authors":"Pamela Qualter, Lucy Bray, Chris Probert, Steven Allen, Bernie Carter","n_members":8,"n_papers":3,"topic_id":197,"community_id":1}},{"type":"Feature","geometry":{"type":"Point","coordinates":[-0.3112502535825123,-1.1436743757220007]},"properties":{"color":"#556B2F","ordinal":"3rd","radius_px":9.0,"authors":"Michelle H. Lim, Michael J. Banissy, Johanna C. Badcock, Philayrath Phongsavan, Katherine B. Owen","n_members":8,"n_papers":2,"topic_id":197,"community_id":2}},{"type":"Feature","geometry":{"type":"Point","coordinates":[-1.7616285734769968,7.499215768460245]},"properties":{"color":"#191970","ordinal":"1st","radius_px":9.0,"authors":"Zeid Naiel Aissa al-fugaha, Anees Janee Bin Ali, AbedElkareem Alzoubi, Rehan Tareq Al-Majali, Muthnna Mohammad Khalaf Alkhawaldeh","n_members":8,"n_papers":1,"topic_id":198,"community_id":1}},{"type":"Feature","geometry":{"type":"Point","coordinates":[-1.7108328480021742,7.590598267839608]},"properties":{"color":"#2F4F4F","ordinal":"2nd","radius_px":9.0,"authors":"Anber Abraheem Shlash Mohammad, Badrea Al Oraini, Asokan Vasudevan, Suleiman Ibrahim Shelash Mohammad, Mohammad Faleh Ahmmad Hunitie","n_members":5,"n_papers":2,"topic_id":198,"community_id":0}},{"type":"Feature","geometry":{"type":"Point","coordinates":[2.2720616512806138,3.722086678097955]},"properties":{"color":"#191970","ordinal":"1st","radius_px":9.0,"authors":"Myron P. Gutmann, Bruce Bueno de Mesquita, Samuel R. Williamson, Jeffrey L. Hughes, Gunther E. Rothenberg","n_members":13,"n_papers":1,"topic_id":199,"community_id":0}},{"type":"Feature","geometry":{"type":"Point","coordinates":[0.25813131840337705,9.790806194267876]},"properties":{"color":"#191970","ordinal":"1st","radius_px":9.0,"authors":"Mohammed A. Al-Sharafi, Mostafa Al-Emran, Qasim AlAjmi, Yahya M. Aldheleai, Ruzaini Abdullah Arshah","n_members":8,"n_papers":4,"topic_id":200,"community_id":0}},{"type":"Feature","geometry":{"type":"Point","coordinates":[0.05210587015042773,10.073925737310246]},"properties":{"color":"#2F4F4F","ordinal":"2nd","radius_px":9.0,"authors":"Yousef A. M. Qasem, Rodziah Atan, Rusli Abdullah, Shahla Asadi, Amr Abdullatif Yassin","n_members":7,"n_papers":4,"topic_id":200,"community_id":2}},{"type":"Feature","geometry":{"type":"Point","coordinates":[-0.019541157352370067,10.042144528102442]},"properties":{"color":"#556B2F","ordinal":"3rd","radius_px":9.0,"authors":"Razali Bin Yaakob, Iyad Altawaiha, Rusli Bin Hj Abdullah","n_members":3,"n_papers":1,"topic_id":200,"community_id":1}},{"type":"Feature","geometry":{"type":"Point","coordinates":[0.05427148871803127,10.094800429119449]},"properties":{"color":"#483D8B","ordinal":"4th","radius_px":9.0,"authors":"Ibrahim Arpaci, Salih Bardakci, Kerem Kilicer","n_members":3,"n_papers":4,"topic_id":200,"community_id":3}},{"type":"Feature","geometry":{"type":"Point","coordinates":[-0.4080619339452059,-4.528869157301985]},"properties":{"color":"#191970","ordinal":"1st","radius_px":9.0,"authors":"Catherine Orr, Hugh Garavan, Patricia J Conrod, Marie-Laure Paill\u00e8re Martinot, Arun L W Bokde","n_members":38,"n_papers":1,"topic_id":201,"community_id":1}},{"type":"Feature","geometry":{"type":"Point","coordinates":[-0.31558974593462374,-4.77678570373018]},"properties":{"color":"#2F4F4F","ordinal":"2nd","radius_px":9.0,"authors":"Jan K. Buitelaar, Tom Heskes, Jeffrey C. Glennon, Elena Sokolova, Perry Groot","n_members":35,"n_papers":9,"topic_id":201,"community_id":4}},{"type":"Feature","geometry":{"type":"Point","coordinates":[-0.27481035030234235,-4.851053762599742]},"properties":{"color":"#556B2F","ordinal":"3rd","radius_px":9.0,"authors":"Edmund J.S. Sonuga-Barke, Bruno Falissard, A. Ramos-Quiroga, Elizabeth Liddle, Kerstin Konrad","n_members":27,"n_papers":3,"topic_id":201,"community_id":0}},{"type":"Feature","geometry":{"type":"Point","coordinates":[-0.36293203900494314,-4.582329254032311]},"properties":{"color":"#483D8B","ordinal":"4th","radius_px":9.0,"authors":"Tobias Banaschewski, Luise Poustka, Christopher Hautmann, Manfred D\u00f6pfner, Elena von Wirth","n_members":22,"n_papers":6,"topic_id":201,"community_id":3}},{"type":"Feature","geometry":{"type":"Point","coordinates":[-0.2903232787329223,-4.657509376782727]},"properties":{"color":"#708090","ordinal":"5th","radius_px":9.0,"authors":"Aribert Rothenberger, Ulrike Ravens-Sieberer, Franziska Huber, Andreas Becker, Robert Schlack","n_members":11,"n_papers":2,"topic_id":201,"community_id":2}},{"type":"Feature","geometry":{"type":"Point","coordinates":[0.013643438728974255,7.905199080542299]},"properties":{"color":"#191970","ordinal":"1st","radius_px":9.0,"authors":"Norzalita Abd Aziz, Abdullah Al Mamun, Mohammad Nurul Hassan Reza, Fei Long, Sreenivasan Jayashree","n_members":11,"n_papers":5,"topic_id":202,"community_id":1}},{"type":"Feature","geometry":{"type":"Point","coordinates":[1.1551335560177762,9.459781627536286]},"properties":{"color":"#2F4F4F","ordinal":"2nd","radius_px":9.0,"authors":"Surajit Bag, Tsan-Ming Choi, Shivam Gupta, Pavitra Dhamija, Lincoln C. Wood","n_members":11,"n_papers":5,"topic_id":202,"community_id":4}},{"type":"Feature","geometry":{"type":"Point","coordinates":[0.39320042563442764,8.488124711727359]},"properties":{"color":"#556B2F","ordinal":"3rd","radius_px":9.0,"authors":"Jianmin Song, Senmao Xia, Nengzhi Yao, Kun Tian, Arun Sukumar","n_members":11,"n_papers":2,"topic_id":202,"community_id":5}},{"type":"Feature","geometry":{"type":"Point","coordinates":[0.9271451031938845,9.032285220204514]},"properties":{"color":"#483D8B","ordinal":"4th","radius_px":9.0,"authors":"Vaibhav S. Narwane, Sachin Kumar Mangla, Bhaskar B. Gardas, Balkrishna E. Narkhede, Pragati Priyadarshinee","n_members":10,"n_papers":3,"topic_id":202,"community_id":6}},{"type":"Feature","geometry":{"type":"Point","coordinates":[0.5157532481707578,8.770109162445541]},"properties":{"color":"#708090","ordinal":"5th","radius_px":9.0,"authors":"Alberto Ferraris, Wan Mohd Hirwani Wan Hussain, Sabeen Hussain Bhatti, Samuel Fosso Wamba, Jabran Khan","n_members":10,"n_papers":5,"topic_id":202,"community_id":7}},{"type":"Feature","geometry":{"type":"Point","coordinates":[0.3108312472438687,-10.92249268480452]},"properties":{"color":"#191970","ordinal":"1st","radius_px":9.0,"authors":"Deog Kyeom Kim, Chang-Hoon Lee, Ho Il Yoon, Ha Youn Lee, Young Whan Kim","n_members":16,"n_papers":4,"topic_id":203,"community_id":0}},{"type":"Feature","geometry":{"type":"Point","coordinates":[0.30871240823871576,-10.920027126689435]},"properties":{"color":"#2F4F4F","ordinal":"2nd","radius_px":9.0,"authors":"Kwang Ha Yoo, Youlim Kim, Yong Il Hwang, Doik Lee, So Eun Lee","n_members":14,"n_papers":4,"topic_id":203,"community_id":2}},{"type":"Feature","geometry":{"type":"Point","coordinates":[0.23170636909626044,-11.153644261571818]},"properties":{"color":"#556B2F","ordinal":"3rd","radius_px":9.0,"authors":"Chin Kook Rhee, Jin Woo Kim, Sang Haak Lee, Seung Joon Kim, Jeong Uk Lim","n_members":10,"n_papers":3,"topic_id":203,"community_id":1}},{"type":"Feature","geometry":{"type":"Point","coordinates":[0.4102790935376476,-10.65618158889874]},"properties":{"color":"#483D8B","ordinal":"4th","radius_px":9.0,"authors":"Hye Sook Choi, Hun-Gyu Hwang, Yu-Il Kim, Jaeyoung Cho, Ki-Suck Jung","n_members":7,"n_papers":1,"topic_id":203,"community_id":3}},{"type":"Feature","geometry":{"type":"Point","coordinates":[0.3556955993737463,-10.8697144689904]},"properties":{"color":"#708090","ordinal":"5th","radius_px":9.0,"authors":"Jung-Kyu Lee, Heemoon Park, Hyo Jin Lee, Hyun Woo Lee, Tae Yun Park","n_members":7,"n_papers":2,"topic_id":203,"community_id":4}},{"type":"Feature","geometry":{"type":"Point","coordinates":[0.07314016281975956,-10.365808131728755]},"properties":{"color":"#191970","ordinal":"1st","radius_px":9.0,"authors":"Daniel H. Solomon, Seoyoung C. Kim, Rishi J. Desai, Sebastian Schneeweiss, Eun Ha Kang","n_members":32,"n_papers":15,"topic_id":204,"community_id":1}},{"type":"Feature","geometry":{"type":"Point","coordinates":[0.13522489740969418,-10.27198805941961]},"properties":{"color":"#2F4F4F","ordinal":"2nd","radius_px":9.0,"authors":"Joel M. Kremer, Dimitrios A. Pappas, Jeffrey D. Greenberg, Leslie R. Harrold, Alina M. Onofrei","n_members":29,"n_papers":5,"topic_id":204,"community_id":2}},{"type":"Feature","geometry":{"type":"Point","coordinates":[0.11371042629049348,-10.289142579007471]},"properties":{"color":"#556B2F","ordinal":"3rd","radius_px":9.0,"authors":"Jeffrey R. Curtis, Lang Chen, Liyan Liu, Marie R. Griffin, Timothy Beukelman","n_members":19,"n_papers":7,"topic_id":204,"community_id":5}},{"type":"Feature","geometry":{"type":"Point","coordinates":[0.09676934533566223,-10.371262903884487]},"properties":{"color":"#483D8B","ordinal":"4th","radius_px":9.0,"authors":"Jeffrey R Curtis, Michael D George, Joshua F Baker, Jorge Rojas, Grant W Cannon","n_members":18,"n_papers":2,"topic_id":204,"community_id":0}},{"type":"Feature","geometry":{"type":"Point","coordinates":[0.02331717707003264,-10.246391108367883]},"properties":{"color":"#708090","ordinal":"5th","radius_px":9.0,"authors":"Yukiko Kimura, Laura E. Schanberg, Brian M. Feldman, Anne C. Dennos, Mary Ellen Riordan","n_members":15,"n_papers":2,"topic_id":204,"community_id":3}},{"type":"Feature","geometry":{"type":"Point","coordinates":[-3.1425678612163876,11.794479420142897]},"properties":{"color":"#191970","ordinal":"1st","radius_px":9.0,"authors":"Ian Phau, Chris Marchegiani, Xujia Wang, Billy Sung, Chelsey Latter","n_members":5,"n_papers":4,"topic_id":205,"community_id":0}},{"type":"Feature","geometry":{"type":"Point","coordinates":[-3.0676589223412414,11.961580144827813]},"properties":{"color":"#2F4F4F","ordinal":"2nd","radius_px":9.0,"authors":"Sean Lee, Olamide Oluwabusola Akintimehin, Anwar Sadat Shimul","n_members":3,"n_papers":1,"topic_id":205,"community_id":2}},{"type":"Feature","geometry":{"type":"Point","coordinates":[-2.7368544947270688,12.415464352990638]},"properties":{"color":"#191970","ordinal":"1st","radius_px":9.0,"authors":"Faizan Ali, Ahmet Bulent Ozturk, Anil Bilgihan, Bendegul Okumus, Ruth Annette Smith","n_members":6,"n_papers":3,"topic_id":206,"community_id":1}},{"type":"Feature","geometry":{"type":"Point","coordinates":[-2.775086330423026,11.971108041003582]},"properties":{"color":"#2F4F4F","ordinal":"2nd","radius_px":9.0,"authors":"Sajad Rezaei, Hassan Bihamta, Sreenivasan Jayashree, Fevzi Okumus, Roya Rahimi","n_members":5,"n_papers":2,"topic_id":206,"community_id":2}},{"type":"Feature","geometry":{"type":"Point","coordinates":[-0.7441882247229693,9.486584940951463]},"properties":{"color":"#191970","ordinal":"1st","radius_px":9.0,"authors":"Jiju Antony, Bart Alex Lameijer, Abhishek Vashishth, Leopoldo Gutierrez, Ayon Chakraborty","n_members":11,"n_papers":6,"topic_id":207,"community_id":2}},{"type":"Feature","geometry":{"type":"Point","coordinates":[1.2869941356124543,9.902916167421667]},"properties":{"color":"#2F4F4F","ordinal":"2nd","radius_px":9.0,"authors":"Omar M. Bwaliez, Arvind Upadhyay, Anil Kumar, Mohammad Ta'Amnha, Luai Jraisat","n_members":8,"n_papers":2,"topic_id":207,"community_id":0}},{"type":"Feature","geometry":{"type":"Point","coordinates":[1.3286939879294417,9.971096003825126]},"properties":{"color":"#556B2F","ordinal":"3rd","radius_px":9.0,"authors":"Jose Arturo Garza-Reyes, Vikas Kumar, V. Vasugi, K. V. Prasad, R. Venkatesan","n_members":8,"n_papers":4,"topic_id":207,"community_id":3}},{"type":"Feature","geometry":{"type":"Point","coordinates":[1.147758895584259,9.313643650307537]},"properties":{"color":"#483D8B","ordinal":"4th","radius_px":9.0,"authors":"Vikas Swarnakar, A.R. Singh, Anil Kr Tiwari, Sandra Furterer, Elizabeth Cudney","n_members":6,"n_papers":2,"topic_id":207,"community_id":4}},{"type":"Feature","geometry":{"type":"Point","coordinates":[1.6155435131425697,9.636472162523743]},"properties":{"color":"#708090","ordinal":"5th","radius_px":9.0,"authors":"Anass Cherrafi, Dounia Skalli, Jose Arturo Garza\u2010Reyes, Abdelkabir Charkaoui, Alireza Shokri","n_members":5,"n_papers":1,"topic_id":207,"community_id":1}},{"type":"Feature","geometry":{"type":"Point","coordinates":[-5.667994873089078,-4.933231695132045]},"properties":{"color":"#191970","ordinal":"1st","radius_px":9.0,"authors":"Haoxuan Li, Fuli Feng, Peng Wu, Xiangnan He, Wenjie Wang","n_members":34,"n_papers":16,"topic_id":208,"community_id":0}},{"type":"Feature","geometry":{"type":"Point","coordinates":[-5.663619195369541,-4.952624162746281]},"properties":{"color":"#2F4F4F","ordinal":"2nd","radius_px":9.0,"authors":"Yuta Saito, Harrie Oosterhuis, Thorsten Joachims, Yixin Wang, Flavian Vasile","n_members":31,"n_papers":23,"topic_id":208,"community_id":3}},{"type":"Feature","geometry":{"type":"Point","coordinates":[-5.6710974587751934,-4.987442603839717]},"properties":{"color":"#556B2F","ordinal":"3rd","radius_px":9.0,"authors":"Dawei Yin, Lixin Zou, Shuaiqiang Wang, Yi Chang, Hechang Chen","n_members":24,"n_papers":5,"topic_id":208,"community_id":9}},{"type":"Feature","geometry":{"type":"Point","coordinates":[-5.657213147052665,-4.93513713678025]},"properties":{"color":"#483D8B","ordinal":"4th","radius_px":9.0,"authors":"Xu Chen, Zhenhua Dong, Quanyu Dai, Xiuqiang He, Jun Wang","n_members":23,"n_papers":13,"topic_id":208,"community_id":8}},{"type":"Feature","geometry":{"type":"Point","coordinates":[-5.6671341291399715,-4.92780526588768]},"properties":{"color":"#708090","ordinal":"5th","radius_px":9.0,"authors":"Ji-Rong Wen, Yang Song, Jun Xu, Xiao Zhang, Zihua Si","n_members":23,"n_papers":5,"topic_id":208,"community_id":10}},{"type":"Feature","geometry":{"type":"Point","coordinates":[-0.7537752832865431,-11.66856644282125]},"properties":{"color":"#191970","ordinal":"1st","radius_px":9.0,"authors":"Gianfranco Sinagra, Carlo Vignati, Noemi Bruno, Maurizio Bussotti, Stefania Paolillo","n_members":43,"n_papers":2,"topic_id":209,"community_id":2}},{"type":"Feature","geometry":{"type":"Point","coordinates":[-0.5780767501969502,-11.498474853052306]},"properties":{"color":"#2F4F4F","ordinal":"2nd","radius_px":9.0,"authors":"Gianfranco Parati, Luisa Bernardinelli, Arianna Ghirardi, Stefano Fagiuoli, Antonio Bellasi","n_members":21,"n_papers":2,"topic_id":209,"community_id":3}},{"type":"Feature","geometry":{"type":"Point","coordinates":[-0.6760331539702208,-11.646559272839879]},"properties":{"color":"#556B2F","ordinal":"3rd","radius_px":9.0,"authors":"Marco Metra, Nilesh J. Samani, Gerasimos Filippatos, Adriaan A. Voors, Wilfried Mullens","n_members":17,"n_papers":2,"topic_id":209,"community_id":0}},{"type":"Feature","geometry":{"type":"Point","coordinates":[-0.6315526694263404,-11.567441274039691]},"properties":{"color":"#483D8B","ordinal":"4th","radius_px":9.0,"authors":"Michele Correale, Giuseppe Pacileo, Stefano Ghio, Carlo Gabriele Tocchetti, Stefano Sforna","n_members":17,"n_papers":2,"topic_id":209,"community_id":4}},{"type":"Feature","geometry":{"type":"Point","coordinates":[-0.6696449919566348,-11.56287063561429]},"properties":{"color":"#708090","ordinal":"5th","radius_px":9.0,"authors":"Ulf Dahlstr\u00f6m, Gianluigi Savarese, Lars H Lund, Lars H. Lund, Giuseppe Rosano","n_members":15,"n_papers":4,"topic_id":209,"community_id":1}},{"type":"Feature","geometry":{"type":"Point","coordinates":[3.387977106603327,4.352009259112884]},"properties":{"color":"#191970","ordinal":"1st","radius_px":9.0,"authors":"Tsangyao Chang, Yemane Wolde-Rufael, Ming Zhong, Tien-Wei Lou, Samrat Goswami","n_members":9,"n_papers":8,"topic_id":210,"community_id":3}},{"type":"Feature","geometry":{"type":"Point","coordinates":[3.345499888027956,4.3272738775319555]},"properties":{"color":"#2F4F4F","ordinal":"2nd","radius_px":9.0,"authors":"Chien-Chiang Lee, Kuo-Hao Lee, Ken Hung, Pei-Fen Chen, Hsiao-Ping Chu","n_members":6,"n_papers":3,"topic_id":210,"community_id":2}},{"type":"Feature","geometry":{"type":"Point","coordinates":[3.366404848965803,4.338137742976554]},"properties":{"color":"#556B2F","ordinal":"3rd","radius_px":9.0,"authors":"Rangan Gupta, Rene\u00e9 van Eyden, Mehmet Balcilar, Goodness C. Aye, John P. Dunne","n_members":5,"n_papers":3,"topic_id":210,"community_id":0}},{"type":"Feature","geometry":{"type":"Point","coordinates":[3.35541853113714,4.337004026521849]},"properties":{"color":"#483D8B","ordinal":"4th","radius_px":9.0,"authors":"Feng-Li Lin, Wen-Yi Chen, Abdulnasser Hatemi-J, Mei-Chih Wang","n_members":4,"n_papers":2,"topic_id":210,"community_id":1}},{"type":"Feature","geometry":{"type":"Point","coordinates":[-1.0384055310221978,-12.263003010869173]},"properties":{"color":"#191970","ordinal":"1st","radius_px":9.0,"authors":"G Dhonneur, G Geri, J Marty, F Halimi, F Hidden Lucet","n_members":89,"n_papers":1,"topic_id":211,"community_id":3}},{"type":"Feature","geometry":{"type":"Point","coordinates":[-0.9956283728993435,-12.314832014326376]},"properties":{"color":"#2F4F4F","ordinal":"2nd","radius_px":9.0,"authors":"Herv\u00e9 Hubert, Tahar Chouihed, Karim Tazarourte, D\u00e9borah Jaeger, Jos\u00e9phine Escutnaire","n_members":41,"n_papers":8,"topic_id":211,"community_id":1}},{"type":"Feature","geometry":{"type":"Point","coordinates":[-0.7014378960550511,-12.379043843138367]},"properties":{"color":"#556B2F","ordinal":"3rd","radius_px":9.0,"authors":"Alain Combes, Matthieu Schmidt, Nicolas Br\u00e9chot, Romain Persichini, Santiago Montero","n_members":25,"n_papers":3,"topic_id":211,"community_id":0}},{"type":"Feature","geometry":{"type":"Point","coordinates":[-0.9500692066801134,-12.275389413484616]},"properties":{"color":"#483D8B","ordinal":"4th","radius_px":9.0,"authors":"Alain Cariou, Florence Dumas, Eloi Marijon, Lionel Lamhaut, Wulfran Bougouin","n_members":23,"n_papers":4,"topic_id":211,"community_id":2}},{"type":"Feature","geometry":{"type":"Point","coordinates":[-3.2266622423527678,-4.233485939202129]},"properties":{"color":"#191970","ordinal":"1st","radius_px":9.0,"authors":"Mark S Gilthorpe, Peter WG Tennant, Georgia D Tomova, Johannes Textor, Kellyn F Arnold","n_members":13,"n_papers":3,"topic_id":212,"community_id":1}},{"type":"Feature","geometry":{"type":"Point","coordinates":[-4.973436282700282,-4.406328717591011]},"properties":{"color":"#2F4F4F","ordinal":"2nd","radius_px":9.0,"authors":"Laura Corlin, Eleanor J. Murray, Emily Riseberg, Julia Debertin, Tanya L. Alderete","n_members":10,"n_papers":4,"topic_id":212,"community_id":0}},{"type":"Feature","geometry":{"type":"Point","coordinates":[-5.096382603908998,-4.38429746989367]},"properties":{"color":"#556B2F","ordinal":"3rd","radius_px":9.0,"authors":"Matthew P Fox, Eleanor J Murray, Ruby Barnard-Mayers, Ellen C Caniglia, Ellen Childs","n_members":10,"n_papers":4,"topic_id":212,"community_id":2}},{"type":"Feature","geometry":{"type":"Point","coordinates":[0.030087830800132838,0.09544702738103322]},"properties":{"color":"#191970","ordinal":"1st","radius_px":9.0,"authors":"Jun Sung Hong, Robert Thornberg, Tiziana Pozzoli, Christina N. Marsack-Topolewski, Jinwon Kim","n_members":8,"n_papers":8,"topic_id":213,"community_id":0}},{"type":"Feature","geometry":{"type":"Point","coordinates":[0.07535944029723524,0.1173274797829419]},"properties":{"color":"#2F4F4F","ordinal":"2nd","radius_px":9.0,"authors":"Saijun Zhang, Dorothy L. Espelage, Hannah L. Schacter, Rachel C. Garthe, Nancy Flowers","n_members":7,"n_papers":2,"topic_id":213,"community_id":5}},{"type":"Feature","geometry":{"type":"Point","coordinates":[0.10413850229124313,0.13510412627532634]},"properties":{"color":"#556B2F","ordinal":"3rd","radius_px":9.0,"authors":"Alex R. Piquero, Jason P. Gioviano, Bryan L. Sykes, Dong Ha Kim, Robert G. Morris","n_members":6,"n_papers":3,"topic_id":213,"community_id":4}},{"type":"Feature","geometry":{"type":"Point","coordinates":[0.07014214321441728,0.10757710551163362]},"properties":{"color":"#483D8B","ordinal":"4th","radius_px":9.0,"authors":"Eusebius Small, Jane E Sanders, Youn Kyoung Kim, Timothy Makubuya, Moses Okumu","n_members":5,"n_papers":1,"topic_id":213,"community_id":1}},{"type":"Feature","geometry":{"type":"Point","coordinates":[0.15410457846729494,0.11418884631634899]},"properties":{"color":"#708090","ordinal":"5th","radius_px":9.0,"authors":"Andrea Roberts, Iuliia Churakova, Sandra A. Graham-Bermann, Oleksii Serdiuk, Viktor Burlaka","n_members":5,"n_papers":1,"topic_id":213,"community_id":3}},{"type":"Feature","geometry":{"type":"Point","coordinates":[-2.4155353113346636,10.689808946111814]},"properties":{"color":"#191970","ordinal":"1st","radius_px":9.0,"authors":"Justin Paul, Sahil Gupta, Arun Aggarwal, Priyanka Sadhna, Weng Marc Lim","n_members":6,"n_papers":3,"topic_id":214,"community_id":1}},{"type":"Feature","geometry":{"type":"Point","coordinates":[-2.6623552897842178,-4.4502523877547695]},"properties":{"color":"#191970","ordinal":"1st","radius_px":9.0,"authors":"Ladan Shams, Ulrik Beierholm, Joshua B. Tenenbaum, Konrad P. K\u00f6rding, Steven Quartz","n_members":11,"n_papers":9,"topic_id":215,"community_id":2}},{"type":"Feature","geometry":{"type":"Point","coordinates":[-2.6570733268356577,-4.451866557833241]},"properties":{"color":"#2F4F4F","ordinal":"2nd","radius_px":9.0,"authors":"Wei Ji Ma, Dora E. Angelaki, Luigi Acerbi, Kalpana Dokka, Shuze Liu","n_members":6,"n_papers":6,"topic_id":215,"community_id":1}},{"type":"Feature","geometry":{"type":"Point","coordinates":[-2.6368191521636777,-4.560196879927906]},"properties":{"color":"#556B2F","ordinal":"3rd","radius_px":9.0,"authors":"Christoph Kayser, Hame Park, Yinan Cao, Christopher Summerfield, Bruno L. Giordano","n_members":6,"n_papers":3,"topic_id":215,"community_id":4}},{"type":"Feature","geometry":{"type":"Point","coordinates":[-2.785491480981705,-4.351317328017626]},"properties":{"color":"#483D8B","ordinal":"4th","radius_px":9.0,"authors":"J. David Dickman, Andrea M. Green, Aasef G. Shaikh, Shawn D. Newlands, Fatema F. Ghasia","n_members":5,"n_papers":1,"topic_id":215,"community_id":0}},{"type":"Feature","geometry":{"type":"Point","coordinates":[-2.5089678562449835,-4.229410888964818]},"properties":{"color":"#708090","ordinal":"5th","radius_px":9.0,"authors":"John F. Magnotti, Michael S. Beauchamp, Johannes Rennig, Kristen B. Dzeda, Kira Wegner-Clemens","n_members":5,"n_papers":2,"topic_id":215,"community_id":3}},{"type":"Feature","geometry":{"type":"Point","coordinates":[0.5008319436182396,-0.9396535693070421]},"properties":{"color":"#191970","ordinal":"1st","radius_px":9.0,"authors":"Guy Bodenmann, Melanie Peter-Wight, Sabine Backes, Marion Landis, Veronika Brandst\u00e4tter","n_members":8,"n_papers":2,"topic_id":216,"community_id":1}},{"type":"Feature","geometry":{"type":"Point","coordinates":[0.4623323637207226,-0.8243185580830711]},"properties":{"color":"#2F4F4F","ordinal":"2nd","radius_px":9.0,"authors":"Thomas N. Bradbury, Benjamin R. Karney, Kieran T. Sullivan, Frank D. Fincham, Joanne Davila","n_members":7,"n_papers":4,"topic_id":216,"community_id":0}},{"type":"Feature","geometry":{"type":"Point","coordinates":[-6.784485579442995,-2.3211723732730385]},"properties":{"color":"#191970","ordinal":"1st","radius_px":9.0,"authors":"Mu Zhang, Yikai Lin, Yuru Shao, Yassine Qamsane, Sibin Mohan","n_members":11,"n_papers":2,"topic_id":217,"community_id":2}},{"type":"Feature","geometry":{"type":"Point","coordinates":[-6.824121077186392,-2.238472573445504]},"properties":{"color":"#2F4F4F","ordinal":"2nd","radius_px":9.0,"authors":"Kangkook Jee, Pengcheng Fang, Peng Gao, Zhuotao Liu, Xusheng Xiao","n_members":8,"n_papers":2,"topic_id":217,"community_id":0}},{"type":"Feature","geometry":{"type":"Point","coordinates":[-6.886431454371681,-2.2264337154616833]},"properties":{"color":"#556B2F","ordinal":"3rd","radius_px":9.0,"authors":"Xiangyu Zhang, Shiqing Ma, Kyu Hyung Lee, Chung Hwan Kim, Dongyan Xu","n_members":8,"n_papers":2,"topic_id":217,"community_id":1}},{"type":"Feature","geometry":{"type":"Point","coordinates":[-6.796481785472817,-2.276246794951128]},"properties":{"color":"#483D8B","ordinal":"4th","radius_px":9.0,"authors":"Junghwan Rhee, Zhenyu Wu, Zhichun Li, Prateek Mittal, Ding Li","n_members":6,"n_papers":2,"topic_id":217,"community_id":3}},{"type":"Feature","geometry":{"type":"Point","coordinates":[0.8866635833048607,-12.39556115629217]},"properties":{"color":"#191970","ordinal":"1st","radius_px":9.0,"authors":"Yan Chen, Jianfeng Tu, Lening Ren, Lei Yu, Xiaofei Huang","n_members":66,"n_papers":2,"topic_id":218,"community_id":0}},{"type":"Feature","geometry":{"type":"Point","coordinates":[0.8669879617508445,-12.390408525075093]},"properties":{"color":"#2F4F4F","ordinal":"2nd","radius_px":9.0,"authors":"Gang Li, Jing Zhou, Zhihui Tong, Weiqin Li, Lu Ke","n_members":37,"n_papers":6,"topic_id":218,"community_id":2}},{"type":"Feature","geometry":{"type":"Point","coordinates":[0.7976331328081664,-12.554573832216184]},"properties":{"color":"#556B2F","ordinal":"3rd","radius_px":9.0,"authors":"Dong Wu, Meng Jin, Pan Tan, Qingxia Chen, Wei Kong","n_members":20,"n_papers":4,"topic_id":218,"community_id":3}},{"type":"Feature","geometry":{"type":"Point","coordinates":[0.9687486446470027,-12.451664023127103]},"properties":{"color":"#483D8B","ordinal":"4th","radius_px":9.0,"authors":"Liang Xia, Yin Zhu, Hui-Fang Xiong, Jiao-Yu Ai, Gui-Lian Lan","n_members":10,"n_papers":3,"topic_id":218,"community_id":4}},{"type":"Feature","geometry":{"type":"Point","coordinates":[0.9490833421141163,-12.442273301138878]},"properties":{"color":"#708090","ordinal":"5th","radius_px":9.0,"authors":"Yongjun Lin, Xiaoling Wang, Na Yang, Yinshan Wu, Yueliang Chen","n_members":6,"n_papers":3,"topic_id":218,"community_id":1}},{"type":"Feature","geometry":{"type":"Point","coordinates":[0.2326433362147729,-14.497177852767312]},"properties":{"color":"#191970","ordinal":"1st","radius_px":9.0,"authors":"Pierluigi Benedetti Panici, Giorgio Bogani, Francesco Raspagliesi, Antonino Ditto, Jvan Casarin","n_members":40,"n_papers":7,"topic_id":219,"community_id":6}},{"type":"Feature","geometry":{"type":"Point","coordinates":[0.026828395992856285,-15.10915276671301]},"properties":{"color":"#2F4F4F","ordinal":"2nd","radius_px":9.0,"authors":"Giovanni Scambia, Nicol\u00f2 Bizzarri, Luigi Pedone Anchora, Veronika Jav\u016frkov\u00e1, Jan Kos\u0165un","n_members":31,"n_papers":3,"topic_id":219,"community_id":4}},{"type":"Feature","geometry":{"type":"Point","coordinates":[0.003105654352052367,-14.78116832119297]},"properties":{"color":"#556B2F","ordinal":"3rd","radius_px":9.0,"authors":"Larissa Meyer, Jason Roszik, Jen Wargo, Anil Sood, Robert Hillman","n_members":24,"n_papers":2,"topic_id":219,"community_id":2}},{"type":"Feature","geometry":{"type":"Point","coordinates":[0.03387009601127794,-14.843658937280644]},"properties":{"color":"#483D8B","ordinal":"4th","radius_px":9.0,"authors":"Larissa A. Meyer, Gina Mantia-Smaldone, Alexi A. Wright, Jennifer J. Griggs, Charles F. Levenback","n_members":22,"n_papers":5,"topic_id":219,"community_id":0}},{"type":"Feature","geometry":{"type":"Point","coordinates":[0.036306760867202935,-14.843125650268698]},"properties":{"color":"#708090","ordinal":"5th","radius_px":9.0,"authors":"Pedro T. Ramirez, Alexander Melamed, J. Alejandro Rauh-Hain, Marcela G. del Carmen, Roni Nitecki","n_members":21,"n_papers":6,"topic_id":219,"community_id":5}},{"type":"Feature","geometry":{"type":"Point","coordinates":[-0.1992407189010427,-14.125428099661102]},"properties":{"color":"#191970","ordinal":"1st","radius_px":9.0,"authors":"Rishi Nandoe Tewarie, Georges Versyck, Lien Solie, Alfred Kloet, Steven De Vleeschouwer","n_members":45,"n_papers":6,"topic_id":220,"community_id":3}},{"type":"Feature","geometry":{"type":"Point","coordinates":[-0.19305756144055322,-14.126584380375343]},"properties":{"color":"#2F4F4F","ordinal":"2nd","radius_px":9.0,"authors":"Noah Nawabi, Timothy Smith, Nicholas Butowski, Mitchel S. Berger, Shawn L. Hervey-Jumper","n_members":41,"n_papers":7,"topic_id":220,"community_id":0}},{"type":"Feature","geometry":{"type":"Point","coordinates":[-0.20580224046959547,-14.145786014892167]},"properties":{"color":"#556B2F","ordinal":"3rd","radius_px":9.0,"authors":"Lorenzo Bello, Tommaso Sciortino, Roberta Rud\u00e0, Yoshua Esquenazi, Nitin Tandon","n_members":35,"n_papers":7,"topic_id":220,"community_id":1}},{"type":"Feature","geometry":{"type":"Point","coordinates":[-0.21975080529702315,-14.173071157800596]},"properties":{"color":"#483D8B","ordinal":"4th","radius_px":9.0,"authors":"Matteo Simonelli, Federico Pessina, Marco Riva, Pierina Navarria, Elena Clerici","n_members":30,"n_papers":3,"topic_id":220,"community_id":5}},{"type":"Feature","geometry":{"type":"Point","coordinates":[-0.33149479716810504,-14.18727921161268]},"properties":{"color":"#708090","ordinal":"5th","radius_px":9.0,"authors":"Pranay Soni, Erin S. Murphy, Gene H. Barnett, Lilyana Angelov, Samuel T. Chao","n_members":21,"n_papers":4,"topic_id":220,"community_id":2}},{"type":"Feature","geometry":{"type":"Point","coordinates":[-3.551223937357798,5.6858149731826595]},"properties":{"color":"#191970","ordinal":"1st","radius_px":9.0,"authors":"Anis Eliyana, Heni Yuwono, Nurul Iman Abdul Jalil, Nanank Syamsudin, Alvin Permana Emur","n_members":9,"n_papers":3,"topic_id":221,"community_id":1}},{"type":"Feature","geometry":{"type":"Point","coordinates":[-3.688259987602983,5.81063935623685]},"properties":{"color":"#2F4F4F","ordinal":"2nd","radius_px":9.0,"authors":"Shochrul Rohmatul Ajija, Nurul Liyana Mohd Kamil, Andika Setia Pratama, Ahmad Rizki Sridadi, Fika Arista Priyandini","n_members":5,"n_papers":1,"topic_id":221,"community_id":0}},{"type":"Feature","geometry":{"type":"Point","coordinates":[-4.675452808862871,-3.6638814763598533]},"properties":{"color":"#191970","ordinal":"1st","radius_px":9.0,"authors":"Pronoy Roy, Shruti Lohani, Uttam Kumar, Dewank Pant, Dhivya Nagasubramanian","n_members":13,"n_papers":1,"topic_id":222,"community_id":0}},{"type":"Feature","geometry":{"type":"Point","coordinates":[0.5799980978503622,-14.950205857350326]},"properties":{"color":"#191970","ordinal":"1st","radius_px":9.0,"authors":"A M Lage, X Rodamilans de la O, T Garc\u00eda, E Kreisler, F J Jim\u00e9nez","n_members":98,"n_papers":1,"topic_id":223,"community_id":0}},{"type":"Feature","geometry":{"type":"Point","coordinates":[2.1411710596720606,3.13752857777029]},"properties":{"color":"#191970","ordinal":"1st","radius_px":9.0,"authors":"Kate G. Byrne, Chris G. Sibley, Kumar Yogeeswaran, Martin J. Dorahy, M. Usman Afzali","n_members":7,"n_papers":1,"topic_id":224,"community_id":0}},{"type":"Feature","geometry":{"type":"Point","coordinates":[-1.8375284135544212,-3.0671619280773554]},"properties":{"color":"#191970","ordinal":"1st","radius_px":9.0,"authors":"Aysu Okbay, Celeste Figaroa, Beate St Pourcain, Miriam Lense, Luc\u00eda de Hoyos","n_members":8,"n_papers":1,"topic_id":225,"community_id":0}},{"type":"Feature","geometry":{"type":"Point","coordinates":[-1.8423288221836271,-3.078222542858147]},"properties":{"color":"#2F4F4F","ordinal":"2nd","radius_px":9.0,"authors":"Reyna L Gordon, Chandra A Reynolds, Daniel E Gustavson, Michael C Stallings, Robin P Corley","n_members":8,"n_papers":2,"topic_id":225,"community_id":1}},{"type":"Feature","geometry":{"type":"Point","coordinates":[0.37368509287528523,-2.1659465029294647]},"properties":{"color":"#191970","ordinal":"1st","radius_px":9.0,"authors":"Makilim N. Baptista, Alina Zlati, Mark Rubin, Corey S. Mackenzie, Fatima R. Al-Darmaki","n_members":14,"n_papers":1,"topic_id":226,"community_id":1}},{"type":"Feature","geometry":{"type":"Point","coordinates":[0.41331563748853856,-2.1087624778541088]},"properties":{"color":"#2F4F4F","ordinal":"2nd","radius_px":9.0,"authors":"Winnie W. S. Mak, Kevin Ka Shing Chan, Shiao Yan Sharon Kao, Yin Zhang, Amanda C. M. Li","n_members":12,"n_papers":7,"topic_id":226,"community_id":2}},{"type":"Feature","geometry":{"type":"Point","coordinates":[0.4343733199390957,-2.0565999636340164]},"properties":{"color":"#556B2F","ordinal":"3rd","radius_px":9.0,"authors":"David L. Vogel, Nathaniel G. Wade, Joseph H. Hammer, Stephen R. Wester, Teresa M. Downing-Matibag","n_members":10,"n_papers":6,"topic_id":226,"community_id":0}},{"type":"Feature","geometry":{"type":"Point","coordinates":[-0.23381356729160926,-9.98101583760894]},"properties":{"color":"#191970","ordinal":"1st","radius_px":9.0,"authors":"Julianne Gee, Lauri Markowitz, Geoffrey M. Calvert, Tanya Myers, Amelia Jazwa","n_members":16,"n_papers":2,"topic_id":227,"community_id":3}},{"type":"Feature","geometry":{"type":"Point","coordinates":[-0.32088409170853666,-9.806358934029499]},"properties":{"color":"#2F4F4F","ordinal":"2nd","radius_px":9.0,"authors":"Philip LaRussa, Robert Sparks, Elizabeth Barnett, William Adams, Colin D. Marchant","n_members":12,"n_papers":3,"topic_id":227,"community_id":0}},{"type":"Feature","geometry":{"type":"Point","coordinates":[-0.33509682347686426,-9.825774502492369]},"properties":{"color":"#556B2F","ordinal":"3rd","radius_px":9.0,"authors":"Roger Baxter, Nicola P. Klein, Kathryn M. Edwards, Colin Marchant, Neal A. Halsey","n_members":12,"n_papers":5,"topic_id":227,"community_id":4}},{"type":"Feature","geometry":{"type":"Point","coordinates":[-0.3503345780106718,-9.892673968512836]},"properties":{"color":"#483D8B","ordinal":"4th","radius_px":9.0,"authors":"Michael M. McNeil, Jonathan Duffy, Elyse O. Kharbanda, Stephanie Irving, Natalie L. McCarthy","n_members":10,"n_papers":1,"topic_id":227,"community_id":2}},{"type":"Feature","geometry":{"type":"Point","coordinates":[-0.30390998988609047,-9.911088330510992]},"properties":{"color":"#708090","ordinal":"5th","radius_px":9.0,"authors":"James D. Campbell, Ann McMahon, John Iskander, Melissa Rosenberg","n_members":4,"n_papers":1,"topic_id":227,"community_id":1}},{"type":"Feature","geometry":{"type":"Point","coordinates":[-5.542862845618295,7.355767616072455]},"properties":{"color":"#191970","ordinal":"1st","radius_px":9.0,"authors":"None Indra Hastuti, None Khabib Alia Akhmad, None Kurniasih Kurniasih, None Muhammad Anas Mu\u2019tashim, None Muhammad Zulfikar R","n_members":6,"n_papers":4,"topic_id":228,"community_id":0}},{"type":"Feature","geometry":{"type":"Point","coordinates":[-5.533147831192722,7.322841683454077]},"properties":{"color":"#2F4F4F","ordinal":"2nd","radius_px":9.0,"authors":"None Esti Dwi Rahmawati, None Agus Suyatno, None Ratna Ariyanti, None Anita Nurul Cahyani","n_members":4,"n_papers":5,"topic_id":228,"community_id":1}},{"type":"Feature","geometry":{"type":"Point","coordinates":[-6.834037518904402,-6.227489691931495]},"properties":{"color":"#191970","ordinal":"1st","radius_px":9.0,"authors":"Han Han, Haiquan Chen, Fanfan Fan, Chaoqiang Deng, Ting Ye","n_members":16,"n_papers":1,"topic_id":229,"community_id":0}},{"type":"Feature","geometry":{"type":"Point","coordinates":[-0.6850038230050224,5.925913141268789]},"properties":{"color":"#191970","ordinal":"1st","radius_px":9.0,"authors":"Zhongying Wu, Qian Nan Jia, Mengze Li, Beile Cong, Ziqing Ye","n_members":9,"n_papers":1,"topic_id":230,"community_id":0}},{"type":"Feature","geometry":{"type":"Point","coordinates":[-3.5812264224968606,1.3708523101647667]},"properties":{"color":"#191970","ordinal":"1st","radius_px":9.0,"authors":"Tingyong Feng, Rong Zhang, Zhiyi Chen, Biying Zhang, Feng Zhou","n_members":9,"n_papers":6,"topic_id":231,"community_id":2}},{"type":"Feature","geometry":{"type":"Point","coordinates":[-3.580796738457049,1.3859519274023941]},"properties":{"color":"#2F4F4F","ordinal":"2nd","radius_px":9.0,"authors":"Chunyan Liu, Zhenzhen Huo, Quan Li, Jingya Han, Yuhua Li","n_members":6,"n_papers":1,"topic_id":231,"community_id":1}},{"type":"Feature","geometry":{"type":"Point","coordinates":[-3.5861659315308843,1.360828550627015]},"properties":{"color":"#556B2F","ordinal":"3rd","radius_px":9.0,"authors":"Fan Zhou, Kanxin Gao, Ting Xu","n_members":3,"n_papers":1,"topic_id":231,"community_id":0}},{"type":"Feature","geometry":{"type":"Point","coordinates":[-7.383293697602001,4.155466303342733]},"properties":{"color":"#191970","ordinal":"1st","radius_px":9.0,"authors":"Jos\u00e9 M. Mench\u00f3n, Laura Moragas, Amparo del Pino-Guti\u00e9rrez, M\u00f3nica G\u00f3mez-Pe\u00f1a, Neus Aymam\u00ed","n_members":27,"n_papers":8,"topic_id":232,"community_id":1}},{"type":"Feature","geometry":{"type":"Point","coordinates":[-7.382173189494341,4.160576282605809]},"properties":{"color":"#2F4F4F","ordinal":"2nd","radius_px":9.0,"authors":"Susana Jim\u00e9nez-Murcia, Fernando Fern\u00e1ndez-Aranda, Roser Granero, Gemma Mestre-Bach, Hibai L\u00f3pez-Gonz\u00e1lez","n_members":16,"n_papers":12,"topic_id":232,"community_id":2}},{"type":"Feature","geometry":{"type":"Point","coordinates":[-7.381509194881429,4.167256128949975]},"properties":{"color":"#556B2F","ordinal":"3rd","radius_px":9.0,"authors":"Teresa Mena-Moreno, Eduardo Valenciano-Mendoza, Bernat Mora-Maltas, S. Fabrizio Contaldo, J\u00e9ssica S\u00e1nchez-Gonz\u00e1lez","n_members":11,"n_papers":3,"topic_id":232,"community_id":4}},{"type":"Feature","geometry":{"type":"Point","coordinates":[-7.377182085354672,4.162078732082189]},"properties":{"color":"#483D8B","ordinal":"4th","radius_px":9.0,"authors":"Zsolt Demetrovics, Zsolt Horv\u00e1th, Mark D Griffiths, Andrea Czak\u00f3, Orsolya Kir\u00e1ly","n_members":10,"n_papers":3,"topic_id":232,"community_id":5}},{"type":"Feature","geometry":{"type":"Point","coordinates":[-7.377770957493767,4.147989828567409]},"properties":{"color":"#708090","ordinal":"5th","radius_px":9.0,"authors":"Ana B. Fagundo, Gustavo M. S\u00e1, Maria S. Signorelli, Mariano Ch\u00f3liz, Eugenio Aguglia","n_members":8,"n_papers":2,"topic_id":232,"community_id":0}},{"type":"Feature","geometry":{"type":"Point","coordinates":[0.2908955863574035,-13.986296875365888]},"properties":{"color":"#191970","ordinal":"1st","radius_px":9.0,"authors":"Li-Ching Huang, Flavio Malcher, Prashanth Sreeramoju, Jorge Humberto Rodriguez-Quintero, Luis Arias-Espinosa","n_members":23,"n_papers":10,"topic_id":233,"community_id":2}},{"type":"Feature","geometry":{"type":"Point","coordinates":[0.2733443072864764,-13.9736456178748]},"properties":{"color":"#2F4F4F","ordinal":"2nd","radius_px":9.0,"authors":"Ajita S. Prabhu, Michael J. Rosen, Clayton C. Petro, Benjamin T. Miller, Xinyan Zheng","n_members":13,"n_papers":3,"topic_id":233,"community_id":4}},{"type":"Feature","geometry":{"type":"Point","coordinates":[0.29976168931143127,-14.011172595634172]},"properties":{"color":"#556B2F","ordinal":"3rd","radius_px":9.0,"authors":"Michael Reinhorn, Nora Fullington, Divyansh Agarwal, Tina Bharani, Lauren Ott","n_members":11,"n_papers":4,"topic_id":233,"community_id":1}},{"type":"Feature","geometry":{"type":"Point","coordinates":[0.31056020095554726,-13.985715157748112]},"properties":{"color":"#483D8B","ordinal":"4th","radius_px":9.0,"authors":"Lucas R A Beffa, Sara M Maskal, Ajita S Prabhu, David M Krpata, Michael J Rosen","n_members":9,"n_papers":1,"topic_id":233,"community_id":0}},{"type":"Feature","geometry":{"type":"Point","coordinates":[0.30725398658581765,-13.987250903266]},"properties":{"color":"#708090","ordinal":"5th","radius_px":9.0,"authors":"Sharon Phillips, Steven J. Schneeberger, Richard A. Pierce, Benjamin K. Poulose, Thomas G. Stewart","n_members":9,"n_papers":2,"topic_id":233,"community_id":3}},{"type":"Feature","geometry":{"type":"Point","coordinates":[-7.159747239406769,-6.733704407978389]},"properties":{"color":"#191970","ordinal":"1st","radius_px":9.0,"authors":"M. B\u00f6ttcher, N. Marchili, A. D. Falcone, K. E. Gabanyi, T. Urano","n_members":14,"n_papers":1,"topic_id":234,"community_id":3}},{"type":"Feature","geometry":{"type":"Point","coordinates":[-7.159391577145191,-6.729728695517811]},"properties":{"color":"#2F4F4F","ordinal":"2nd","radius_px":9.0,"authors":"B. Lott, B. Rani, J. A. Zensus, L. Fuhrmann, T. P. Krichbaum","n_members":5,"n_papers":2,"topic_id":234,"community_id":2}},{"type":"Feature","geometry":{"type":"Point","coordinates":[-2.604102351706847,5.6044371087552225]},"properties":{"color":"#191970","ordinal":"1st","radius_px":9.0,"authors":"Hyejin Bang, Weisheng Chiu, Doyeon Won, Cindy Lee, Lei Chen","n_members":5,"n_papers":5,"topic_id":235,"community_id":0}},{"type":"Feature","geometry":{"type":"Point","coordinates":[-1.8128590737087178,5.363504475827129]},"properties":{"color":"#2F4F4F","ordinal":"2nd","radius_px":9.0,"authors":"Heetae Cho, Yandan Wu, Chunxiao Li, Zi\u2019En Wong, Jinsun Lim","n_members":5,"n_papers":4,"topic_id":235,"community_id":2}},{"type":"Feature","geometry":{"type":"Point","coordinates":[-1.857706915404789,5.406889768261851]},"properties":{"color":"#556B2F","ordinal":"3rd","radius_px":9.0,"authors":"Taeho Kim, Seongjin Yoo, Youngjin Hur, Yong Jae Ko","n_members":4,"n_papers":1,"topic_id":235,"community_id":1}},{"type":"Feature","geometry":{"type":"Point","coordinates":[0.6062414323856077,7.770983012391244]},"properties":{"color":"#191970","ordinal":"1st","radius_px":9.0,"authors":"Alfredo De Massis, Matthias Filser, Johanna Gast, Thomas Niemand","n_members":4,"n_papers":1,"topic_id":236,"community_id":0}},{"type":"Feature","geometry":{"type":"Point","coordinates":[0.6267831637797153,7.761091198736996]},"properties":{"color":"#2F4F4F","ordinal":"2nd","radius_px":9.0,"authors":"Sascha Kraus, Mikko Pohjola, Aki Koponen","n_members":3,"n_papers":3,"topic_id":236,"community_id":1}},{"type":"Feature","geometry":{"type":"Point","coordinates":[0.6265987972688785,7.8314345899038305]},"properties":{"color":"#556B2F","ordinal":"3rd","radius_px":9.0,"authors":"Ricarda Bouncken, Beate Cesinger, Viktor Fredrich","n_members":3,"n_papers":1,"topic_id":236,"community_id":2}},{"type":"Feature","geometry":{"type":"Point","coordinates":[2.988785086293634,6.740558583317982]},"properties":{"color":"#191970","ordinal":"1st","radius_px":9.0,"authors":"Kun Jiang, Wolfgang Keller, William Ridley, Larry D. Qiu, Larry Qiu","n_members":5,"n_papers":3,"topic_id":237,"community_id":1}},{"type":"Feature","geometry":{"type":"Point","coordinates":[0.7689723955897678,-8.434917218302449]},"properties":{"color":"#191970","ordinal":"1st","radius_px":9.0,"authors":"Brian Cade, Nuzulul Kurniansyah, Jerome I. Rotter, Joshua D. Smith, Alexander P. Reiner","n_members":64,"n_papers":4,"topic_id":238,"community_id":0}},{"type":"Feature","geometry":{"type":"Point","coordinates":[0.7137422427684499,-8.303678173988413]},"properties":{"color":"#2F4F4F","ordinal":"2nd","radius_px":9.0,"authors":"Richa Saxena, Heming Wang, George Davey Smith, Ben Brumpton, Hassan S Dashti","n_members":45,"n_papers":5,"topic_id":238,"community_id":1}},{"type":"Feature","geometry":{"type":"Point","coordinates":[0.8496341199508521,-8.518780453365538]},"properties":{"color":"#556B2F","ordinal":"3rd","radius_px":9.0,"authors":"Aarno Palotie, Hanna M. Ollila, Tuomo Kiiskinen, Samuli Ripatti, Adel Bachour","n_members":30,"n_papers":3,"topic_id":238,"community_id":3}},{"type":"Feature","geometry":{"type":"Point","coordinates":[0.8618793583572536,-8.517249248216944]},"properties":{"color":"#483D8B","ordinal":"4th","radius_px":9.0,"authors":"Susan Redline, Tamar Sofer, Ying Zhang, Bing Yu, Robert Kaplan","n_members":19,"n_papers":6,"topic_id":238,"community_id":2}},{"type":"Feature","geometry":{"type":"Point","coordinates":[1.0436385965232708,-8.671818581160208]},"properties":{"color":"#708090","ordinal":"5th","radius_px":9.0,"authors":"Justin M Scott, JoAnn E Manson, C\u00e9line Vetter, Kathryn M Rexrode, Shelley S Tworoger","n_members":12,"n_papers":1,"topic_id":238,"community_id":4}},{"type":"Feature","geometry":{"type":"Point","coordinates":[1.176178855642978,-4.585593504382782]},"properties":{"color":"#191970","ordinal":"1st","radius_px":9.0,"authors":"O. Kenrik Duru, Grace Cheng, Richard Maranon, Dominick Frosch, Felicia Cheng","n_members":12,"n_papers":2,"topic_id":239,"community_id":0}},{"type":"Feature","geometry":{"type":"Point","coordinates":[1.7290802629511306,-4.239357324637576]},"properties":{"color":"#2F4F4F","ordinal":"2nd","radius_px":9.0,"authors":"Carol M. Mangione, Jennifer Goewey, Arleen F. Brown, Mark R. Stevens, Theodore J. Thompson","n_members":11,"n_papers":3,"topic_id":239,"community_id":1}},{"type":"Feature","geometry":{"type":"Point","coordinates":[1.6284354102063878,-4.21784932010495]},"properties":{"color":"#556B2F","ordinal":"3rd","radius_px":9.0,"authors":"Tannaz Moin, Norman Turk, Carol M Mangione, Donna O\u2019Shea, Susan L Ettner","n_members":9,"n_papers":2,"topic_id":239,"community_id":2}},{"type":"Feature","geometry":{"type":"Point","coordinates":[1.7712148900250193,-4.081200301945576]},"properties":{"color":"#483D8B","ordinal":"4th","radius_px":9.0,"authors":"Susan L. Ettner, None Duru, MS Norman Turk, None Huang, MS Robert Luchs","n_members":9,"n_papers":2,"topic_id":239,"community_id":3}},{"type":"Feature","geometry":{"type":"Point","coordinates":[1.159938092255433,-12.428332303593615]},"properties":{"color":"#191970","ordinal":"1st","radius_px":9.0,"authors":"Rudolf Kaaks, Mazda Jenab, Pietro Ferrari, Athina Arvaniti, Heiner Boeing","n_members":50,"n_papers":1,"topic_id":240,"community_id":0}},{"type":"Feature","geometry":{"type":"Point","coordinates":[4.987141952482999,-2.6213931484781643]},"properties":{"color":"#191970","ordinal":"1st","radius_px":9.0,"authors":"Victor Chernozhukov, Sukjin Han, Amanda Kowalski, Christian Hansen, Iv\u00e1n Fern\u00e1ndez-Val","n_members":11,"n_papers":10,"topic_id":241,"community_id":0}},{"type":"Feature","geometry":{"type":"Point","coordinates":[5.194451086964396,-2.4301770090017465]},"properties":{"color":"#2F4F4F","ordinal":"2nd","radius_px":9.0,"authors":"Patrick Gagliardini, E Mammen, G Dhaene, Olivier Scaillet, M Wolf","n_members":7,"n_papers":2,"topic_id":241,"community_id":1}},{"type":"Feature","geometry":{"type":"Point","coordinates":[-2.054060001186168,-0.2522697255157595]},"properties":{"color":"#191970","ordinal":"1st","radius_px":9.0,"authors":"Simon B. Sherry, Aislin R. Mushquash, Sherry H. Stewart, Kristin-Lee Fossum, Logan J. Nealis","n_members":12,"n_papers":5,"topic_id":242,"community_id":0}},{"type":"Feature","geometry":{"type":"Point","coordinates":[-2.1003869025773945,-0.22106307940441866]},"properties":{"color":"#2F4F4F","ordinal":"2nd","radius_px":9.0,"authors":"Gordon L. Flett, Paul L. Hewitt, Avi Besser, Chantal A. Arpin-Cribbie, Jane Irvine","n_members":9,"n_papers":6,"topic_id":242,"community_id":1}},{"type":"Feature","geometry":{"type":"Point","coordinates":[-2.100560950067101,-0.23587789165888529]},"properties":{"color":"#556B2F","ordinal":"3rd","radius_px":9.0,"authors":"Sean P. Mackinnon, Kenneth E. Leonard, Ivy\u2010Lee L. Kehayes, Ronald Fraser, Roisin M. O'Connor","n_members":9,"n_papers":4,"topic_id":242,"community_id":2}},{"type":"Feature","geometry":{"type":"Point","coordinates":[-2.2974210437532827,0.09754013762683658]},"properties":{"color":"#483D8B","ordinal":"4th","radius_px":9.0,"authors":"Elyas Barabadi, Gholam Hassan Khajavy, Fatemeh Chasetareh","n_members":3,"n_papers":2,"topic_id":242,"community_id":3}},{"type":"Feature","geometry":{"type":"Point","coordinates":[1.8964424028379834,-14.708658623523787]},"properties":{"color":"#191970","ordinal":"1st","radius_px":9.0,"authors":"Ren\u00e9 Adam, Karim Boudjema, Olivier Soubrane, Gennaro Nuzzo, Serena Langella","n_members":100,"n_papers":7,"topic_id":243,"community_id":1}},{"type":"Feature","geometry":{"type":"Point","coordinates":[1.922168410447294,-14.66051296026184]},"properties":{"color":"#2F4F4F","ordinal":"2nd","radius_px":9.0,"authors":"Feng Shen, Zhangjun Cheng, Zhengqing Lei, Anfeng Si, Kui Wang","n_members":81,"n_papers":15,"topic_id":243,"community_id":0}},{"type":"Feature","geometry":{"type":"Point","coordinates":[1.917230414869702,-14.683510618684647]},"properties":{"color":"#556B2F","ordinal":"3rd","radius_px":9.0,"authors":"Luca Aldrighetti, Francesca Ratti, Jun Li, Silvio Nadalin, Hauke Lang","n_members":66,"n_papers":14,"topic_id":243,"community_id":7}},{"type":"Feature","geometry":{"type":"Point","coordinates":[1.9116154915060486,-14.588858365476879]},"properties":{"color":"#483D8B","ordinal":"4th","radius_px":9.0,"authors":"Jian Zhou, Jia Fan, Shuang-Jian Qiu, Ying-Hong Shi, Zhen-Bin Ding","n_members":60,"n_papers":8,"topic_id":243,"community_id":10}},{"type":"Feature","geometry":{"type":"Point","coordinates":[1.8918359918060015,-14.655747361130574]},"properties":{"color":"#708090","ordinal":"5th","radius_px":9.0,"authors":"Timothy M. Pawlik, Alfredo Guglielmi, Shishir K. Maithel, Hugo P. Marques, Todd W. Bauer","n_members":59,"n_papers":10,"topic_id":243,"community_id":13}},{"type":"Feature","geometry":{"type":"Point","coordinates":[-0.17149355901993132,0.18764789392939765]},"properties":{"color":"#191970","ordinal":"1st","radius_px":9.0,"authors":"Rosario Ortega-Ruiz, Jos\u00e9 A. Casas, Rosario Del Rey, Izabela Zych, Vicente J. Llorent","n_members":14,"n_papers":6,"topic_id":244,"community_id":2}},{"type":"Feature","geometry":{"type":"Point","coordinates":[-0.1856691423121955,0.18709479439688348]},"properties":{"color":"#2F4F4F","ordinal":"2nd","radius_px":9.0,"authors":"Antonella Brighi, Annalisa Guarini, Damiano Menin, Phillip T. Slee, Grace Skrzypiec","n_members":9,"n_papers":6,"topic_id":244,"community_id":0}},{"type":"Feature","geometry":{"type":"Point","coordinates":[-0.17749785344752023,0.18180430105752515]},"properties":{"color":"#556B2F","ordinal":"3rd","radius_px":9.0,"authors":"Joaqu\u00edn A. Mora-Merch\u00e1n, Sofia Oliveira, Paula Ferreira, Paula Paulino, N\u00e1dia Pereira","n_members":7,"n_papers":2,"topic_id":244,"community_id":3}},{"type":"Feature","geometry":{"type":"Point","coordinates":[-0.18373879742633278,0.1763465019889289]},"properties":{"color":"#483D8B","ordinal":"4th","radius_px":9.0,"authors":"Mauricio Herrera-L\u00f3pez, Antonio J. Rodr\u00edguez-Hidalgo, Juan Calmaestra, Oswaldo Mero, Eva Solera","n_members":5,"n_papers":2,"topic_id":244,"community_id":1}},{"type":"Feature","geometry":{"type":"Point","coordinates":[-0.1582576945851477,0.17568319531075727]},"properties":{"color":"#708090","ordinal":"5th","radius_px":9.0,"authors":"Giulia Prestera, Demis Basso, Alberto Amadori, Livia Taverna, Francesca Sangiuliano Intra","n_members":5,"n_papers":1,"topic_id":244,"community_id":4}},{"type":"Feature","geometry":{"type":"Point","coordinates":[2.996207902159087,-4.154421461724865]},"properties":{"color":"#191970","ordinal":"1st","radius_px":9.0,"authors":"Ognjen Gajic, Phillip J Schulte, Lynn Retford, John C O'Horo, Diana J Valencia Morales","n_members":30,"n_papers":1,"topic_id":245,"community_id":0}},{"type":"Feature","geometry":{"type":"Point","coordinates":[0.7410793935433684,-0.15533738139933098]},"properties":{"color":"#191970","ordinal":"1st","radius_px":9.0,"authors":"Rutger C. M. E. Engels, Ron H. J. Scholte, Geertjan Overbeek, Raymond A. T. de Kemp, Ad A. Vermulst","n_members":7,"n_papers":3,"topic_id":246,"community_id":0}},{"type":"Feature","geometry":{"type":"Point","coordinates":[0.7847673772645417,-0.15482954797283585]},"properties":{"color":"#2F4F4F","ordinal":"2nd","radius_px":9.0,"authors":"Rolf Loeber, Paul Hirschfield, Helene R. White, None Eun Young Mun, None Jing Shi","n_members":7,"n_papers":4,"topic_id":246,"community_id":1}},{"type":"Feature","geometry":{"type":"Point","coordinates":[0.8260819861260469,-0.1105346682223299]},"properties":{"color":"#556B2F","ordinal":"3rd","radius_px":9.0,"authors":"Wim Meeus, Roderik Rekker, Dustin Pardini, Susan Branje, Loes Keijsers","n_members":7,"n_papers":2,"topic_id":246,"community_id":2}},{"type":"Feature","geometry":{"type":"Point","coordinates":[-4.199667372668934,-3.250715300050333]},"properties":{"color":"#191970","ordinal":"1st","radius_px":9.0,"authors":"Yanyan Lan, Zhuoye Ding, Hainan Zhang, Hongshen Chen, Shuai Zhao","n_members":8,"n_papers":1,"topic_id":247,"community_id":0}},{"type":"Feature","geometry":{"type":"Point","coordinates":[0.7742295928876174,-15.062571329467268]},"properties":{"color":"#191970","ordinal":"1st","radius_px":9.0,"authors":"Yutaka Saito, Daiki Nemoto, Kensuke Shinmura, Takeshi Yamamura, Kazunori Takada","n_members":80,"n_papers":10,"topic_id":248,"community_id":12}},{"type":"Feature","geometry":{"type":"Point","coordinates":[0.7505109788552644,-15.167598326518123]},"properties":{"color":"#2F4F4F","ordinal":"2nd","radius_px":9.0,"authors":"Ken Ohata, Yoshiaki Kimoto, Eiji Sakai, Kohei Ono, Ryoju Negishi","n_members":72,"n_papers":8,"topic_id":248,"community_id":15}},{"type":"Feature","geometry":{"type":"Point","coordinates":[0.7429602071278123,-15.145590881362851]},"properties":{"color":"#556B2F","ordinal":"3rd","radius_px":9.0,"authors":"Osamu Dohi, Yuji Naito, Naohisa Yoshida, Yoshito Itoh, Ken Inoue","n_members":66,"n_papers":11,"topic_id":248,"community_id":3}},{"type":"Feature","geometry":{"type":"Point","coordinates":[0.7514864703193256,-15.195829104522813]},"properties":{"color":"#483D8B","ordinal":"4th","radius_px":9.0,"authors":"Hiroya Ueyama, Shu Hoteya, Yosuke Tsuji, Mitsushige Sugimoto, Yoshinori Morita","n_members":52,"n_papers":17,"topic_id":248,"community_id":8}},{"type":"Feature","geometry":{"type":"Point","coordinates":[0.7494887078287527,-15.320060350242509]},"properties":{"color":"#708090","ordinal":"5th","radius_px":9.0,"authors":"Sho Suzuki, Mitsuru Esaki, Takuji Gotoda, Shinya Yamada, Eikichi Ihara","n_members":49,"n_papers":10,"topic_id":248,"community_id":5}},{"type":"Feature","geometry":{"type":"Point","coordinates":[-2.170190264971814,8.416893196808688]},"properties":{"color":"#191970","ordinal":"1st","radius_px":9.0,"authors":"Nripendra P. Rana, Fadi Abdel Muniem Abdel Fattah, Surajit Bag, Md Afnan Hossain, Muhammad Sabbir Rahman","n_members":6,"n_papers":2,"topic_id":249,"community_id":0}},{"type":"Feature","geometry":{"type":"Point","coordinates":[-2.1898197948981175,8.36848047727992]},"properties":{"color":"#2F4F4F","ordinal":"2nd","radius_px":9.0,"authors":"Mercy Mpinganjira, Daniel K. Maduku, Njabulo Happy-Boy Mkhize, Aobakwe Ledikwe, Philile Thusi","n_members":5,"n_papers":1,"topic_id":249,"community_id":1}},{"type":"Feature","geometry":{"type":"Point","coordinates":[-2.562824891321405,-0.632376509866965]},"properties":{"color":"#191970","ordinal":"1st","radius_px":9.0,"authors":"Eugene Anderson, Daniel Hoyer, David Carballo, Selin Elizabeth Nugent, Jill Levine","n_members":14,"n_papers":1,"topic_id":250,"community_id":1}},{"type":"Feature","geometry":{"type":"Point","coordinates":[-2.665746532888048,-0.6949606850795441]},"properties":{"color":"#2F4F4F","ordinal":"2nd","radius_px":9.0,"authors":"Patrick E. Savage, Enrico Cioni, Alan Covey, Peter Turchin, Harvey Whitehouse","n_members":13,"n_papers":2,"topic_id":250,"community_id":0}},{"type":"Feature","geometry":{"type":"Point","coordinates":[1.8162993812723167,-4.505166365768697]},"properties":{"color":"#191970","ordinal":"1st","radius_px":9.0,"authors":"Margaret G. Parker, Eve R. Colson, Fern R. Hauck, Cara B. Safon, Ann L. Kellams","n_members":15,"n_papers":3,"topic_id":251,"community_id":1}},{"type":"Feature","geometry":{"type":"Point","coordinates":[1.8632454239312812,-4.735056958154031]},"properties":{"color":"#2F4F4F","ordinal":"2nd","radius_px":9.0,"authors":"Mandy B. Belfort, Emily Oken, Ken P. Kleinman, Laura A. Burnham, David C. Bellinger","n_members":14,"n_papers":3,"topic_id":251,"community_id":0}},{"type":"Feature","geometry":{"type":"Point","coordinates":[1.8701412817844147,-4.746799316264078]},"properties":{"color":"#556B2F","ordinal":"3rd","radius_px":9.0,"authors":"Mourad Dahhou, Michael S Kramer, Eric Fombonne, Frances Aboud, Sergei Igumnov","n_members":14,"n_papers":3,"topic_id":251,"community_id":2}},{"type":"Feature","geometry":{"type":"Point","coordinates":[1.864512599725921,-4.738485624907823]},"properties":{"color":"#483D8B","ordinal":"4th","radius_px":9.0,"authors":"Ellen Hodnett, Beverley Chalmers, Jean-Paul Collet, Michael S. Kramer, Tong Guo","n_members":10,"n_papers":3,"topic_id":251,"community_id":3}},{"type":"Feature","geometry":{"type":"Point","coordinates":[1.58847603278649,-4.308472339529217]},"properties":{"color":"#191970","ordinal":"1st","radius_px":9.0,"authors":"Anna Lartey, Mary Arimond, Kathryn Dewey, Robert Stewart, Seth Adu-Afarwuah","n_members":22,"n_papers":2,"topic_id":252,"community_id":0}},{"type":"Feature","geometry":{"type":"Point","coordinates":[1.6355981867393894,-4.093128952783739]},"properties":{"color":"#2F4F4F","ordinal":"2nd","radius_px":9.0,"authors":"Kenneth Maleta, Victoria Ndolo, Lilia Bliznashka, Theresa Nnensa, Agnes Quisumbing","n_members":15,"n_papers":2,"topic_id":252,"community_id":1}},{"type":"Feature","geometry":{"type":"Point","coordinates":[1.5738684264762928,-4.200040065505798]},"properties":{"color":"#556B2F","ordinal":"3rd","radius_px":9.0,"authors":"Maurice B Mittelmark, Dennis J Matanda, Helga B Urke, Dickson A Amugsi","n_members":4,"n_papers":1,"topic_id":252,"community_id":2}},{"type":"Feature","geometry":{"type":"Point","coordinates":[-4.024373895555391,5.40893568618436]},"properties":{"color":"#191970","ordinal":"1st","radius_px":9.0,"authors":"Odunayo Salau, Adewale Osibanjo, Stephen Ibidunni, Rowland Worlu, Maxwell Olokundun","n_members":10,"n_papers":1,"topic_id":253,"community_id":0}},{"type":"Feature","geometry":{"type":"Point","coordinates":[-2.6575796468057202,8.243850091822955]},"properties":{"color":"#191970","ordinal":"1st","radius_px":9.0,"authors":"M. Omar Parvez, Md Sazzad Hossain, Trishna G. Mistry, Kayode Kolawole Eluwole, Ataul Karim Patwary","n_members":7,"n_papers":7,"topic_id":254,"community_id":2}},{"type":"Feature","geometry":{"type":"Point","coordinates":[-2.6646843616465046,8.249562701919965]},"properties":{"color":"#2F4F4F","ordinal":"2nd","radius_px":9.0,"authors":"Cihan Cobanoglu, Seden Dogan, Faizan Ali, Moez Limayem, Xianglan Chen","n_members":6,"n_papers":3,"topic_id":254,"community_id":0}},{"type":"Feature","geometry":{"type":"Point","coordinates":[-2.6114935225741704,8.2010302817461]},"properties":{"color":"#556B2F","ordinal":"3rd","radius_px":9.0,"authors":"Huseyin Arasli, Kayode K. Eluwole, Ali Ozturen, Rab Nawaz Lodhi, Ali \u00d6zt\u00fcren","n_members":6,"n_papers":2,"topic_id":254,"community_id":1}},{"type":"Feature","geometry":{"type":"Point","coordinates":[-2.6805030082764003,8.265543425975059]},"properties":{"color":"#483D8B","ordinal":"4th","radius_px":9.0,"authors":"Muslim Amin, Leonardo Aureliano-Silva, Shahid Rasool, Angad Dang","n_members":4,"n_papers":1,"topic_id":254,"community_id":3}},{"type":"Feature","geometry":{"type":"Point","coordinates":[-4.187007997547889,-2.780904026742288]},"properties":{"color":"#191970","ordinal":"1st","radius_px":9.0,"authors":"Michael O Harhay, Fan Li, Kara E Rudolph, Haidong Lu, Catherine R Lesko","n_members":9,"n_papers":1,"topic_id":255,"community_id":0}},{"type":"Feature","geometry":{"type":"Point","coordinates":[-0.5672541608368662,-7.833538838360634]},"properties":{"color":"#191970","ordinal":"1st","radius_px":9.0,"authors":"Wenyu Xiong, Huijun Yuan, Qian Zhang, Mingjun Zhong, Linke Li","n_members":10,"n_papers":1,"topic_id":256,"community_id":1}},{"type":"Feature","geometry":{"type":"Point","coordinates":[-0.47171928735519963,-8.454965425312695]},"properties":{"color":"#2F4F4F","ordinal":"2nd","radius_px":9.0,"authors":"Tian Shen, Yu Zhao, Jing Wang, Wen Yang, Xiao-hong Yan","n_members":9,"n_papers":2,"topic_id":256,"community_id":0}},{"type":"Feature","geometry":{"type":"Point","coordinates":[5.394153039069501,-1.6636993817131926]},"properties":{"color":"#191970","ordinal":"1st","radius_px":9.0,"authors":"Badi H. Baltagi, Majid al Sadoon, J. Maria Labeaga Azcona, Sergi Jim\u00e9nez-Mart\u00edn, Jos\u00e9 M. Labeaga","n_members":8,"n_papers":9,"topic_id":257,"community_id":0}},{"type":"Feature","geometry":{"type":"Point","coordinates":[5.488955262051008,-2.017744446301023]},"properties":{"color":"#2F4F4F","ordinal":"2nd","radius_px":9.0,"authors":"Qi Li, M. Douglas Berg, Aman Ullah, Aman Ullha, Thanasis Stengos","n_members":5,"n_papers":4,"topic_id":257,"community_id":2}},{"type":"Feature","geometry":{"type":"Point","coordinates":[4.959663775085985,0.11308608692503022]},"properties":{"color":"#556B2F","ordinal":"3rd","radius_px":9.0,"authors":"Bernard Fingleton, Alain Pirotte, Julie Le Gallo","n_members":3,"n_papers":3,"topic_id":257,"community_id":1}},{"type":"Feature","geometry":{"type":"Point","coordinates":[4.510870971948205,-6.660557545151229]},"properties":{"color":"#191970","ordinal":"1st","radius_px":9.0,"authors":"John Williamson, Sandro A N Randrianirisoa, Rila Ratovoson, Milijaona Randrianarivelojosia, Laura C Steinhardt","n_members":19,"n_papers":2,"topic_id":258,"community_id":1}},{"type":"Feature","geometry":{"type":"Point","coordinates":[4.481302160870458,-6.66043715657139]},"properties":{"color":"#2F4F4F","ordinal":"2nd","radius_px":9.0,"authors":"Julie R. Gutman, Collins Kwizombe, Doreen Ali, Peter Troell, Sosten Lankhulani","n_members":17,"n_papers":2,"topic_id":258,"community_id":3}},{"type":"Feature","geometry":{"type":"Point","coordinates":[4.521114320255583,-6.673548779991781]},"properties":{"color":"#556B2F","ordinal":"3rd","radius_px":9.0,"authors":"Laurent Kapesa, Djenam Jacob, Timothee Gandaho, Julie Rajaratnam, Celestin Razafinjato","n_members":12,"n_papers":2,"topic_id":258,"community_id":2}},{"type":"Feature","geometry":{"type":"Point","coordinates":[4.45684470492527,-6.662812182474439]},"properties":{"color":"#483D8B","ordinal":"4th","radius_px":9.0,"authors":"Justin Tiendrebeogo, Mathurin Dodo, Susan J. Youll, William R. Brieger, Kristen Vibbert","n_members":9,"n_papers":1,"topic_id":258,"community_id":0}},{"type":"Feature","geometry":{"type":"Point","coordinates":[-4.13655059837915,11.335928262690803]},"properties":{"color":"#191970","ordinal":"1st","radius_px":9.0,"authors":"Any SUTIADININGSIH, Ila Huda P. DEWI, Niken PURWIDIANI, Galuh RACHMA WATI, Vu Hung DANG","n_members":7,"n_papers":2,"topic_id":259,"community_id":0}},{"type":"Feature","geometry":{"type":"Point","coordinates":[-4.101922852796179,11.389287233014066]},"properties":{"color":"#2F4F4F","ordinal":"2nd","radius_px":9.0,"authors":"Tuatul MAHFUD, Mutiara NUGRAHENI, Kokom KOMARIAH, Badraningsih LASTARIWATI, Abdul Rasid Bin Abdul RAZZAQ","n_members":5,"n_papers":2,"topic_id":259,"community_id":1}},{"type":"Feature","geometry":{"type":"Point","coordinates":[-2.8124997989499803,-1.9870596674849115]},"properties":{"color":"#191970","ordinal":"1st","radius_px":9.0,"authors":"Volodymyr Mishalov, Hryhorii Kryvda, Viktor Bachynskyi, Oleh Fylypchuk","n_members":4,"n_papers":2,"topic_id":260,"community_id":0}},{"type":"Feature","geometry":{"type":"Point","coordinates":[-2.8271687690391576,-1.946173641967631]},"properties":{"color":"#2F4F4F","ordinal":"2nd","radius_px":9.0,"authors":"Viacheslav Voronov, Alla Gavryluk, Raisa Zharlinska","n_members":3,"n_papers":2,"topic_id":260,"community_id":1}},{"type":"Feature","geometry":{"type":"Point","coordinates":[-2.808301608393862,-1.9795233423870402]},"properties":{"color":"#556B2F","ordinal":"3rd","radius_px":9.0,"authors":"Evhen Kostenko, Valerii Voichenko, Yaroslava Chykhman","n_members":3,"n_papers":1,"topic_id":260,"community_id":2}},{"type":"Feature","geometry":{"type":"Point","coordinates":[-0.8848777587956094,-1.780988127604253]},"properties":{"color":"#191970","ordinal":"1st","radius_px":9.0,"authors":"Kristin Naragon-Gainey, Mary Blendermann, Rosanna Breaux, Eiko I Fried, Lauren S. Hallion","n_members":14,"n_papers":5,"topic_id":261,"community_id":0}},{"type":"Feature","geometry":{"type":"Point","coordinates":[-1.0305341817050055,-1.807770802977173]},"properties":{"color":"#2F4F4F","ordinal":"2nd","radius_px":9.0,"authors":"Bethany A. Teachman, Daniel Funk, Laura Barnes, Samuel Portnow, Claudia P. Calicho-Mamani","n_members":9,"n_papers":2,"topic_id":261,"community_id":1}},{"type":"Feature","geometry":{"type":"Point","coordinates":[-0.8632250127932822,-1.7410887380938511]},"properties":{"color":"#556B2F","ordinal":"3rd","radius_px":9.0,"authors":"Gretchen J. Diefenbach, Donald A. Williamson, Bret G. Bentz, Rick G. Netemeyer, Gina M. Manguno-Mire","n_members":8,"n_papers":3,"topic_id":261,"community_id":2}},{"type":"Feature","geometry":{"type":"Point","coordinates":[-0.9055777151803629,-1.5704480388138962]},"properties":{"color":"#483D8B","ordinal":"4th","radius_px":9.0,"authors":"Kenneth G DeMarree, Michael J Kyron, Samiul Hossain","n_members":3,"n_papers":1,"topic_id":261,"community_id":3}},{"type":"Feature","geometry":{"type":"Point","coordinates":[0.37100902672916597,4.703512267242324]},"properties":{"color":"#191970","ordinal":"1st","radius_px":9.0,"authors":"Elif Asude Tunca, Yinan Huang, Ndonima Uhwe Danjuma, Yan An","n_members":4,"n_papers":1,"topic_id":262,"community_id":0}},{"type":"Feature","geometry":{"type":"Point","coordinates":[0.34135766348238533,4.729085553338928]},"properties":{"color":"#2F4F4F","ordinal":"2nd","radius_px":9.0,"authors":"Jiankun Gong, Nor Eeza Zainal Abidin, Jing Xu, Lihong Wei","n_members":4,"n_papers":1,"topic_id":262,"community_id":1}},{"type":"Feature","geometry":{"type":"Point","coordinates":[0.3344893230189305,4.765594938028036]},"properties":{"color":"#556B2F","ordinal":"3rd","radius_px":9.0,"authors":"Oberiri Destiny Apuke, Bahiyah Omar, Yantian Mi, Yi Wan","n_members":4,"n_papers":7,"topic_id":262,"community_id":2}},{"type":"Feature","geometry":{"type":"Point","coordinates":[0.36448052602822567,4.722025967017217]},"properties":{"color":"#483D8B","ordinal":"4th","radius_px":9.0,"authors":"Lujia Tian, Yuan Jing, Luhui Hua, Xiaocui Sun","n_members":4,"n_papers":1,"topic_id":262,"community_id":3}},{"type":"Feature","geometry":{"type":"Point","coordinates":[-6.557112277865341,-3.997858383829923]},"properties":{"color":"#191970","ordinal":"1st","radius_px":9.0,"authors":"Yulia Gizatdinova, Jyrki Rasku, Jari Hyttinen, Katriina Aalto-Setala, Michelangelo Paci","n_members":7,"n_papers":1,"topic_id":263,"community_id":0}},{"type":"Feature","geometry":{"type":"Point","coordinates":[-6.6724112413088355,-3.9489053603548423]},"properties":{"color":"#2F4F4F","ordinal":"2nd","radius_px":9.0,"authors":"Henry Joutsijoki, Martti Juhola, Markku Siermala","n_members":3,"n_papers":2,"topic_id":263,"community_id":1}},{"type":"Feature","geometry":{"type":"Point","coordinates":[-3.2865666365716217,5.666132472281224]},"properties":{"color":"#191970","ordinal":"1st","radius_px":9.0,"authors":"Guodong Ni, Yaning Qiao, Jinwen Xing, Ke Shang, Wenshun Wang","n_members":9,"n_papers":1,"topic_id":264,"community_id":1}},{"type":"Feature","geometry":{"type":"Point","coordinates":[-3.2502326752417083,5.632272324283302]},"properties":{"color":"#2F4F4F","ordinal":"2nd","radius_px":9.0,"authors":"Lingyun Mi, Lijie Qiao, Hanlin Zhu, Xiaoli Gan, Ruyin Long","n_members":6,"n_papers":2,"topic_id":264,"community_id":0}},{"type":"Feature","geometry":{"type":"Point","coordinates":[0.1385792672113597,-9.840842364662308]},"properties":{"color":"#191970","ordinal":"1st","radius_px":9.0,"authors":"Lola Ogunbowale, Fiona Costello, Clare Fraser, Anna Cam\u00f3s Carreras, John Woolmore","n_members":52,"n_papers":1,"topic_id":265,"community_id":2}},{"type":"Feature","geometry":{"type":"Point","coordinates":[0.18567940725251675,-9.884475795158446]},"properties":{"color":"#2F4F4F","ordinal":"2nd","radius_px":9.0,"authors":"Franz Marie Cruz, Francesco Pichi, Ester Carre\u00f1o, Aniruddha Agarwal, Ilaria Testi","n_members":48,"n_papers":4,"topic_id":265,"community_id":3}},{"type":"Feature","geometry":{"type":"Point","coordinates":[0.1518123799071752,-9.931199634895767]},"properties":{"color":"#556B2F","ordinal":"3rd","radius_px":9.0,"authors":"Emmett T. Cunningham, Muriel Ott, Souska Zandi, Dilraj S. Grewal, Marion R. Munk","n_members":7,"n_papers":1,"topic_id":265,"community_id":1}},{"type":"Feature","geometry":{"type":"Point","coordinates":[0.16999449513645287,-9.841294516650791]},"properties":{"color":"#483D8B","ordinal":"4th","radius_px":9.0,"authors":"Piergiorgio Neri, Steven Hay, Shaikha Aljneibi, Christine Dackiw, Nicola G. Ghazi","n_members":5,"n_papers":1,"topic_id":265,"community_id":0}},{"type":"Feature","geometry":{"type":"Point","coordinates":[-0.8056937182601976,4.765021888388006]},"properties":{"color":"#191970","ordinal":"1st","radius_px":9.0,"authors":"Asad Ullah Khan, Fazeelat Aziz, Zhiqiang Ma, Jan Muhammad Sohu, Weijun Hu","n_members":10,"n_papers":3,"topic_id":266,"community_id":3}},{"type":"Feature","geometry":{"type":"Point","coordinates":[-0.8193657333213676,4.763292420446787]},"properties":{"color":"#2F4F4F","ordinal":"2nd","radius_px":9.0,"authors":"Mohamad Noorman Masrek, Asad Khan, Mohammad Hudzari Razali, Trias Andromeda, Ishak Ramli","n_members":7,"n_papers":4,"topic_id":266,"community_id":2}},{"type":"Feature","geometry":{"type":"Point","coordinates":[0.7760299181072555,7.244093793545049]},"properties":{"color":"#556B2F","ordinal":"3rd","radius_px":9.0,"authors":"Saira Hanif Soroya, Khalid Mahmood, Sumaira Hussain, Aleeha Ilyas, Muhammad Shahid Soroya","n_members":7,"n_papers":4,"topic_id":266,"community_id":4}},{"type":"Feature","geometry":{"type":"Point","coordinates":[0.9893660488627225,3.2655910696547568]},"properties":{"color":"#483D8B","ordinal":"4th","radius_px":9.0,"authors":"Muhammad Rafi, Khurshid Ahmad, Zheng JianMing, A Y M Atiquil Islam, Nain Tara","n_members":6,"n_papers":4,"topic_id":266,"community_id":1}},{"type":"Feature","geometry":{"type":"Point","coordinates":[-0.8102891223363071,4.776074247951894]},"properties":{"color":"#708090","ordinal":"5th","radius_px":9.0,"authors":"Naimat Ullah Shah, Rubina Bhatti, Salman Bin Naeem, Amjid Khan, Xia Wang","n_members":5,"n_papers":2,"topic_id":266,"community_id":0}},{"type":"Feature","geometry":{"type":"Point","coordinates":[4.466629888694519,4.979951963940529]},"properties":{"color":"#191970","ordinal":"1st","radius_px":9.0,"authors":"Tom Mugume, Patrick Ocan, Benedict Olanipekun Dayo, Franklin Muhereza T., Isaac Mokono Abuga","n_members":7,"n_papers":1,"topic_id":267,"community_id":0}},{"type":"Feature","geometry":{"type":"Point","coordinates":[-4.342144711548908,-3.931206312901348]},"properties":{"color":"#191970","ordinal":"1st","radius_px":9.0,"authors":"Ricardo Silva, Joshua R. Loftus, Matt J. Kusner, Chris Russell, Julia Stoyanovich","n_members":11,"n_papers":8,"topic_id":268,"community_id":2}},{"type":"Feature","geometry":{"type":"Point","coordinates":[-4.307568561071582,-3.8760512825538482]},"properties":{"color":"#2F4F4F","ordinal":"2nd","radius_px":9.0,"authors":"Joshua Loftus, Matthias Fahrenwaldt, Frederik Hytting J\u00f8rgensen, Munir Eberhardt Hiabu, Fei Huang","n_members":9,"n_papers":2,"topic_id":268,"community_id":1}},{"type":"Feature","geometry":{"type":"Point","coordinates":[-4.465662706528169,-3.9563100147431083]},"properties":{"color":"#556B2F","ordinal":"3rd","radius_px":9.0,"authors":"Amir-Hossein Karimi, Adrian Weller, Julius von K\u00fcgelgen, Umang Bhatt, Isabel Valera","n_members":9,"n_papers":3,"topic_id":268,"community_id":3}},{"type":"Feature","geometry":{"type":"Point","coordinates":[-4.3534185860997,-3.89806285531757]},"properties":{"color":"#483D8B","ordinal":"4th","radius_px":9.0,"authors":"Bernhard Sch\u00f6lkopf, Niki Kilbertus, Dominik Janzing, Mateo Rojas-Carulla, Moritz Hardt","n_members":6,"n_papers":3,"topic_id":268,"community_id":0}},{"type":"Feature","geometry":{"type":"Point","coordinates":[-0.8697528255594799,-4.224923353056243]},"properties":{"color":"#191970","ordinal":"1st","radius_px":9.0,"authors":"Christine Passerieux, Baptiste Pignon, Eric Brunet-Gouet, Paul Roux, Caroline Dubertret","n_members":25,"n_papers":4,"topic_id":269,"community_id":0}},{"type":"Feature","geometry":{"type":"Point","coordinates":[-0.8831964462863281,-4.240214904086869]},"properties":{"color":"#2F4F4F","ordinal":"2nd","radius_px":9.0,"authors":"Sol\u00e8ne Frileux, Nathan Vidal, Nathan Faivre, Dr Hugo Bottemanne, the FACE-SZ (FondaMental Academic Centers of Expertise-Schizo","n_members":18,"n_papers":2,"topic_id":269,"community_id":2}},{"type":"Feature","geometry":{"type":"Point","coordinates":[-0.8286390936426178,-4.1937028106631145]},"properties":{"color":"#556B2F","ordinal":"3rd","radius_px":9.0,"authors":"Guillaume Fond, Christophe Lan\u00e7on, Pierre-Michel Llorca, Laurent Boyer, Melanie Faugere","n_members":11,"n_papers":5,"topic_id":269,"community_id":3}},{"type":"Feature","geometry":{"type":"Point","coordinates":[-0.7753069527742927,-4.12282117935419]},"properties":{"color":"#483D8B","ordinal":"4th","radius_px":9.0,"authors":"Christine Hassler, Bruno Falissard, Caroline Barry, Massimiliano Orri, Arnaud Carre","n_members":8,"n_papers":1,"topic_id":269,"community_id":1}},{"type":"Feature","geometry":{"type":"Point","coordinates":[-0.924498672322478,-4.302641817417442]},"properties":{"color":"#708090","ordinal":"5th","radius_px":9.0,"authors":"Delphine Capdevielle, Joanna Norton, Catherine Bortolon, St\u00e9phane Raffard, Michel Benoit","n_members":6,"n_papers":4,"topic_id":269,"community_id":4}},{"type":"Feature","geometry":{"type":"Point","coordinates":[-2.75675135609409,6.114173362746071]},"properties":{"color":"#191970","ordinal":"1st","radius_px":9.0,"authors":"Fernando Juarez, Marcus Alexandre Yshikawa Salusse, Utz Dornberger, Francoise Contreras, Alexandra Portalanza","n_members":12,"n_papers":1,"topic_id":270,"community_id":0}},{"type":"Feature","geometry":{"type":"Point","coordinates":[7.382409647377811,7.719174646976299]},"properties":{"color":"#191970","ordinal":"1st","radius_px":9.0,"authors":"Bright Akwasi Gyamfi, Festus Victor Bekun, Divine Q. Agozie, Hassan Haes Alhelou, Ephraim Bonah Agyekum","n_members":16,"n_papers":7,"topic_id":271,"community_id":0}},{"type":"Feature","geometry":{"type":"Point","coordinates":[7.425449596572083,7.715518961757668]},"properties":{"color":"#2F4F4F","ordinal":"2nd","radius_px":9.0,"authors":"Muhammad Shahbaz, Muhammad Shafiullah, Usman Khalid, Daniel Balsalobre-Lorente, Malin Song","n_members":16,"n_papers":9,"topic_id":271,"community_id":1}},{"type":"Feature","geometry":{"type":"Point","coordinates":[7.444658110436325,7.7115027987342675]},"properties":{"color":"#556B2F","ordinal":"3rd","radius_px":9.0,"authors":"Muhammad Usman, Syed Asif Ali Naqvi, Syed Ale Raza Shah, Jawad Nazir, Mehvish Hussain","n_members":12,"n_papers":4,"topic_id":271,"community_id":3}},{"type":"Feature","geometry":{"type":"Point","coordinates":[7.373078500538235,7.699186015114704]},"properties":{"color":"#483D8B","ordinal":"4th","radius_px":9.0,"authors":"Tomiwa Sunday Adebayo, Arshian Sharif, Seyi Saint Akadiri, Seun Damola Oladipupo, Husam Rjoub","n_members":12,"n_papers":4,"topic_id":271,"community_id":4}},{"type":"Feature","geometry":{"type":"Point","coordinates":[7.44784187242199,7.717651559457659]},"properties":{"color":"#708090","ordinal":"5th","radius_px":9.0,"authors":"Ilhan Ozturk, Sakiru Adebola Solarin, Shawkat Hammoudeh, Usama Al-Mulali, Syed Jawad Hussain Shahzad","n_members":12,"n_papers":12,"topic_id":271,"community_id":5}},{"type":"Feature","geometry":{"type":"Point","coordinates":[0.2219734683673986,-7.41772769055533]},"properties":{"color":"#191970","ordinal":"1st","radius_px":9.0,"authors":"Henrik Zetterberg, Kaj Blennow, Kristel Sleegers, Rik Vandenberghe, Mara ten Kate","n_members":78,"n_papers":16,"topic_id":272,"community_id":3}},{"type":"Feature","geometry":{"type":"Point","coordinates":[0.06827508832481145,-7.272876288880947]},"properties":{"color":"#2F4F4F","ordinal":"2nd","radius_px":9.0,"authors":"Klaus Fliessbach, Lukas Preis, Frank Jessen, Annika Spottke, Gabriel Ziegler","n_members":73,"n_papers":5,"topic_id":272,"community_id":8}},{"type":"Feature","geometry":{"type":"Point","coordinates":[0.2886247137742836,-7.527065286699135]},"properties":{"color":"#556B2F","ordinal":"3rd","radius_px":9.0,"authors":"Josef Coresh, Jingsha Chen, Nicholas J Ashton, Bart De Strooper, Tonnar Castellano","n_members":55,"n_papers":4,"topic_id":272,"community_id":7}},{"type":"Feature","geometry":{"type":"Point","coordinates":[0.13632421712730342,-7.345601034950457]},"properties":{"color":"#483D8B","ordinal":"4th","radius_px":9.0,"authors":"Nicholas J. Ashton, Bruna Bellaver, Gleb Bezgin, Serge Gauthier, Marco Ant\u00f4nio De Bastiani","n_members":42,"n_papers":4,"topic_id":272,"community_id":5}},{"type":"Feature","geometry":{"type":"Point","coordinates":[0.09911933041410259,-7.279584890897325]},"properties":{"color":"#708090","ordinal":"5th","radius_px":9.0,"authors":"John C. Morris, Robert A. Stern, Yorghos Tripodis, Justin Long, Michael Walsh","n_members":32,"n_papers":2,"topic_id":272,"community_id":6}},{"type":"Feature","geometry":{"type":"Point","coordinates":[-2.611533422789202,-11.299313480067413]},"properties":{"color":"#191970","ordinal":"1st","radius_px":9.0,"authors":"Peter Kan, Leonardo Renieri, Nicola Limbucci, Nimer Adeeb, Jose Danilo Bengzon Diestro","n_members":75,"n_papers":16,"topic_id":273,"community_id":6}},{"type":"Feature","geometry":{"type":"Point","coordinates":[-2.635561607455425,-11.305890411374184]},"properties":{"color":"#2F4F4F","ordinal":"2nd","radius_px":9.0,"authors":"Muhammad Waqas, Markus M\u00f6hlenbruch, St\u00e9phanie Elens, Srikanth Boddu, Andrew F. Ducruet","n_members":71,"n_papers":15,"topic_id":273,"community_id":1}},{"type":"Feature","geometry":{"type":"Point","coordinates":[-2.555457110235307,-11.281530642162352]},"properties":{"color":"#556B2F","ordinal":"3rd","radius_px":9.0,"authors":"Jan-Karl Burkhardt, Kareem El Naamani, Brian T. Jankowitz, Michael T. Lawton, Justin R. Mascitelli","n_members":63,"n_papers":11,"topic_id":273,"community_id":0}},{"type":"Feature","geometry":{"type":"Point","coordinates":[-2.5675276132172566,-11.267912010837156]},"properties":{"color":"#483D8B","ordinal":"4th","radius_px":9.0,"authors":"Christian Ulfert, Christoph J Griessenauer, Clemens M Schirmer, Carmen Parra-Fari\u00f1as, Oded Goren","n_members":61,"n_papers":10,"topic_id":273,"community_id":3}},{"type":"Feature","geometry":{"type":"Point","coordinates":[-2.502274251205981,-11.252098042163505]},"properties":{"color":"#708090","ordinal":"5th","radius_px":9.0,"authors":"Stavropoula Tjoumakaris, Kimon Bekelis, Yin Su, Robert H Rosenwasser, Nabeel Herial","n_members":47,"n_papers":14,"topic_id":273,"community_id":4}},{"type":"Feature","geometry":{"type":"Point","coordinates":[1.6667698857658424,-15.021593808629312]},"properties":{"color":"#191970","ordinal":"1st","radius_px":9.0,"authors":"Olivier Scatton, Riccardo Memeo, Felice Giuliante, Alessandro Ferrero, Luca Aldrighetti","n_members":102,"n_papers":24,"topic_id":274,"community_id":5}},{"type":"Feature","geometry":{"type":"Point","coordinates":[1.67158955656782,-15.007747470904537]},"properties":{"color":"#2F4F4F","ordinal":"2nd","radius_px":9.0,"authors":"Daniel Cherqui, David Fuks, Olivier Soubrane, Ren\u00e9 Adam, Patrick Pessaux","n_members":95,"n_papers":20,"topic_id":274,"community_id":2}},{"type":"Feature","geometry":{"type":"Point","coordinates":[1.629518219490191,-15.04462311205025]},"properties":{"color":"#556B2F","ordinal":"3rd","radius_px":9.0,"authors":"Francesco Ardito, Maria Vellone, Agostino M. De Rose, Eduardo Barroso, Alessandra Cassano","n_members":42,"n_papers":4,"topic_id":274,"community_id":1}},{"type":"Feature","geometry":{"type":"Point","coordinates":[1.6174105680321755,-15.05287557721447]},"properties":{"color":"#483D8B","ordinal":"4th","radius_px":9.0,"authors":"Tullio Piardi, Nicholas Syn, Dimitri Dorcaratto, \u00c1ngela de la Hoz Rodr\u00edguez, Georgina Ferret","n_members":39,"n_papers":12,"topic_id":274,"community_id":3}},{"type":"Feature","geometry":{"type":"Point","coordinates":[1.6947949712826917,-14.975483469094847]},"properties":{"color":"#708090","ordinal":"5th","radius_px":9.0,"authors":"Ching-Wei D. Tzeng, Jean-Nicolas Vauthey, Timothy E. Newhook, Sanjay Gupta, Yi-Ju Chiang","n_members":33,"n_papers":6,"topic_id":274,"community_id":6}},{"type":"Feature","geometry":{"type":"Point","coordinates":[-2.2562453977096486,-12.664987771057216]},"properties":{"color":"#191970","ordinal":"1st","radius_px":9.0,"authors":"Mauro Gargiulo, Gioele Simonte, Fino Gianluigi, Faggioli Gianluca, Pratesi Carlo","n_members":32,"n_papers":3,"topic_id":275,"community_id":1}},{"type":"Feature","geometry":{"type":"Point","coordinates":[-1.9217673985735566,-11.027051611056963]},"properties":{"color":"#2F4F4F","ordinal":"2nd","radius_px":9.0,"authors":"Xinyan Zheng, Jialin Mao, Art Sedrakyan, Shipra Arya, Benjamin Brooke","n_members":28,"n_papers":4,"topic_id":275,"community_id":0}},{"type":"Feature","geometry":{"type":"Point","coordinates":[-2.4166662760504,-12.689259484622083]},"properties":{"color":"#556B2F","ordinal":"3rd","radius_px":9.0,"authors":"Lazar Davidovic, Petar Zlatanovic, Perica Mutavdzic, Igor Koncar, Herman Viitala","n_members":22,"n_papers":3,"topic_id":275,"community_id":5}},{"type":"Feature","geometry":{"type":"Point","coordinates":[-2.3777525594382394,-12.690782296966825]},"properties":{"color":"#483D8B","ordinal":"4th","radius_px":9.0,"authors":"Roberto Chiesa, Germano Melissano, Fabio Verzini, Yamume Tshomba, Ciro Ferrer","n_members":17,"n_papers":7,"topic_id":275,"community_id":4}},{"type":"Feature","geometry":{"type":"Point","coordinates":[-2.3620057331954016,-12.702936590400343]},"properties":{"color":"#708090","ordinal":"5th","radius_px":9.0,"authors":"Marc L. Schermerhorn, Vincent Jongkind, Georgios F. Giannakopoulos, Hence J.M. Verhagen, Noelle N. Saillant","n_members":16,"n_papers":4,"topic_id":275,"community_id":3}},{"type":"Feature","geometry":{"type":"Point","coordinates":[10.773824734894353,1.2796170288201787]},"properties":{"color":"#191970","ordinal":"1st","radius_px":9.0,"authors":"Julius R. Weinberg, J. D. North, Alan Hart","n_members":3,"n_papers":2,"topic_id":276,"community_id":0}},{"type":"Feature","geometry":{"type":"Point","coordinates":[-3.4556285256188413,12.247352364235077]},"properties":{"color":"#191970","ordinal":"1st","radius_px":9.0,"authors":"Abdullah Al Mamun, Qing Yang, Yingxiu Hong, Mohammad Masukujjaman","n_members":4,"n_papers":3,"topic_id":277,"community_id":0}},{"type":"Feature","geometry":{"type":"Point","coordinates":[-3.5295630737255137,12.30334612461994]},"properties":{"color":"#2F4F4F","ordinal":"2nd","radius_px":9.0,"authors":"Sayed Samer Ali Al Shami, Mengling Wu, Jingzu Gao, Muhammad Khalilur Rahman","n_members":4,"n_papers":1,"topic_id":277,"community_id":1}},{"type":"Feature","geometry":{"type":"Point","coordinates":[-3.417426546290683,12.209148596276593]},"properties":{"color":"#556B2F","ordinal":"3rd","radius_px":9.0,"authors":"Norzalita Abd Aziz, Marvello Yang, Jin Yang, Mohammad Nurul Hassan Reza","n_members":4,"n_papers":1,"topic_id":277,"community_id":2}},{"type":"Feature","geometry":{"type":"Point","coordinates":[-7.247735468769436,-4.231145722797024]},"properties":{"color":"#191970","ordinal":"1st","radius_px":9.0,"authors":"Shai Arogeti, None Danwei Wang, None Chang Boon Low, None Ming Luo, None Jing Bing Zhang","n_members":5,"n_papers":3,"topic_id":278,"community_id":1}},{"type":"Feature","geometry":{"type":"Point","coordinates":[-7.256001967802396,-4.232115435609252]},"properties":{"color":"#2F4F4F","ordinal":"2nd","radius_px":9.0,"authors":"Danwei Wang, Jing Bing Zhang, Chang Boon Low, Guoyi Chi","n_members":4,"n_papers":2,"topic_id":278,"community_id":0}},{"type":"Feature","geometry":{"type":"Point","coordinates":[-1.9547304796679983,6.557545928052163]},"properties":{"color":"#191970","ordinal":"1st","radius_px":9.0,"authors":"Onur Oktaysoy, Ethem Topcuoglu, Erdogan Kaygin, Engin Karafakioglu, Murat Sagbas","n_members":7,"n_papers":4,"topic_id":279,"community_id":2}},{"type":"Feature","geometry":{"type":"Point","coordinates":[-2.0441441098159494,6.463631828822489]},"properties":{"color":"#2F4F4F","ordinal":"2nd","radius_px":9.0,"authors":"Burcu Turan-Torun, Mehmet Selman Kobanoglu, Selen Uygungil-Erdogan, Vurgun Topcuoglu, Muhammed Akif Yenikaya","n_members":5,"n_papers":1,"topic_id":279,"community_id":0}},{"type":"Feature","geometry":{"type":"Point","coordinates":[-7.3154151766155096,-3.8614987110230063]},"properties":{"color":"#191970","ordinal":"1st","radius_px":9.0,"authors":"Simone Linz, Charles Semple, Mike Steel, Janosch D\u00f6cker, Mihaela Baroni","n_members":9,"n_papers":8,"topic_id":280,"community_id":0}},{"type":"Feature","geometry":{"type":"Point","coordinates":[-7.307159271777576,-3.9118655779797065]},"properties":{"color":"#2F4F4F","ordinal":"2nd","radius_px":9.0,"authors":"Vincent Moulton, Taoyang Wu, Katharina T. Huber, Eveline de Swart, Andreas Spillner","n_members":9,"n_papers":9,"topic_id":280,"community_id":1}},{"type":"Feature","geometry":{"type":"Point","coordinates":[-7.347508020261409,-3.840154572545908]},"properties":{"color":"#556B2F","ordinal":"3rd","radius_px":9.0,"authors":"Leo van Iersel, Steven Kelk, Nela Leki\u0107, Celine Scornavacca, Leen Stougie","n_members":8,"n_papers":7,"topic_id":280,"community_id":2}},{"type":"Feature","geometry":{"type":"Point","coordinates":[3.0408149666954816,4.86970766980686]},"properties":{"color":"#191970","ordinal":"1st","radius_px":9.0,"authors":"Johan Akerman, Amartya Kumar Sen, Rendigs Fels","n_members":3,"n_papers":4,"topic_id":281,"community_id":0}},{"type":"Feature","geometry":{"type":"Point","coordinates":[1.8989905131221012,4.213241814709202]},"properties":{"color":"#191970","ordinal":"1st","radius_px":9.0,"authors":"Wilder Foote, Andrew W. Cordier, Warren F. Kuehl, Max Harrelson, Leland M. Goodrich","n_members":5,"n_papers":6,"topic_id":282,"community_id":0}},{"type":"Feature","geometry":{"type":"Point","coordinates":[1.897413766693591,-2.180414596073998]},"properties":{"color":"#191970","ordinal":"1st","radius_px":9.0,"authors":"Matt Dickson, Neil M. Davies, George Davey Smith, Frank Windmeijer, Gerard J. van den Berg","n_members":8,"n_papers":4,"topic_id":283,"community_id":0}},{"type":"Feature","geometry":{"type":"Point","coordinates":[1.2203676558562775,-8.403023187796968]},"properties":{"color":"#2F4F4F","ordinal":"2nd","radius_px":9.0,"authors":"Laura D. Howe, Frances Rice, Kaitlin H. Wade, Amanda Hughes, Alisha Davies","n_members":5,"n_papers":1,"topic_id":283,"community_id":1}},{"type":"Feature","geometry":{"type":"Point","coordinates":[-1.6461711098689602,-11.367717032848947]},"properties":{"color":"#191970","ordinal":"1st","radius_px":9.0,"authors":"I Santos, B M Biccard, E M Harrison, M E Ossola Revilla, Szy Ooi","n_members":69,"n_papers":1,"topic_id":284,"community_id":11}},{"type":"Feature","geometry":{"type":"Point","coordinates":[0.2309909169646507,-8.60924405079271]},"properties":{"color":"#191970","ordinal":"1st","radius_px":9.0,"authors":"Masatomo Mori, Toshiki Inokuchi, Toshiie Sakata, Narisato Kanamura, Toshikazu Yamanouchi","n_members":49,"n_papers":1,"topic_id":285,"community_id":1}},{"type":"Feature","geometry":{"type":"Point","coordinates":[0.2934306258814233,-8.805889329976377]},"properties":{"color":"#2F4F4F","ordinal":"2nd","radius_px":9.0,"authors":"Yuichi Izumi, Norio Aoyama, Keitetsu Kure, Masato Minabe","n_members":4,"n_papers":2,"topic_id":285,"community_id":0}},{"type":"Feature","geometry":{"type":"Point","coordinates":[-1.0268482273577297,-9.948377145262707]},"properties":{"color":"#191970","ordinal":"1st","radius_px":9.0,"authors":"Dana Bliuc, Jacqueline R Center, Dunia Alarkawi, Thach Tran, Jonathan D Adachi","n_members":26,"n_papers":4,"topic_id":286,"community_id":2}},{"type":"Feature","geometry":{"type":"Point","coordinates":[-1.0067591570238124,-9.951027936686407]},"properties":{"color":"#2F4F4F","ordinal":"2nd","radius_px":9.0,"authors":"Bo Abrahamsen, Andrew Judge, Cyrus Cooper, Daniel Prieto-Alhambra, Nigel K Arden","n_members":24,"n_papers":9,"topic_id":286,"community_id":1}},{"type":"Feature","geometry":{"type":"Point","coordinates":[-1.002656314222927,-9.94020542987849]},"properties":{"color":"#556B2F","ordinal":"3rd","radius_px":9.0,"authors":"Daniel Prieto\u2010Alhambra, Nigel K. Arden, Frank de Vries, Peter Vestergaard, M. Kassim Javaid","n_members":16,"n_papers":4,"topic_id":286,"community_id":0}},{"type":"Feature","geometry":{"type":"Point","coordinates":[-0.9616416449089048,-9.9275877711202]},"properties":{"color":"#483D8B","ordinal":"4th","radius_px":9.0,"authors":"Morten Andersen, Anup Choudhury, Katrine Hass Rubin, Erik F. Eriksen, Olesya Zorina","n_members":7,"n_papers":1,"topic_id":286,"community_id":4}},{"type":"Feature","geometry":{"type":"Point","coordinates":[-0.9911760592495564,-9.968292759730792]},"properties":{"color":"#708090","ordinal":"5th","radius_px":9.0,"authors":"Martin T Ernst, Anne Pernille Hermann, Peter R Ebeling, Mads Nybo, Alexander J Rodr\u00edguez","n_members":5,"n_papers":1,"topic_id":286,"community_id":3}},{"type":"Feature","geometry":{"type":"Point","coordinates":[1.1441018344961449,-11.396844877757118]},"properties":{"color":"#191970","ordinal":"1st","radius_px":9.0,"authors":"Zhiyi Lan, Giovanni Battista Migliori, Faiz Ahmad Khan, Dick Menzies, Adithya Cattamanchi","n_members":34,"n_papers":3,"topic_id":287,"community_id":1}},{"type":"Feature","geometry":{"type":"Point","coordinates":[1.1523487961824324,-11.387745427338624]},"properties":{"color":"#2F4F4F","ordinal":"2nd","radius_px":9.0,"authors":"Norbert Ndjeka, Christoph Lange, Ernesto Jaramillo, Mavluda Makhmudova, Didi Bang","n_members":34,"n_papers":5,"topic_id":287,"community_id":3}},{"type":"Feature","geometry":{"type":"Point","coordinates":[1.1539145356550722,-11.374339643022585]},"properties":{"color":"#556B2F","ordinal":"3rd","radius_px":9.0,"authors":"Raquel Duarte, Marta Moniz, Celene Neves, Maria Mendes, Filipe Alves","n_members":34,"n_papers":2,"topic_id":287,"community_id":5}},{"type":"Feature","geometry":{"type":"Point","coordinates":[1.1385254354780379,-11.409173906615086]},"properties":{"color":"#483D8B","ordinal":"4th","radius_px":9.0,"authors":"Fuad Mirzayev, Tasnim Hasan, Kogieleum Naidoo, Medea Gegia, Timothy E Schlub","n_members":9,"n_papers":1,"topic_id":287,"community_id":4}},{"type":"Feature","geometry":{"type":"Point","coordinates":[1.1421508515680225,-11.39170105210474]},"properties":{"color":"#708090","ordinal":"5th","radius_px":9.0,"authors":"Ana Donica, Victor Botnaru, Sofia Alexandru, Elena Chesov, Valeriu Crudu","n_members":8,"n_papers":1,"topic_id":287,"community_id":0}},{"type":"Feature","geometry":{"type":"Point","coordinates":[-4.627965086388106,11.79913949008475]},"properties":{"color":"#191970","ordinal":"1st","radius_px":9.0,"authors":"Bartolom\u00e9 Marco-Lajara, Eduardo S\u00e1nchez-Garc\u00eda, Javier Mart\u00ednez-Falc\u00f3, Luis A. Mill\u00e1n-Tudela, Patrocinio Zaragoza-S\u00e1ez","n_members":6,"n_papers":10,"topic_id":288,"community_id":2}},{"type":"Feature","geometry":{"type":"Point","coordinates":[-0.20917587244403293,-6.865727615346059]},"properties":{"color":"#191970","ordinal":"1st","radius_px":9.0,"authors":"Cristiana Andrade Coelho Dias, Juliana Machado Rugolo, Paula Fonseca Porto, Fernando Anschau, Danyelle Romana Alves Rios","n_members":46,"n_papers":1,"topic_id":289,"community_id":0}},{"type":"Feature","geometry":{"type":"Point","coordinates":[0.5184774697488105,-13.624914298820604]},"properties":{"color":"#191970","ordinal":"1st","radius_px":9.0,"authors":"Andreu Sim\u00f3-Servat, Jos\u00e9 Gregorio Oliva, Magdalena Arteaga, Olga Casta\u00f1er, Anna Gils","n_members":41,"n_papers":1,"topic_id":290,"community_id":0}},{"type":"Feature","geometry":{"type":"Point","coordinates":[0.526581341008778,-13.722600069066397]},"properties":{"color":"#2F4F4F","ordinal":"2nd","radius_px":9.0,"authors":"Romina Olbeyra, Ana de Hollanda, Ferran Torres, Alba Andreu, Josep Vidal","n_members":11,"n_papers":2,"topic_id":290,"community_id":1}},{"type":"Feature","geometry":{"type":"Point","coordinates":[-5.170354025317837,-4.027182840487336]},"properties":{"color":"#191970","ordinal":"1st","radius_px":9.0,"authors":"Han, Bo, Tang, Zhenheng, Cheung, Yiu-ming, Zhou, Amelie Chi, Zhang, Yonggang","n_members":7,"n_papers":2,"topic_id":291,"community_id":1}},{"type":"Feature","geometry":{"type":"Point","coordinates":[-5.3252075853790775,-4.197101621049106]},"properties":{"color":"#2F4F4F","ordinal":"2nd","radius_px":9.0,"authors":"Gong, Mingming, Hengel, Anton van den, Zhang, Zhen, Shi, Javen Qinfeng, Gong, Dong","n_members":7,"n_papers":2,"topic_id":291,"community_id":2}},{"type":"Feature","geometry":{"type":"Point","coordinates":[-5.144130778477057,-3.9133262010237777]},"properties":{"color":"#556B2F","ordinal":"3rd","radius_px":9.0,"authors":"Zhang, Kun, Zhou, Guanglin, Yao, Lina, Xu, Xiwei, Zhu, Liming","n_members":6,"n_papers":2,"topic_id":291,"community_id":3}},{"type":"Feature","geometry":{"type":"Point","coordinates":[-5.245252507584907,-4.20365034703146]},"properties":{"color":"#483D8B","ordinal":"4th","radius_px":9.0,"authors":"Shen, Li, Liu, Tongliang, Gong, Chen, Huang, Zhuo, Xia, Xiaobo","n_members":5,"n_papers":1,"topic_id":291,"community_id":0}},{"type":"Feature","geometry":{"type":"Point","coordinates":[-6.020683467952765,-3.986007882378443]},"properties":{"color":"#191970","ordinal":"1st","radius_px":9.0,"authors":"Zhifeng Hao, Xuexin Chen, Jie Qiao, Yuxuan Zhu, Yuan Fang","n_members":7,"n_papers":2,"topic_id":292,"community_id":2}},{"type":"Feature","geometry":{"type":"Point","coordinates":[-6.394152782739909,-3.9713393250501103]},"properties":{"color":"#2F4F4F","ordinal":"2nd","radius_px":9.0,"authors":"Yaochu Jin, Ran Cheng, Kuangrong Hao, Haoyu Zhang","n_members":4,"n_papers":3,"topic_id":292,"community_id":0}},{"type":"Feature","geometry":{"type":"Point","coordinates":[-6.410053156017146,-3.9739163285933903]},"properties":{"color":"#556B2F","ordinal":"3rd","radius_px":9.0,"authors":"Zilong Wang, Xueming Yan, Han Huang","n_members":3,"n_papers":1,"topic_id":292,"community_id":1}},{"type":"Feature","geometry":{"type":"Point","coordinates":[-0.8135389260571965,-13.543178295566518]},"properties":{"color":"#191970","ordinal":"1st","radius_px":9.0,"authors":"Nariman Gadzhiev, Vigen Malkhasyan, Wissam Kamal, Kazumi Taguchi, Thomas R. W. Herrmann","n_members":25,"n_papers":6,"topic_id":294,"community_id":0}},{"type":"Feature","geometry":{"type":"Point","coordinates":[-0.8198211461205259,-13.540476913421898]},"properties":{"color":"#2F4F4F","ordinal":"2nd","radius_px":9.0,"authors":"Yiloren Tanidir, Abhay Mahajan, Ee Jean Lim, Dmitry Gorelov, Vaddi Chandra Mohan","n_members":23,"n_papers":5,"topic_id":294,"community_id":1}},{"type":"Feature","geometry":{"type":"Point","coordinates":[-0.7989780993094524,-13.554692809690039]},"properties":{"color":"#556B2F","ordinal":"3rd","radius_px":9.0,"authors":"Vineet Gauhar, Khi Yung Fong, Daniele Castellani, Olivier Traxer, Bhaskar Kumar Somani","n_members":22,"n_papers":8,"topic_id":294,"community_id":2}},{"type":"Feature","geometry":{"type":"Point","coordinates":[-0.8420042898088856,-13.53741794279842]},"properties":{"color":"#483D8B","ordinal":"4th","radius_px":9.0,"authors":"Teruaki Sugino, Tatsuya Hattori, Tomoki Okada, Kengo Kawase, Masahiko Isogai","n_members":11,"n_papers":1,"topic_id":294,"community_id":3}},{"type":"Feature","geometry":{"type":"Point","coordinates":[-1.0466855135760977,5.95836577478472]},"properties":{"color":"#191970","ordinal":"1st","radius_px":9.0,"authors":"Eun Woo Nam, Myo Nyein Aung, Yuka Koyanagi, Hocheol Lee, Hae Kweun Nam","n_members":13,"n_papers":3,"topic_id":295,"community_id":0}},{"type":"Feature","geometry":{"type":"Point","coordinates":[0.4736048624020286,0.47880733030073525]},"properties":{"color":"#2F4F4F","ordinal":"2nd","radius_px":9.0,"authors":"Yuiko Nagamine, Atsushi Nakagomi, Naoki Kondo, Kazushige Ide, Takeo Fujiwara","n_members":8,"n_papers":2,"topic_id":295,"community_id":1}},{"type":"Feature","geometry":{"type":"Point","coordinates":[-1.0249619102953496,5.993281214676767]},"properties":{"color":"#556B2F","ordinal":"3rd","radius_px":9.0,"authors":"Myat Yadana Kyaw, Yoshihisa Shirayama, Saiyud Moolphate, Kumiko Nonaka, Nadila Mulati","n_members":8,"n_papers":1,"topic_id":295,"community_id":2}},{"type":"Feature","geometry":{"type":"Point","coordinates":[4.604375062071688,-2.62574584917732]},"properties":{"color":"#191970","ordinal":"1st","radius_px":9.0,"authors":"Pedro H. C. Sant'Anna, Dalia Ghanem, Kaspar Wuthrich, Michelle Marcus","n_members":4,"n_papers":4,"topic_id":296,"community_id":2}},{"type":"Feature","geometry":{"type":"Point","coordinates":[4.578364937413956,-2.63888911759584]},"properties":{"color":"#2F4F4F","ordinal":"2nd","radius_px":9.0,"authors":"Andrew Goodman-Bacon, Brantly Callaway, Pedro H. Sant'Anna","n_members":3,"n_papers":3,"topic_id":296,"community_id":1}},{"type":"Feature","geometry":{"type":"Point","coordinates":[-3.1906666073289363,3.1110919335725606]},"properties":{"color":"#191970","ordinal":"1st","radius_px":9.0,"authors":"Paula Benevene, Luciano Romano, Loredana Addimando, Ilaria Buonomo, Simona De Stasio","n_members":5,"n_papers":1,"topic_id":297,"community_id":0}},{"type":"Feature","geometry":{"type":"Point","coordinates":[-3.0466214651720964,3.0380759159333173]},"properties":{"color":"#2F4F4F","ordinal":"2nd","radius_px":9.0,"authors":"Elisabetta Conte, Eleonora Farina, Veronica Ornaghi, Valeria Cavioni","n_members":4,"n_papers":1,"topic_id":297,"community_id":1}},{"type":"Feature","geometry":{"type":"Point","coordinates":[-3.127215221580678,3.0803343712607543]},"properties":{"color":"#556B2F","ordinal":"3rd","radius_px":9.0,"authors":"Alessandro Pepe, Caterina Fiorilli, Piera Gabola, Ottavia Albanese","n_members":4,"n_papers":3,"topic_id":297,"community_id":2}},{"type":"Feature","geometry":{"type":"Point","coordinates":[2.4954230550302663,7.16444470912409]},"properties":{"color":"#191970","ordinal":"1st","radius_px":9.0,"authors":"Thomas J. Chemmanur, Karthik Krishnan, Debarshi K. Nandy, Tyler J. Hull, Tyler Hull","n_members":5,"n_papers":6,"topic_id":298,"community_id":1}},{"type":"Feature","geometry":{"type":"Point","coordinates":[2.4941146031511097,7.145410242749556]},"properties":{"color":"#2F4F4F","ordinal":"2nd","radius_px":9.0,"authors":"Xuan Tian, Qianqian Yu, Harshit Rajaiya, Onur Bayar, Bibo Liu","n_members":5,"n_papers":5,"topic_id":298,"community_id":2}},{"type":"Feature","geometry":{"type":"Point","coordinates":[2.931379683818323,7.039378173040739]},"properties":{"color":"#191970","ordinal":"1st","radius_px":9.0,"authors":"Marta Wosinska, Steven Berry, Carl Shapiro, George Hay, Bruce Kobayashi","n_members":26,"n_papers":1,"topic_id":299,"community_id":0}},{"type":"Feature","geometry":{"type":"Point","coordinates":[-5.84305555308595,-4.648116866164173]},"properties":{"color":"#191970","ordinal":"1st","radius_px":9.0,"authors":"Huanming Yang, Yun Cheng, Huixing Xu, Qiang Chen, An Zhou","n_members":11,"n_papers":1,"topic_id":300,"community_id":3}},{"type":"Feature","geometry":{"type":"Point","coordinates":[-5.843982613944178,-4.634856098491731]},"properties":{"color":"#2F4F4F","ordinal":"2nd","radius_px":9.0,"authors":"Jia Ye, Shengting Li, Lars Bolund, Yong Zhang, Lin Fang","n_members":10,"n_papers":2,"topic_id":300,"community_id":1}},{"type":"Feature","geometry":{"type":"Point","coordinates":[-5.771106797405339,-4.737856852553697]},"properties":{"color":"#556B2F","ordinal":"3rd","radius_px":9.0,"authors":"Jian Wang, Yin Zhang, Hongfei Lin, Yingwen Zhao, Zhihao Yang","n_members":8,"n_papers":2,"topic_id":300,"community_id":0}},{"type":"Feature","geometry":{"type":"Point","coordinates":[-5.896938179334771,-4.577245416289429]},"properties":{"color":"#483D8B","ordinal":"4th","radius_px":9.0,"authors":"Jun Wang, Guoxian Yu, Maozu Guo, Xiangliang Zhang, Guangjie Zhou","n_members":7,"n_papers":4,"topic_id":300,"community_id":2}}]}